simulation_id	longitude	latitude	inclination	distance	mass1	mass2	spin1z	spin2z
0	5.581021	-0.50267165	2.2354978	3382.9251	35.061935	34.344126	-0.33036603	-0.0076632668
1	0.43188698	-0.55696732	0.50728767	1893.3092	44.357721	34.219035	0.017457798	-0.015936512
2	1.4714451	-0.6398126	1.6305539	799.74446	22.164957	19.514237	0.19391438	0.076688886
3	1.2704703	-0.82123797	2.2630268	2478.8717	34.918872	33.379747	-0.16654515	0.15854392
4	3.1388802	-0.82096818	2.3758656	4838.6152	57.761789	43.922174	0.20111176	0.11670935
5	0.69378189	-1.3281683	2.1264561	2166.268	57.713852	52.974511	0.21372471	-0.0021588684
6	5.2884446	-0.3925152	2.7789984	1787.9602	15.810547	8.4432264	0.0094359428	0.5181772
7	5.3848129	-1.4872694	0.39693982	4879.244	109.88714	83.251946	0.18290144	-0.45177332
8	4.7482638	0.95330657	2.5572821	7095.956	73.228657	64.930067	0.87843616	0.74541401
9	0.48716586	-0.62965263	2.3569845	2003.9239	55.670783	52.411881	0.11177986	-0.051377988
10	3.6021614	0.70746652	2.6355427	1660.5091	11.483104	9.7269489	-0.18574953	0.30195316
11	0.74010806	0.84076389	2.9093968	6465.8391	106.15106	24.224336	0.57018332	0.0044322367
12	6.2678865	-0.47567179	2.7804448	8566.3613	71.279573	69.493123	0.0046516507	0.20277002
13	3.3870832	0.83179312	0.58871141	1233.9733	8.65099	7.9962496	0.058716063	0.45526297
14	3.70423	0.69447503	0.19379682	1773.699	16.848932	13.349607	-0.29508184	-0.2363848
15	3.5817722	0.52802104	0.6735585	3119.9286	48.939003	40.753216	-0.11274936	0.6350153
16	3.7971859	0.87535684	0.38678959	274.64673	27.827528	26.384573	0.12137735	0.21521371
17	0.66888419	0.72449942	0.41072353	1612.3675	21.764365	10.693866	0.18457266	-0.26367764
18	3.9378139	1.1195633	0.44109271	4819.9842	49.04258	25.416388	0.20418301	0.029354132
19	6.1280585	-0.5691877	0.23365737	4958.4529	47.282398	39.637336	0.56930864	-0.25754521
20	2.5551373	0.15590735	1.3743943	835.21633	11.808455	8.5607819	-0.099403981	0.058781813
21	3.9262421	0.79371775	0.6043866	2713.2527	32.177634	27.117263	0.59195843	0.013217561
22	1.277467	0.27687017	0.54791956	1180.1732	61.281998	31.458903	-0.11816985	0.17747219
23	2.9328673	0.2391873	0.1338611	3626.203	25.016894	20.862205	-0.091218858	0.26692396
24	2.7429147	-0.83090338	0.42219035	2063.373	16.140819	15.094796	0.3045711	0.72513399
25	5.0093436	0.57978635	0.44123057	8386.1778	69.42085	57.164322	-0.29712012	0.56761551
26	4.5625499	-0.0033924737	0.32873468	830.4267	14.235791	8.0186975	-0.54273882	-0.070995494
27	3.2600868	-0.72179625	2.48729	3847.2239	65.159055	34.973401	-0.22456644	-0.10144758
28	5.4614414	0.20350803	0.72901468	1598.1535	13.226916	11.134608	0.18660306	0.18972716
29	5.6884721	0.11746066	2.4076972	765.09446	8.3713815	2.4992445	0.8120648	0.24682594
30	4.5274938	-0.31407747	0.49975332	3404.2253	25.945015	17.214586	0.5195389	-0.41375223
31	1.2978968	1.0184008	0.20365918	4779.6627	65.664903	47.565687	0.41261861	-0.23449571
32	0.42200473	-0.33899638	2.3250295	1830.4312	51.602507	33.00962	0.0036951536	-0.52403846
33	0.96535827	1.405876	2.6485628	282.75074	54.656083	27.537912	-0.28492255	-0.45784577
34	5.5939389	-0.089808104	2.6479857	4715.8915	60.518584	58.138925	-0.45957112	-0.011710437
35	0.86125001	-0.38782735	0.29863599	8233.7018	58.996157	52.266244	0.48190506	0.6253388
36	1.2286402	0.6087806	2.4715962	8136.0585	84.106108	70.7904	0.13647646	-0.072114558
37	2.1300433	0.37971655	0.79373039	3442.8219	63.48075	41.478534	0.34214743	0.44091722
38	3.3950243	-0.33706707	2.3010108	607.30023	24.120331	9.3022218	-0.055400156	-0.13695746
39	2.4084685	0.086911397	0.26154381	296.42256	2.3524033	2.0449923	-0.1767555	-0.014443236
40	0.59251636	-1.2848864	0.045897956	2402.067	49.442873	30.355771	0.11143467	-0.16200968
41	0.096313154	-0.5208058	0.67685908	951.00884	59.315386	22.314127	-0.1286439	0.21585703
42	0.78005649	1.0052041	0.67907597	2400.1518	20.759953	14.16913	-0.071414806	-0.15877075
43	5.6154169	0.78766168	2.1815289	1215.5154	33.904692	24.719144	0.4471407	-0.64166835
44	4.673247	-0.95413214	1.1088945	3456.1898	76.835805	74.344277	-0.42752931	-0.014080083
45	5.575625	0.60180714	2.2818349	2111.7266	31.000784	22.578454	-0.38193878	0.65242274
46	3.6029505	-0.86447741	2.8300176	2210.1806	30.218223	9.8939743	-0.49678261	0.22408776
47	2.434501	-0.44445802	2.6385445	512.32819	1.8709302	1.5844556	0.12146003	0.17324942
48	5.6443706	0.07308826	0.51130883	1249.7515	10.328624	8.2571457	-0.028035922	0.025238544
49	3.1721989	0.60380936	0.90032262	8158.2294	102.35357	83.168294	0.47863704	0.72936233
50	2.2987218	-0.66782778	2.2454705	949.65596	34.385768	34.362286	0.88812108	-0.44051804
51	2.2201664	1.1211415	2.648567	3076.9031	39.173496	24.311655	-0.052852327	-0.72572477
52	6.0671339	-0.020319271	2.4977238	2599.633	39.011714	36.859079	0.52869186	0.19517315
53	4.8075375	0.10269399	2.1479062	2809.0517	70.281527	55.954282	-0.091164175	-0.62797795
54	0.69866177	0.81989794	0.42700355	8888.6516	101.12748	75.368002	-0.24413285	-0.13382399
55	3.3135728	0.72209747	2.3516611	1575.4931	64.594646	45.002348	0.033739067	0.013942362
56	0.47528232	0.1038875	1.0705414	2332.2307	33.920719	28.619853	-0.15746066	0.33691871
57	0.5808899	0.24411899	0.28610987	2828.3105	32.748713	24.235857	0.08471564	-0.59270069
58	2.8306436	0.19983041	2.6879702	1512.4036	12.165606	7.6941116	0.58846968	-0.30595209
59	4.2690116	-0.061137693	2.7058954	619.94259	15.019245	11.101648	-0.031912117	0.043697528
60	0.3098509	-0.23884249	0.89613979	3677.2437	32.78678	30.232149	0.74606273	0.73723896
61	4.9260559	0.77806619	2.7293805	548.67382	2.0140382	1.9691527	-0.21953715	-0.19908697
62	6.2328929	-0.54661009	0.80578592	1823.5983	18.73258	13.520598	0.084129109	-0.22484889
63	1.786631	0.68409147	0.40715415	1290.6884	23.642918	15.240697	0.019960181	-0.48201276
64	2.7374781	0.4540038	0.18661365	4123.1289	59.977856	55.132005	0.65127386	0.21846746
65	4.8641515	-1.1185281	0.66906745	1363.4939	19.04859	18.381733	-0.019082739	-0.32091201
66	2.3531795	0.055067242	0.14395914	781.54354	15.973571	12.972728	-0.56550846	-0.06962157
67	0.53974502	-0.66747287	2.862028	10047.697	110.19591	92.036917	0.03514922	0.33753049
68	4.2703887	0.87247801	2.2879091	1811.3843	53.044696	45.369893	0.39799573	0.053843137
69	6.0119545	-1.1535771	0.14941762	1084.247	12.924602	10.847568	-0.032201884	0.010313518
70	1.7542944	-0.024825885	0.4115078	1418.1462	34.535124	30.44023	-0.028314501	0.0035019012
71	3.6437136	0.6769452	1.0434226	2021.8679	24.581198	22.128713	-0.28425542	-0.11346198
72	5.3373964	0.1944663	2.1127356	134.58108	23.469884	10.609334	-0.27160191	0.040655525
73	5.6967739	0.28608051	0.4561375	1434.7095	25.610907	23.177556	-0.060831551	-0.014100836
74	5.7311327	0.79517612	0.80954091	531.66651	14.541604	7.612999	-0.39534732	-0.023047449
75	4.0083094	0.15306749	2.7603945	1656.4433	41.060983	40.709776	0.10156942	0.29454792
76	2.8737428	-1.2118011	2.2694631	3264.7566	44.56165	41.998065	0.10109862	0.51615128
77	3.7962892	0.10225033	1.3161152	2128.5876	36.742138	36.630046	0.034468337	0.42512534
78	4.1117304	1.1776959	2.6930017	536.29031	36.974927	20.106669	-0.28945962	0.099611423
79	4.7244838	0.055420077	2.6755138	693.05243	15.938372	13.473596	0.051695402	-0.01232002
80	2.9483481	1.4552104	2.2614681	3386.1223	106.96355	76.861123	-0.46413954	0.25768524
81	0.25017427	-1.1781865	0.49065742	8105.4286	168.86968	123.34858	0.80011429	0.54222469
82	1.2531091	-1.023311	0.26151526	1577.5584	21.395342	21.248009	0.56689461	-0.0044418417
83	0.20542458	-0.40706028	1.3856587	2038.1275	54.457301	46.578114	0.39799573	0.053843137
84	0.76268374	-0.33575691	2.9391875	1393.7426	42.657852	22.893285	-0.044498388	-0.11824334
85	4.6484458	0.3994863	0.98852277	202.2241	2.162526	1.6608185	-0.067177778	0.012920302
86	5.9660831	0.16259357	1.6375718	1210.0934	73.554022	31.888784	0.40978233	-0.25448997
87	6.0466993	-0.36310503	0.52853029	1779.8409	31.743647	13.89043	0.34983225	-0.02287797
88	0.23735807	0.19262581	2.5409593	2105.5209	59.914628	44.809566	-0.3566388	-0.17514611
89	1.9759382	-0.777022	2.2119842	2342.7144	59.125826	56.780537	-0.5459296	0.42065762
90	5.8116986	-0.3930687	1.7143043	1598.0395	58.128008	36.111221	0.15586747	-0.23032347
91	4.7567193	-0.31079822	2.1460224	3603.5473	27.173969	18.633004	0.68772911	-0.28689629
92	6.0074179	-0.50950451	2.1691076	1143.6962	25.786379	22.30664	0.27913156	0.015976899
93	5.2001806	-0.47649348	2.7998761	1617.6442	34.456655	23.389802	0.0058042685	-0.05512716
94	2.7179866	0.65510702	1.5491001	1848.7602	39.100204	37.107917	-0.056152858	-0.17977916
95	2.6483073	0.39565188	2.2400546	2432.5583	37.660566	30.561212	0.35448334	0.10348748
96	4.0693219	-0.42063099	0.17628302	3922.7351	30.107444	21.303992	0.43458102	-0.37163067
97	6.1952852	-0.8333517	2.4796361	5900.0803	95.916541	70.788049	0.075486679	0.088183844
98	4.6493372	0.7899432	2.4348507	1767.4409	40.545074	26.935835	0.11145805	-0.096993415
99	0.74084987	-0.15450337	2.4096784	248.38971	1.5296106	1.4760985	0.30110241	-0.067942275
100	6.0422185	-0.82245846	2.5673898	322.97238	2.0920431	1.6067648	0.045075312	0.1718562
101	5.2381171	0.56657504	0.26728783	2327.8103	63.22618	39.27839	0.15586747	-0.23032347
102	1.0712808	0.83611497	0.78158972	8066.2829	95.571963	62.720386	0.096532315	-0.4977249
103	1.1071729	-0.080261682	0.2987326	2432.0538	39.799103	36.094471	-0.32624093	-0.10019709
104	3.2408187	-1.1844669	1.9763393	2448.58	38.763398	36.775549	-0.38662577	0.099009884
105	3.5901715	-0.92322915	1.7347627	2746.5453	85.389784	79.110585	0.23947435	0.2136021
106	0.18888596	1.0452088	0.81926982	6415.7969	49.95664	40.802637	0.3396907	-0.33553682
107	1.6860173	0.94731929	2.0224333	1794.3301	44.202975	32.447518	0.3114961	0.011969775
108	0.85529671	0.50724751	0.42495027	3162.7084	28.046741	20.823029	0.06810778	-0.010869004
109	2.4926246	0.26404198	2.4520557	6567.9221	101.28656	63.753339	-0.69227129	0.10900691
110	5.3942362	-0.75930781	1.1613845	155.90737	53.318733	24.033275	-0.0025625976	-0.08906942
111	3.6110506	-0.8006896	1.7038935	1379.8088	33.940038	24.571216	-0.093645269	-0.22964309
112	2.4581263	-1.4129542	2.079836	1199.3939	19.668867	17.503519	-0.35154248	-0.073329796
113	4.9739644	-0.84802845	0.60788119	6154.38	88.090794	80.394722	0.024998955	0.035362167
114	1.1609793	0.7364497	1.8481822	1502.5665	39.680111	31.6866	0.0078665007	-0.0065996289
115	1.6370919	0.64306899	0.44657311	3487.0736	87.847455	74.674552	0.014441847	-0.19311301
116	3.0974585	-0.68239946	1.1365684	214.08979	2.6993959	1.6709211	0.37668724	-0.05015348
117	1.9601601	0.32697903	0.48352544	2262.7908	37.372986	22.268995	-0.20675719	0.71858907
118	0.22181978	-1.0038999	1.7644685	353.37214	2.7121627	2.5585066	-0.38185006	0.1592998
119	5.2447958	-1.4037913	2.1538995	4813.7201	75.138748	50.241437	0.87446709	0.50044684
120	6.0829405	0.011300149	2.0807282	1263.3425	27.231172	17.401471	-0.42593362	0.47927245
121	0.94046007	1.096678	2.6453217	6175.242	136.15889	131.73385	0.039912627	0.16886903
122	4.5131757	-0.17379359	2.736673	4203.4253	28.53741	24.887435	0.44185986	-0.13445245
123	0.64996012	-0.53496933	2.6347221	1741.3563	57.761188	23.009022	0.02829736	-0.18813874
124	4.929657	0.24456071	2.2613033	2305.3971	37.973327	28.824168	0.075038848	-0.10029198
125	3.5595286	0.0028791448	0.19954888	1306.4075	17.664333	14.658094	0.0035262969	0.12954984
126	1.943543	-0.84688507	2.5625787	7510.7639	71.34645	58.054358	-0.17938908	0.55600837
127	2.182186	-0.1498199	2.4257661	4938.7428	81.229418	46.543345	-0.24672994	0.3751269
128	2.4400603	1.3253426	0.62853526	330.61691	2.1099369	1.4581967	0.0098702219	0.0047005946
129	6.0919346	-0.51573257	0.94792651	2093.8843	29.944041	17.936555	-0.40484861	0.21148748
130	2.2096953	0.56785151	0.57633234	1157.3841	29.568324	11.348073	-0.11812097	-0.022997857
131	0.85922384	-0.91662939	2.0270559	176.01394	1.8034991	1.4037645	0.09718093	-0.049443146
132	4.2053399	1.2213858	2.4074759	1862.5932	14.108126	13.129438	-0.76273551	0.063264478
133	5.6121893	-0.3984147	0.34777532	3435.0251	31.29349	31.087547	0.10234566	-0.036484411
134	2.8824834	-0.18194166	2.6717784	642.38842	2.9108419	1.398045	-0.01222341	0.041867228
135	1.2494087	-0.65017802	0.67286493	252.98103	1.6987914	1.4178988	-0.05664085	0.3000103
136	0.033814742	-0.65855387	1.4639607	605.91953	12.641669	12.264819	0.44742777	-0.2837375
137	3.830283	0.24040831	2.468018	721.6065	28.647224	26.967862	0.39775046	-0.30744852
138	1.5199025	-0.69543439	2.3349676	5875.8786	117.60749	114.56842	-0.0048496867	-0.0096959168
139	2.3893545	-0.25865662	0.63523167	1133.4312	9.7062532	2.9992763	0.47732075	0.10414571
140	0.78230303	-0.84910351	0.82161027	1079.2002	24.975547	9.1780567	-0.099929778	-0.10706227
141	1.1965535	0.24511982	0.32508596	1128.5088	46.259652	37.659472	-0.68953648	0.25247108
142	2.9709715	-0.39500069	0.68056698	1887.2516	73.854339	56.845647	-0.052885043	0.37723123
143	3.6275192	0.26642932	0.43285263	2990.7953	46.252889	31.814192	0.45013241	-0.037864647
144	5.6133627	-0.52118174	0.52467596	3580.5175	64.808754	39.1412	-0.3081901	-0.050428722
145	3.3895393	-1.0321774	0.48062619	2119.4895	37.673947	30.071449	-0.060182738	0.0098105879
146	2.9124411	-1.124759	2.0826885	266.22379	1.9860359	1.4187446	0.024371051	-0.0064244607
147	2.8767566	-1.2863585	0.52244457	2136.2951	32.222035	20.213843	0.8006192	-0.051750468
148	1.3743873	-0.027304748	2.9574961	6106.2938	92.085126	74.599069	0.048193137	-0.25352483
149	3.5306912	1.038071	2.7873656	6538.3012	77.468551	57.883262	0.1751717	-0.35962078
150	0.88619357	0.59157625	2.4607758	1145.4027	27.272708	23.780931	-0.22339931	-0.36683553
151	1.7695876	-0.21223209	0.98853725	3510.8632	38.689029	35.411156	0.1803378	0.14508344
152	3.049975	0.7904098	2.415586	2426.4108	24.317182	19.305221	-0.098920372	0.04901961
153	5.0299887	-0.97254831	2.7485366	4163.9731	58.314641	45.302012	0.11994857	-0.25113089
154	2.3980793	0.11526319	0.90463043	1224.1034	33.625667	20.461115	-0.67220328	-0.42375154
155	1.9447457	-0.49472089	2.5847512	77.631995	16.753418	2.6403828	-0.023089048	0.62004196
156	4.3207827	0.14766573	1.3797745	2092.7222	84.101447	58.694204	0.047159048	0.032171754
157	0.90326068	0.11035064	2.2825544	1797.5824	46.526415	44.609628	0.19342816	0.0062022494
158	6.0157148	-1.006307	2.9199146	2570.0644	26.038792	25.702475	0.025818224	0.1872266
159	3.2766243	0.17193163	2.2850471	329.61565	2.2138345	1.3745482	-0.10477087	0.15506444
160	2.3468245	-1.2363433	1.9314452	1311.4147	28.107368	21.869058	0.27856361	0.40627837
161	4.310392	1.0578254	2.6784226	1331.7926	14.8917	11.856786	-0.16197791	0.21870028
162	0.21553895	1.1719583	2.5816087	584.86725	2.3113812	1.7016935	-0.24750953	0.28812079
163	3.9782068	0.741913	2.8015969	12255.371	111.32267	78.861468	0.38968181	0.0075464871
164	1.7783921	0.37017604	0.3133356	6699.8279	42.98091	42.427236	-0.12474005	0.52232609
165	4.8161088	-1.2955216	2.4875824	173.67524	2.085473	1.7862676	-0.075195322	-0.37772242
166	2.9558267	-0.25724981	1.0674687	747.36598	25.055175	25.010195	0.12309081	-0.075550236
167	1.1766041	0.33065566	2.8386221	6826.372	71.003582	66.663408	0.11631844	0.22471389
168	3.0853358	0.35548062	2.8557617	9124.1129	73.022424	58.085733	0.012157075	0.06756349
169	2.6636977	-1.1281262	0.36931392	370.80389	1.6524845	1.3496192	-0.14952624	-0.10593118
170	0.79819966	0.41391916	2.7180612	10727.206	75.780824	62.595377	-0.091994383	-0.33610952
171	5.8382931	-0.26658126	2.9833028	954.61613	13.991891	7.9744418	0.37717514	0.063950736
172	0.20320466	-1.1140683	2.5441607	3758.6339	31.633358	17.210755	-0.24733281	0.16974501
173	4.551773	0.57638604	0.83371436	5211.0118	79.273596	73.746864	0.0010013152	0.18489654
174	0.61230462	0.64064238	0.35073974	570.37783	37.81211	23.595024	-0.11351683	0.099293911
175	4.1832452	0.9155196	0.53731551	2104.4483	28.167884	17.65767	0.095037283	-0.10951681
176	1.7550028	0.14338984	2.1171866	2380.5246	59.560965	24.124478	0.027209459	0.37231317
177	0.25007206	-0.98847519	0.57958481	1281.2696	11.076296	10.709825	0.013206399	-0.53148085
178	3.6417791	-1.182572	2.2709336	3825.8238	29.350748	29.260033	-0.18930979	0.81684401
179	5.5235835	-0.29574636	0.93091304	700.87967	41.044076	13.232198	-0.0017132901	-0.66783093
180	5.7377914	-0.052962346	2.3695805	3060.5151	39.857654	37.314738	-0.15756349	0.025383384
181	4.0681731	0.52424106	2.3427968	3003.9321	54.843819	47.465063	-0.22974483	0.33471699
182	1.3251439	-0.49135838	2.5570403	5075.5868	66.025538	47.451025	0.059570249	-0.012402049
183	1.895599	-0.47743272	1.8330318	760.54177	8.7162368	8.4259194	-0.29528081	0.03132789
184	1.5301937	0.08829681	0.33105021	1144.2157	42.405645	33.95713	0.19768121	-0.66192611
185	4.5108389	-0.75892806	2.1415555	3208.926	78.163854	66.913473	-0.36755435	0.23738683
186	3.911793	-0.35988194	0.35990107	765.68047	23.940774	20.476239	0.035701048	-0.76941237
187	4.0165991	0.50657333	0.53762049	409.21088	2.8327512	2.2946444	0.9646218	-0.085915434
188	3.260704	0.38113107	0.22561865	2432.0913	44.994242	31.487455	0.039000294	0.4040793
189	6.2596143	-0.21556517	0.94159663	2373.9178	21.604172	17.909123	0.11171107	-0.92839904
190	2.4470477	0.56277216	2.1166313	1718.939	76.374952	70.618174	0.19401681	-0.17395293
191	2.2636337	0.25536903	0.95495075	2733.818	60.373563	54.675372	0.023702188	0.10866763
192	2.2151029	0.08100421	1.0965514	3191.5937	47.45968	31.656009	0.60061039	0.4421537
193	1.9010527	0.82823316	0.25186015	6773.862	50.065167	39.173837	0.49887092	-0.10718419
194	3.2452168	0.52367073	0.59797669	3114.5693	37.277419	29.267528	0.32107907	0.078246675
195	3.4829313	0.59753761	2.9313987	283.49975	2.3357767	1.5615813	0.045634532	-0.059704558
196	0.76568873	-0.15664344	0.41750037	3934.0771	74.335898	61.835229	-0.0036144426	0.30906727
197	4.8400501	-1.0509101	0.4929673	3879.5592	41.523811	39.448999	-0.042985543	0.64837171
198	1.6437071	-0.81851653	1.3166613	1259.3945	44.215138	21.300418	0.44629608	0.14433061
199	2.5535429	-0.9302375	1.1512561	1754.5237	61.902334	29.041139	-0.42252697	-0.45527376
200	5.739657	-0.3692071	0.72406031	2959.0327	50.810749	32.388659	0.55912885	-0.18421173
201	1.0413884	1.0408266	2.1349163	1801.5695	41.53238	21.764524	-0.46423827	-0.039998733
202	5.4918771	0.58298932	1.3476565	185.91338	8.5196203	6.2700546	-0.00010022884	-0.020668349
203	1.8875744	-0.74754749	2.3684571	1619.9943	29.125638	23.984401	0.14070494	0.1012819
204	5.9616427	-0.85571432	1.0730842	515.63319	13.233281	6.7806772	-0.62918018	0.32305182
205	1.8317857	0.88288424	2.6438004	1076.1143	12.838992	7.9519453	-0.52601012	-0.36664825
206	2.4811376	0.45297878	2.5335405	2257.3526	49.362981	42.102642	0.16878312	0.20361914
207	2.2389066	-0.33781196	0.56555901	2258.5191	28.205042	22.110602	0.34280248	0.16811762
208	5.5708274	-0.84036388	1.7590178	910.02392	57.027092	41.654629	-0.093143867	-0.10023409
209	2.217603	0.79680838	2.5839702	3941.2459	53.601484	17.834789	0.63597144	-0.21225487
210	5.4459576	0.20064847	2.9167546	4443.6166	49.221211	45.285167	0.40461312	0.52483113
211	5.7463663	0.35301868	3.011997	6395.6895	48.185498	29.315224	0.31633872	0.15391357
212	1.287277	-0.16103603	0.27699266	4473.2481	51.827922	43.203398	0.014543484	-0.31958471
213	0.99768505	0.62898513	0.77175986	597.98916	2.9660422	2.7307576	0.057743466	-0.27222052
214	5.8017966	-1.0031065	1.7980862	587.87568	40.791899	10.935218	-0.14334518	0.04525122
215	3.6585138	0.44972748	1.4085915	1394.4203	31.79307	31.016079	-0.11259267	0.04465604
216	2.6168888	0.47624437	2.0667969	271.11635	12.069683	10.679381	0.18867385	0.025593783
217	2.9359556	0.28769077	2.0995863	3095.7193	65.078463	56.475095	0.020052052	0.068711239
218	4.6513662	-0.57684781	1.3061608	2949.5059	89.932125	39.134777	0.97276536	-0.86993423
219	3.890149	0.22804814	0.46601218	1688.8032	24.435108	7.8980993	-0.1506248	0.32408519
220	1.9847734	-0.43976246	2.2171444	491.11886	29.395627	6.9551954	0.071816207	0.11556694
221	5.7411583	-1.1560175	1.7369263	576.45454	48.891083	36.712319	-0.012383967	0.085171159
222	0.21853709	1.1257725	2.6713815	1396.8059	19.741872	11.026507	0.41648257	-0.087208628
223	0.83536522	0.29048905	0.84575845	5840.0369	81.002516	64.950315	0.59979567	0.06541609
224	1.1243158	0.29681664	1.1863149	2386.5285	49.352582	22.715862	-0.34855925	-0.033839157
225	4.5117661	-0.58698028	2.4886112	1857.1644	21.115311	14.85425	-0.40696057	-0.15683799
226	4.4665121	1.5113202	0.46527255	775.54232	32.942533	23.887999	0.41495593	-0.35283506
227	5.0301928	0.090763283	0.48419166	2131.4794	17.903673	9.6342383	-0.02721978	-0.12457601
228	3.8550586	-0.91841919	0.65629035	2606.6942	53.327943	39.349669	-0.32886753	0.19145642
229	3.5914366	0.5435096	3.0924724	1136.1752	14.076252	13.385138	-0.07381874	-0.16400693
230	2.3545364	0.95296988	0.51816305	264.61332	2.238126	2.2124294	0.30355054	-0.015296327
231	0.17654581	0.31361447	0.45814077	1966.125	21.470901	8.4334261	0.0054295335	0.12860714
232	4.9848298	0.55539656	0.88016546	4329.8364	95.40975	77.697807	0.063546248	0.50183894
233	4.5112644	-0.79986687	0.67625248	1707.4242	19.308343	13.70818	0.54371228	0.37810271
234	3.4672691	-0.85035293	2.7682958	963.76903	24.246888	7.425799	0.050373621	-0.28191908
235	4.0064508	0.55932509	2.438276	285.24977	1.6721379	1.5756188	-0.23725997	0.095855491
236	3.6351885	-0.57192146	0.59152797	3165.98	59.747656	34.244642	0.53827931	-0.042788236
237	0.13819433	0.52349043	0.16069659	455.94395	11.515687	11.482587	0.5049041	-0.24516993
238	1.0757355	-0.22700359	0.21869127	3765.7421	28.009657	21.093763	-0.077913725	0.33549804
239	5.9499405	-0.5677146	2.6785758	707.49452	38.564487	15.026959	-0.15650608	0.20148322
240	6.1613614	1.2003636	0.87541519	992.55953	10.552555	9.7121658	-0.27434392	0.78149051
241	6.0581246	0.6909257	0.64558025	1881.449	41.697543	22.150705	-0.19157674	-0.21447949
242	4.1267191	-0.39253286	1.0204712	709.92875	14.674442	9.710439	0.033516913	-0.45965191
243	1.1666895	-0.94405749	2.6344789	2806.0006	38.176343	18.629882	-0.014949834	0.065181475
244	1.015135	0.24580992	1.1447479	2560.2764	83.556263	46.685766	0.40493317	-0.15027782
245	3.0938909	-0.66452088	0.3334959	3008.2682	51.197299	50.158855	0.11693612	0.058923813
246	2.5620479	1.0499768	0.99726714	1669.0339	40.575513	30.128581	0.08769322	-0.28141285
247	2.9191443	0.54477925	1.9876166	1687.1265	15.882512	10.080177	0.41359095	-0.62625866
248	2.2994323	-0.59537157	2.5644579	5162.8433	80.302956	27.850159	0.01811683	-0.037685961
249	3.72288	0.34596153	2.0259908	3701.8233	110.91777	83.017434	0.031136997	0.13816715
250	4.0643852	-0.81783086	2.8614378	650.8816	37.874805	25.992469	0.065414544	0.031032886
251	5.977624	-0.28937885	0.39915444	4634.2265	63.772201	36.17731	0.42698056	0.2610457
252	0.1844641	0.2114873	0.34605441	2822.2452	47.207577	39.778312	-0.043360052	0.0088562354
253	3.4575488	-0.27043984	2.5155257	1567.4737	29.157434	29.092105	0.22292159	-0.62392707
254	3.9608653	-0.86938698	2.8670044	2667.8008	16.906823	12.476753	0.1026656	-0.10301076
255	0.49252683	-1.364266	1.395491	1022.3264	24.501403	23.292946	-0.47409972	-0.46655755
256	3.0900925	-0.69394974	2.450181	3130.134	17.960148	14.190908	0.36405087	0.11180107
257	4.9323555	0.67865002	0.48871369	431.68682	2.4819136	2.3575962	0.0039534624	0.17760244
258	3.1695342	-0.29969188	0.27127156	152.95628	1.4802995	1.2294189	-0.041405583	0.13460349
259	4.7977247	-0.50728236	1.0330536	2560.4244	52.073544	45.333771	-0.19447751	-0.10003008
260	0.27864021	-0.43280232	2.4486252	3316.222	42.477264	27.399668	-0.016880698	-0.14408407
261	0.88703221	0.43816993	0.75797817	360.4261	2.9099075	1.4063194	0.5953834	0.040575161
262	0.46859683	-1.0962544	0.7662463	341.15779	2.4077816	2.2011684	0.076337993	0.084271528
263	4.8581696	-0.65390352	2.1622274	4283.2977	56.97424	41.063619	-0.13507915	0.25793393
264	1.3120584	0.72438008	0.2287892	653.53713	2.1798151	1.5452847	0.043399335	0.20968718
265	1.7670971	-1.2960272	0.475035	2246.8572	76.301114	44.312816	-0.15988398	0.41550176
266	5.543241	-0.63965717	2.7647883	1291.8704	17.923425	13.860825	0.015901794	0.050972144
267	2.4946776	0.24030877	0.18391639	12282.046	116.73549	61.644824	0.62560038	0.36121142
268	3.8766427	-0.006538878	1.0003605	1388.6255	29.611049	24.962027	0.22220771	-0.022831545
269	2.0190078	-0.35121581	0.78449673	1876.4275	85.864596	28.849073	0.18294573	-0.23851129
270	5.4402539	0.50745755	2.3896553	839.32425	12.980888	10.933849	0.24237187	0.42135789
271	2.8234913	0.20813017	0.3773819	5342.3874	93.255229	77.862665	0.08248123	0.70860232
272	5.3953782	1.0013645	0.33436618	8009.8254	49.997117	48.816361	0.5619331	-0.61324461
273	0.49425428	-0.27872384	2.4760497	321.81045	28.65424	17.956404	0.25473276	0.27017777
274	2.7591152	-0.52819453	0.71783405	638.17545	2.1422764	1.4653139	-0.19045806	-0.0097528814
275	5.6019314	-0.80495573	2.9661672	3636.8438	43.965119	31.703913	0.1745919	-0.16520791
276	1.5872178	0.88578394	3.0788224	3927.7659	36.155687	33.610405	-0.14612516	-0.0091801239
277	2.9150339	-0.98779911	0.88389159	1026.1898	24.106619	16.985392	-0.4280927	-0.0088616098
278	2.1565047	-1.0587024	1.269181	924.47176	21.493119	13.622135	0.14246034	0.31860995
279	4.5077289	0.038479817	0.7264538	3577.9174	69.673383	55.675074	-0.064478678	0.0046200056
280	4.6929644	-1.2154043	1.9058593	404.62894	35.478161	24.346731	-0.049357944	-0.031603303
281	5.6810439	-0.24584093	3.0383886	2789.5272	89.75804	71.589005	-0.60151597	0.48668096
282	1.3302865	0.48721734	2.3204395	3700.913	25.704612	14.264976	0.26839413	-0.23866139
283	1.5551348	0.68143522	0.619	1617.3425	37.939075	31.497395	0.10358384	-0.068160212
284	0.99299464	0.3905491	0.63031424	145.80166	8.7962314	7.7213906	-0.45639128	-0.042735803
285	4.3071662	-0.71540193	1.8330854	165.53611	2.2172886	1.6683771	0.02043206	-0.10226046
286	0.57514524	0.78474566	2.8417872	4389.8545	43.312243	38.936858	-0.2671092	0.27841305
287	3.7810228	-0.034177463	0.9485216	1708.1387	30.307079	21.424738	0.050687448	-0.27773018
288	0.44192304	0.40329209	2.4228569	1861.9843	23.533961	19.030182	-0.18008212	-0.027598689
289	4.5719603	0.18239625	2.7323827	429.49705	1.5566183	1.5470729	-0.31360687	-0.15998377
290	0.26491013	0.31212682	0.069100812	1342.7142	38.16051	37.159053	0.28143417	0.041844651
291	3.7415516	0.95329129	0.64032044	6321.3887	64.630937	34.282744	0.27977858	-0.049798054
292	2.4726894	-0.89003317	0.72008145	499.77108	11.770847	10.182419	-0.045813658	0.11493674
293	1.3092214	0.061735591	2.6219133	5696.3644	90.328947	51.970593	0.28640643	-0.76268226
294	6.0184285	0.28045359	0.89538184	3898.1841	92.882417	60.618932	0.21332869	-0.05077575
295	1.2998323	-1.4295608	1.9818773	1722.5727	59.914612	30.745805	-0.041715819	0.056876664
296	2.3319136	-0.24578845	0.84446245	299.24799	13.650522	12.330594	-0.78453125	0.15522867
297	3.4590832	0.52959919	0.22259824	3713.1629	87.828919	31.587427	0.49250745	0.14868505
298	1.3982124	1.0746575	0.52555586	7075.9283	111.46636	59.790165	-0.0026435853	-0.094240497
299	3.1933493	-0.42081333	2.8494208	7781.3595	100.3071	95.633149	0.013647313	-0.32585227
300	4.8053837	-0.60578449	2.3679546	760.82195	44.932851	38.540827	0.05876452	0.48105624
301	0.56453547	1.0800622	2.1824668	1901.8267	54.554679	37.584402	0.24637185	0.046443144
302	5.0935258	-0.61756353	1.7087594	2046.2818	43.877303	38.073875	0.081796208	0.20589928
303	5.6560177	1.3021828	0.78530953	176.66615	1.9804417	1.5728659	0.2707035	-0.060058563
304	2.0359897	0.034571075	0.60860807	6349.8213	89.394904	84.426648	-0.42029884	-0.13200815
305	5.4631162	1.1432117	0.62771162	1254.8997	24.170298	21.442091	0.055409748	0.30309569
306	5.1369224	0.36174874	2.6737817	2480.9554	33.052517	24.398014	-0.12373926	-0.18471572
307	0.14458171	-0.56041997	0.754721	303.02506	1.9076749	1.6439673	-0.11368209	0.15386307
308	1.2593403	0.54160182	3.1003985	5327.4131	117.70167	83.730431	0.1063163	0.70333148
309	1.3413519	0.4605968	0.16981319	3900.4937	19.282323	17.160931	0.73445447	-0.02624651
310	1.8331983	0.27060885	0.63420383	1323.8693	21.341379	12.685402	-0.12278143	0.040966594
311	4.2100941	0.41585949	0.97591131	1473.5429	34.486779	21.092192	0.020663973	0.49803992
312	2.1845885	-0.82556864	2.0244446	756.65182	14.057254	12.694315	0.39375272	-0.038367498
313	4.739022	-0.23133611	0.53098505	1394.9293	30.791085	18.919248	0.328306	0.35121574
314	4.1207224	-0.77463398	0.54302631	1921.0742	59.97393	40.833357	-0.24259588	0.37179281
315	3.3709633	-0.028351308	1.8625932	1537.6817	24.961142	21.271993	0.005450263	0.25687878
316	5.2260035	-0.6179166	3.0813155	1033.0151	25.30199	20.769345	0.41725028	-0.1653425
317	2.1195892	0.71143031	0.4219527	5359.7157	105.63884	55.435865	0.1095548	0.13985202
318	1.1791641	-0.55491049	0.48571019	2378.5509	30.091969	21.657319	0.077706586	-0.16905638
319	0.75516438	-0.36695144	0.38501118	4533.2237	66.698922	56.05234	0.38660092	-0.0040893016
320	1.8057859	-0.40970126	2.557726	2377.9387	45.69463	27.008949	0.62011761	0.36115996
321	0.60146245	0.0023307919	0.43490824	6445.1333	85.468356	75.472589	-0.53683624	-0.31945897
322	4.6842071	0.26274361	2.2144855	485.32444	11.320985	10.422312	-0.03590855	0.040232095
323	0.94544981	0.17696644	0.82121021	3602.7783	41.509019	38.631331	-0.27532072	0.27924063
324	4.1969572	-0.084871531	2.5094271	450.68363	11.438912	1.5046066	0.045472875	0.36411724
325	0.42655099	-0.71006228	2.1071808	297.89609	17.83714	8.0307885	0.53354894	0.11861915
326	4.0431006	-0.61500787	1.1729893	1033.1419	35.454537	22.733361	-0.095632931	-0.0075282443
327	2.9739911	0.80316701	2.1670842	1756.8502	18.843677	14.251574	-0.18143994	-0.0012123613
328	0.50655525	0.88773825	2.5876638	1171.7311	10.303839	10.300706	0.34292345	-0.31145667
329	5.0577309	-0.47269793	2.5205223	6989.1345	81.262024	70.396746	-0.48233611	0.66852379
330	2.9679941	-0.2343099	2.2557253	2138.9604	60.457055	58.57396	0.042029442	0.72031994
331	2.92367	-1.168991	1.4980938	3853.7008	91.470212	76.038325	0.60868711	-0.03509784
332	2.1236611	0.79857216	2.7045012	5942.8003	50.358029	49.188367	0.050913931	0.13146704
333	3.5227149	-0.63114863	0.49742876	1047.217	17.009272	11.517134	-0.015716866	-0.077283604
334	4.3375435	-0.19699651	0.80269854	394.73283	42.178448	33.015222	-0.25785248	-0.10816844
335	2.7834557	1.2466902	1.257455	787.79274	33.388805	22.501472	-0.22245251	-0.77417709
336	4.5396548	0.82317154	2.59087	2834.8089	29.914583	26.213403	-0.082710561	0.67600816
337	2.9180624	0.17479513	0.75183134	1341.192	44.835804	37.905634	0.62729191	-0.045490125
338	4.1401351	-0.21920292	0.89934893	1301.8763	30.565805	25.056541	0.33903066	0.059556294
339	1.996607	0.47045437	2.6857297	1540.0972	11.725966	11.173232	0.23671668	-0.021969328
340	1.6033505	1.0676333	2.2002766	2557.6252	100.70045	94.356863	-0.11583587	0.10212026
341	6.1793959	0.76999449	2.314905	3433.4564	109.40376	78.754211	-0.040716296	-0.10995593
342	5.6036994	0.99036681	0.28154378	1584.7499	27.088424	22.47246	0.28251756	-0.4366872
343	0.2500698	0.4138741	0.73741414	1796.3116	17.696721	17.322883	-0.079454519	0.1843561
344	0.90366024	0.84819266	2.9745529	1948.8385	51.528827	37.83686	0.040210135	0.23094886
345	4.630322	-0.66546776	1.1815231	94.301663	1.6282926	1.6212021	0.075668913	0.12047067
346	0.29448232	-0.8267888	2.7270486	1868.564	26.945484	15.174893	0.35381127	0.48116
347	1.6147339	0.035500984	0.20309923	3890.6122	56.969934	27.354943	-0.036823064	-0.16168094
348	5.061662	-0.012207573	1.6858087	2507.7307	46.184151	41.326633	-0.030373022	-0.093240985
349	3.0809319	0.12432879	1.955411	1385.4363	28.777557	15.223348	0.26980501	0.26563722
350	0.8914197	1.3290935	2.6644896	1633.3301	51.368068	34.846574	-0.040170092	-0.0052496907
351	4.1477615	-1.2366053	1.637941	248.49674	2.1026083	1.5681136	-0.056483404	0.049974818
352	4.1666277	-0.76588637	0.83763645	1788.0195	25.829997	24.164957	-0.56885083	-0.17013637
353	4.6662843	0.18146307	0.31040164	3871.4104	90.785209	44.35678	0.57607524	-0.0080886304
354	3.102647	0.53755472	2.3062604	1196.1196	12.30773	12.306332	-0.12454489	0.20773636
355	4.4693603	0.0060227824	0.36704139	202.03972	1.5843809	1.4244318	0.18927654	-0.090622781
356	6.253602	-0.34672341	2.876585	3682.9682	75.794097	44.515983	-0.52767352	0.1281554
357	3.5871988	0.15916471	0.74875053	1592.9649	28.897888	15.991645	0.28659904	0.55489537
358	2.4739623	-0.37510975	2.4700485	6298.0945	81.999681	66.449359	-0.13155525	-0.055659417
359	4.7603398	-1.0436533	0.95673309	1370.4778	25.682521	16.759618	-0.25126416	-0.32319396
360	3.906903	0.21214161	0.36107386	8379.103	171.33759	125.15124	0.80011429	0.54222469
361	0.49147205	-0.14818532	2.1112503	336.61178	32.255646	26.083057	-0.33732966	-0.56556713
362	2.4990268	-0.58822553	0.90662906	1219.0791	10.883698	8.233793	0.068979655	0.31659666
363	5.253691	0.61590303	2.9561001	4740.1847	24.460689	21.294134	-0.30274149	-0.2370034
364	0.99330731	0.31368211	0.76253823	264.24603	8.3725624	8.0539419	0.45827034	0.43914865
365	4.7896706	0.2777761	0.69517334	3216.9391	30.946155	29.709446	0.17166889	0.64991508
366	1.0626794	0.59589915	0.64251815	4769.5572	76.150953	50.700803	0.75748216	0.097816746
367	4.529619	-1.1684421	2.6579896	3577.6621	125.8871	58.42016	-0.68925828	-0.27739024
368	3.4644495	0.72962243	2.3346317	1611.6012	43.080395	21.687661	-0.4753242	-0.15810507
369	1.1903726	-0.98942066	0.25342142	4465.9539	90.302323	58.753767	0.22356257	0.097987718
370	3.910806	0.13332951	1.6233414	857.84482	44.907037	15.889741	0.1284755	0.020316669
371	5.9524653	0.2141489	2.0095465	2698.7822	70.33162	57.08712	-0.014060329	0.48526243
372	0.14868291	-1.2897084	2.5267123	1756.3847	24.419862	22.429684	0.64976815	0.014486457
373	3.0917404	0.7462277	2.8922072	1269.5062	15.305843	14.238604	0.35500672	-0.51154947
374	2.0235056	0.17992928	2.5849696	4211.5957	92.025598	48.15118	0.10063302	0.14981105
375	2.7629126	0.050536874	1.5124313	1989.5333	63.260399	56.32567	-0.17764999	-0.020681575
376	3.8393083	-0.56571486	2.4701628	2752.7974	24.340332	21.713232	0.079697955	-0.72282738
377	4.4465907	-0.52462484	2.1040702	190.68354	1.8606256	1.4156025	-0.0504004	-0.081965789
378	0.41439999	1.3138083	2.6147374	3866.6678	55.713853	43.887332	-0.58463385	-0.49059794
379	4.1881019	-0.14313293	0.64155511	3580.8474	35.418072	22.924469	0.029941397	-0.29460947
380	4.9238973	0.043088137	2.3759345	2615.8126	95.612517	66.552289	0.5117955	0.38688881
381	5.5518434	0.83239365	2.0978598	3051.7123	54.328676	21.148641	0.31596559	0.5339076
382	5.7857726	-1.1314803	1.6657821	877.2924	19.903309	14.017414	0.17190416	0.32452494
383	5.0507361	0.63640823	0.44279109	3245.9051	47.537852	35.48859	0.079979963	-0.84332277
384	2.4735998	-0.78602408	2.2805365	3950.483	67.269899	43.388209	-0.51750233	-0.6130889
385	2.4177912	0.42763286	1.1474627	958.38248	21.214174	20.091854	0.73905267	0.10238268
386	5.3297877	-0.45971121	2.6898596	1685.3775	13.203744	11.237972	-0.43033532	0.48958726
387	5.8998457	0.6914138	1.7068698	1763.1954	38.857361	31.960952	-0.53578513	0.070446429
388	2.350919	-0.07653565	2.4085476	2917.3646	27.483835	21.821357	-0.0031548921	0.23643688
389	0.99306268	0.41354738	2.9388185	243.13645	2.015147	1.7036839	0.19490606	-0.14173002
390	4.7374149	-1.0971525	1.0500824	5396.0665	65.158629	51.085294	0.62345426	0.0058648914
391	2.6057284	0.8713701	0.40015052	2920.8374	38.095818	20.294496	0.0045176407	-0.78434131
392	3.0415291	0.60682265	1.5132966	3654.2264	132.18714	82.803783	-0.56052925	-0.44546277
393	4.2101413	0.86379148	0.86344764	1288.9383	34.681289	32.261042	-0.33832862	0.12053334
394	4.4978222	-0.31182011	0.53974705	1637.7015	29.241204	27.924126	-0.035676447	0.068124221
395	6.1106344	0.83747799	2.4720001	1190.083	20.348865	14.341579	-0.78567409	0.0011488265
396	3.1093565	-1.0326116	2.6906473	4840.3258	50.074609	28.010943	-0.070881351	-0.25556571
397	4.702853	1.148169	1.7174373	2472.0185	40.07446	28.081765	-0.23439228	0.18766367
398	2.9011917	-0.18700616	2.1200466	1312.3316	25.124878	22.895658	0.10021884	-0.3406992
399	5.6259085	1.0251358	2.4483257	3618.7612	77.91328	32.809988	0.15683359	0.19763817
400	1.7323155	1.0728166	3.054899	431.62684	2.0820212	2.052342	0.10798344	0.10094105
401	0.039659074	0.82135656	2.7968135	2188.1377	19.959127	13.567268	-0.34278225	0.69334718
402	1.5679096	1.4289442	1.8918381	1227.2399	33.952688	26.919865	-0.74842269	0.66830769
403	4.7804784	0.93763221	0.95065936	4216.201	40.1696	36.459991	0.65392969	0.0080039678
404	3.8535211	-0.39045875	1.0989602	1174.4829	29.569892	24.257645	0.044792642	-0.039451189
405	4.2724915	-0.017139	2.6923134	383.74666	2.5524328	1.8953611	0.042788597	0.16971825
406	2.1848388	1.2713902	0.29965564	7344.9202	149.07324	88.983987	0.7097579	0.1209731
407	4.9091544	0.42759808	0.57306355	1930.8814	46.273049	43.017054	0.10864198	-0.060138241
408	3.1836681	-0.28089723	2.7146754	5516.0364	82.190011	55.212849	-0.49016737	0.47497504
409	4.4197952	-0.9407694	0.87333763	1275.6177	17.08434	8.166158	-0.17556725	-0.086391767
410	4.0713081	0.83609066	0.21697935	5750.9833	59.356059	57.955432	-0.16939788	0.21985168
411	3.0632878	-1.272133	2.7288288	7467.5167	29.354019	19.963918	-0.0031088126	0.85736582
412	5.6360864	0.57986572	2.42713	3426.689	57.988484	55.775426	0.042950519	0.15136716
413	2.0611928	0.01763526	2.6692748	3158.4972	63.959798	42.402057	0.44183623	0.017515908
414	5.0504573	0.92882725	0.17802614	234.90757	17.179554	1.458303	-0.5513732	-0.1920094
415	2.5092481	-1.1170362	1.6370895	1343.634	73.286316	25.139278	0.086557582	-0.49084908
416	1.4463728	-0.35297478	1.838026	1422.596	70.061553	51.491161	0.30926505	-0.44698229
417	5.7178885	0.75731364	2.4069277	6186.9764	95.11384	84.179959	-0.09998558	-0.19025226
418	5.262562	-0.57421277	0.49825425	972.12307	18.27559	8.3914781	-0.073121015	0.11055715
419	5.9614021	0.21683838	1.6790382	1669.2422	32.514148	29.740203	0.01624795	0.25404201
420	3.5150432	1.4878354	2.0668427	3883.3112	57.947308	34.868364	0.26122564	0.39855595
421	4.9164424	1.3615291	0.65929349	1092.728	58.592769	42.798255	-0.093143867	-0.10023409
422	0.57076351	-0.26543776	0.27121046	837.50536	12.595658	7.9258251	0.17873711	-0.24114504
423	3.0939471	0.91455941	2.3750514	4811.6741	62.381074	29.817611	0.1166337	-0.32939206
424	3.6338678	-0.53606121	1.3994734	325.01138	10.848752	2.5456046	0.001271505	-0.3118062
425	4.7379518	-1.5268221	0.55729634	1927.1457	65.840411	22.939485	-0.17094466	-0.71508053
426	0.90827956	1.0363998	2.3408261	2959.9755	67.735866	58.372037	0.66624752	-0.19502777
427	5.4450103	-0.47040831	1.298153	240.46013	7.077872	6.876317	0.50853944	-0.54423174
428	2.8948544	-1.3359723	2.5637697	1321.0563	17.044638	8.6351556	0.18065228	-0.076920461
429	4.0402091	-0.14435856	0.74287651	1221.9139	16.711981	14.963184	-0.43191796	0.19583095
430	2.5317968	0.44349527	2.5626156	2440.6789	46.372549	38.799876	0.50256379	0.015680867
431	1.273361	0.99710673	2.739229	5450.5709	97.667892	92.026594	0.471435	-0.49085675
432	5.4538014	-0.30145734	2.721945	137.42789	1.9553038	1.598768	0.046137355	-0.16938842
433	6.0112577	0.29123453	0.44359126	6833.5105	107.08456	89.606964	-0.084580874	-0.0036721064
434	6.1724663	-1.2255502	2.0267287	4495.5718	73.347761	54.796098	0.028226299	0.10656854
435	2.2704577	0.2574166	0.6488983	8055.7677	166.50465	165.36738	0.073401221	-0.15125581
436	3.8675628	0.8591994	1.4077368	1247.7957	38.983634	38.75333	-0.58188425	0.19637858
437	4.5005013	-0.45107112	1.0143429	482.88155	34.982445	32.511698	-0.068488657	0.059639043
438	2.5489294	-0.38773652	0.2086043	1108.8321	14.054167	10.018982	0.24127369	0.094923064
439	3.5405382	0.91940312	0.41411695	3400.5194	33.529671	31.780459	-0.16669445	-0.0078282442
440	2.7972727	-1.0687093	2.9551082	4961.5818	43.630911	39.190546	0.43425656	0.030761853
441	0.19681408	-0.71946097	1.7896096	3046.9542	54.100651	50.246648	0.039171782	-0.30751985
442	2.2490338	1.1978417	0.35315024	2524.9515	51.41014	47.747802	0.039171782	-0.30751985
443	5.0679645	-0.30450933	0.96913701	1666.1455	24.512695	18.32702	0.055030193	-0.019133567
444	5.6803275	0.14310661	0.56398014	976.94491	25.565406	23.641409	0.44616513	0.31142296
445	4.026728	-0.46051489	2.0965233	391.00532	25.936457	21.468468	-0.031929443	0.055583439
446	6.2615737	0.42665915	0.57003035	589.63651	20.974188	14.446787	0.23716844	-0.24571933
447	0.089592517	-0.45955854	0.45288012	908.0443	26.27993	24.612529	0.09851222	-0.38453148
448	3.3081566	0.18723494	0.24711719	2372.2966	33.327095	29.579671	-0.47175704	-0.34610807
449	2.7730308	-0.33546873	1.0498039	1850.8087	50.907781	36.652025	0.060589025	0.78030407
450	2.0915601	-0.89701621	2.199447	155.25853	1.7614147	1.6404046	0.028147745	-0.15283329
451	1.150546	0.28671033	1.537002	970.65745	29.322913	28.527414	0.063924727	-0.098990154
452	4.0764924	-1.2582932	2.0329765	3077.6118	125.58909	78.670677	-0.56052925	-0.44546277
453	3.2242959	1.155603	0.81360105	691.44779	19.853772	11.601145	0.29259464	0.34030304
454	5.7439029	-0.85680244	2.7199816	1972.5081	31.656845	24.58413	0.099801671	0.18518052
455	2.0114172	0.036421266	2.7948252	7389.3656	71.525905	57.837968	-0.40068155	-0.1512155
456	0.5546788	-0.48953438	2.3696974	132.68662	1.7374422	1.3045142	0.0041980532	0.079679151
457	5.0036242	-0.68184988	1.1998581	3249.3951	33.164334	27.813087	-0.14247857	0.17321729
458	4.4133601	-0.0075479357	1.3125421	2600.2888	64.200326	53.858627	0.50377502	0.0012475852
459	4.6751256	-0.40271448	0.50498561	176.20215	1.8491477	1.7753543	-0.028964498	-0.27243936
460	1.9343561	-0.41058656	0.42697186	4670.0847	34.295551	32.227405	-0.13717032	-0.24274622
461	4.2959318	0.19979566	1.144445	282.67706	37.305336	25.11781	0.17119475	-0.53490046
462	3.5637422	-0.47187592	2.6301269	2046.2513	64.567196	59.423073	0.14871593	0.64730871
463	4.476893	-1.1882219	1.1323697	1651.2133	38.218209	34.247416	-0.0049189319	-0.11081282
464	3.7398605	-0.32388805	0.1304104	3027.8668	51.57348	38.810992	-0.54677228	0.25161093
465	1.1630645	-0.54711864	0.37988432	3017.2889	35.608647	35.176422	0.21982362	-0.82464183
466	2.0995816	1.1555327	2.2121531	2470.2663	74.650515	21.934124	0.17880317	-0.28154404
467	1.3197391	0.96814111	2.6896627	4131.0041	48.737012	47.552253	0.4805135	0.17076315
468	0.32682372	-0.34067081	2.9189818	8151.2319	89.482854	74.386503	0.69194965	0.013860807
469	3.4805544	-0.74968881	0.75841737	1931.3635	63.203649	42.103083	0.10191287	-0.17345289
470	0.49442036	0.2403736	3.0054616	4036.4622	42.828797	42.604327	0.09076494	-0.35378446
471	1.6569981	-0.19302335	1.232738	400.69083	47.522192	22.997495	-0.04320397	0.16014764
472	6.0799118	-0.28348083	0.21943161	462.4613	9.7319171	1.3956539	0.19013636	0.079823723
473	0.59833233	-0.42899804	0.47754296	4856.4578	98.20814	70.383321	-0.58002476	0.53960292
474	4.2918819	0.47519167	2.5488165	2358.4126	26.111785	24.548856	-0.053246414	-0.067370311
475	2.1269772	-0.058646993	2.2361783	1885.0253	34.292695	31.00232	-0.35189465	0.45058842
476	0.86073383	0.6182576	2.3811607	1062.7045	13.856066	11.402565	0.14428633	0.63048205
477	0.13525252	0.34437231	0.65284256	2089.5723	49.072861	45.380825	0.069783026	0.46662429
478	3.3823062	0.52123497	2.6138956	3181.1631	79.045742	33.299847	-0.29009518	0.36025266
479	0.5831789	0.48364754	0.27724783	2829.234	44.217574	28.471455	-0.64860844	0.42806503
480	2.5240842	-0.53460116	1.9086761	2215.866	48.127993	29.021074	0.28353054	-0.092957317
481	2.6786453	1.0310844	0.42581397	7228.2447	90.764679	73.853714	0.31507388	0.69931493
482	4.6819183	0.58208086	1.6299548	1756.3399	21.878693	21.288404	0.029121741	-0.57307414
483	2.9539908	-0.7171781	0.79906744	3959.5152	75.2438	26.802368	-0.27761049	0.4444633
484	3.0027422	0.6927268	0.54944172	2829.4625	44.122234	29.076381	-0.46433272	0.4702858
485	6.204207	-0.89420389	0.61679952	438.65986	21.427888	18.853127	-0.36640239	-0.4501167
486	3.809474	-0.36844981	2.7750753	2791.7611	35.784784	21.857879	0.2342598	-0.23605614
487	5.6109414	-0.77975836	2.0911821	3431.813	52.845394	32.238477	-0.50896933	-0.1914549
488	5.798815	-0.64744711	0.74396084	3341.1269	46.69559	30.070241	-0.73668992	-0.093265164
489	4.4001293	-0.38535585	0.88241491	260.46101	2.1352389	1.6083205	0.11828332	0.10776499
490	4.0623244	0.63771669	0.42791334	3499.6225	31.664382	23.312122	0.19546283	0.25233747
491	1.3191028	0.42614594	1.6639945	840.94745	34.082454	8.8944645	0.23900436	0.16223735
492	3.022019	-1.2910539	0.2666642	651.81413	18.494091	8.9123749	0.049441359	-0.082005547
493	3.3691539	0.16454227	0.33357831	3903.7338	36.143331	27.818161	0.14690693	0.03111036
494	3.9408242	-0.2534432	0.46934329	2945.8676	34.469226	31.772415	-0.081917932	-0.20232182
495	2.633147	0.12413204	2.5605413	72.52063	1.8246917	1.684224	-0.036481091	-0.17398742
496	5.6143724	-1.367712	0.14376919	2699.7223	58.648913	20.450201	0.33359626	-0.71173098
497	2.0757068	-0.15649166	0.68959714	3064.2969	40.046991	37.738035	-0.082769784	0.85959554
498	5.7735485	0.23125156	0.62783425	3485.0855	31.978408	21.698034	0.12606177	-0.078028654
499	1.1191776	-0.83724461	0.80286562	1194.4119	52.88307	36.583463	0.017621266	0.025739465
500	4.3853072	-0.63397593	0.72912427	3413.4498	49.587927	26.826912	-0.17971362	0.0028772933
501	4.5566318	0.74154813	2.0932909	2436.815	45.840433	31.994533	0.66017245	0.018791529
502	5.9602683	1.3056424	0.58329051	4808.5142	63.466427	41.336998	-0.2127214	0.16946931
503	3.7562883	-0.77185347	0.27238556	4162.3037	63.609184	61.588049	0.54202876	0.26495915
504	6.0341609	0.37997158	0.8443279	1674.0299	38.870079	32.597082	0.18311693	-0.44469274
505	2.2980916	0.56745074	2.8974004	5813.8812	51.908918	51.615418	0.19526514	0.042978731
506	4.2284639	0.72551847	2.5779847	1138.0752	14.925824	9.1067287	-0.066320503	-0.23208094
507	5.5974945	0.1418322	0.8028892	5433.1295	140.07724	126.03443	0.0020068703	-0.58629815
508	3.1705715	0.54805028	0.37603129	5150.9114	55.430795	28.768445	-0.20556388	0.25855151
509	0.19679747	0.67431675	0.66240367	3544.4616	102.62615	73.006027	0.1063163	0.70333148
510	3.4900954	0.12179363	0.63691041	2595.1073	32.013344	23.213449	-0.040375937	0.19772645
511	1.1846447	0.45146109	1.6478252	352.31253	8.7375051	8.657916	0.66553616	0.031344907
512	1.1945583	-0.12840748	0.31290898	2197.0367	42.045161	36.385102	-0.36345859	0.041459234
513	4.0460273	-0.26323312	2.8238311	265.95935	2.4079287	2.065	-0.017078719	0.024245777
514	2.7333364	-0.28912714	2.4218429	1881.4068	40.049063	36.428353	-0.024275516	0.002423663
515	4.207378	-0.88417168	0.88538684	6477.6134	63.762074	47.485038	0.078743908	0.12242951
516	2.1498125	0.81407589	2.7329813	1323.8579	14.776189	11.806742	0.13981451	-0.27580569
517	3.0977081	0.75466283	2.7259956	727.69847	11.159434	10.081729	-0.012024497	-0.0067311743
518	2.4307206	0.80529031	2.1857943	562.81181	33.520106	20.126616	-0.37936547	-0.058589571
519	1.5922524	0.67372415	1.4052441	645.01584	41.063175	26.129502	-0.17028579	-0.45616943
520	5.5345627	-0.48380777	2.1706465	6233.1138	135.68958	82.224718	0.88624732	0.80361468
521	3.1444311	0.013695173	2.087793	1252.762	17.770432	17.46019	0.15529708	-0.40836322
522	1.2750122	0.30381736	1.8634968	2341.8893	68.922844	43.348116	0.10910469	0.33104384
523	2.0066968	0.46403191	0.4968426	506.23265	6.7193902	2.9271363	-0.031127075	0.12818778
524	3.5356912	0.91239219	2.6975261	1512.8589	25.336515	2.9755913	0.10526891	0.17257256
525	5.538359	0.50930845	0.52814267	941.59541	12.077361	10.02206	-0.08363131	-0.1825452
526	3.7244998	0.72712191	1.2578686	1467.3305	37.516365	28.04377	-0.10088615	-0.4698773
527	2.0396578	0.3402754	0.60595626	6604.164	68.248784	58.378583	-0.22678647	-0.16176853
528	0.51350959	0.36280286	0.48779911	5020.1113	55.457245	17.408981	0.85856733	0.087408549
529	2.7932585	-0.79872949	2.671232	9658.038	95.905052	94.367486	0.052396129	0.24596494
530	0.37701095	0.86108561	1.2375404	3729.2486	71.16896	65.852606	0.022383091	-0.4275673
531	6.2434358	-0.56999054	2.1247983	639.3068	16.951621	12.801237	0.61912995	0.11427997
532	1.4116653	-1.1226388	0.31501418	2083.3455	22.917933	9.186278	0.027255172	0.60865398
533	1.1483366	0.65592033	2.6746674	949.27688	8.2278549	1.8775137	0.06504596	0.12810929
534	2.3823751	0.4575622	2.9404342	151.63362	7.8983087	1.7114736	-0.5825991	-0.032872492
535	5.3724988	-0.51887492	0.69369218	2406.4404	36.885812	26.537699	0.67176411	-0.10520972
536	5.7768389	0.6519241	2.2771221	3175.1239	71.817101	44.736032	-0.092772859	0.033594973
537	1.6826213	1.0337428	0.68635843	439.60159	22.654672	11.702234	-0.40132651	0.012739197
538	6.1846504	-0.76578073	1.9226693	234.76777	15.867255	8.8338799	0.063439844	0.0149541
539	2.4751098	-0.66798939	0.46606176	2147.8256	18.544412	11.695613	-0.092631953	0.017435046
540	4.0578636	-1.2584861	0.60757788	1826.6139	40.14955	28.783386	0.20653012	0.12748678
541	5.8261696	0.83249144	1.0224311	2881.9812	46.682388	41.010425	-0.1356977	-0.087442879
542	5.3617328	-0.77315007	0.75360097	603.60281	23.924887	15.738556	0.039384248	0.80344595
543	0.95254348	-0.261437	2.3257155	1080.5228	11.936861	7.840808	-0.73988367	-0.24004747
544	2.2405309	-0.63938075	3.0725845	5876.5532	165.74595	112.58015	0.44029897	0.40006401
545	4.1330152	0.65793684	2.4704313	3845.3908	86.410819	74.858864	0.36010086	-0.04878992
546	2.0327673	-1.1951878	2.3950608	4479.8931	78.544905	77.468832	-0.143378	0.050849436
547	0.07688303	-1.3324574	1.9981564	711.01742	26.012746	9.7104901	-0.0029846822	-0.070561546
548	2.3098949	0.48648891	1.9846969	3615.7704	37.774101	36.279811	-0.3240204	-0.2280118
549	1.5393338	-0.048079208	0.79464679	1897.5793	58.660662	26.603933	-0.61931354	0.36784532
550	3.5080704	-1.4236318	0.79747957	2756.4141	93.926383	65.59776	0.040846783	0.13997903
551	4.4094929	-0.43931511	2.0310773	1266.9657	58.239974	39.146914	0.83076415	0.75940655
552	2.6924025	-0.17614531	0.73176535	1440.3626	8.9313763	8.3091147	0.84497839	0.78450721
553	0.8262544	-0.039587294	2.0739179	2332.6231	33.077739	27.760661	0.079718014	0.029209087
554	3.9508759	-0.96217866	0.94391951	1248.8255	23.742905	19.602248	0.18893725	0.0050012435
555	1.2667772	0.45306498	0.38758499	1174.6189	52.089585	27.513119	-0.25847722	-0.33637179
556	3.6291712	0.83921097	0.81131886	166.41611	2.0474886	1.8504444	0.29355336	0.063688845
557	4.9663042	0.30069336	1.95058	2117.7026	22.536989	16.951955	-0.28213638	0.05774711
558	3.5718386	-0.5954742	1.9921737	1867.3289	42.438828	27.861734	-0.16052743	0.065120792
559	2.8981698	-0.11085969	2.6206194	716.84448	17.741045	12.560685	-0.12567948	0.10807145
560	0.84335117	-0.81510742	1.6632374	2786.3437	81.099208	66.962044	0.58377008	0.27590005
561	0.24181056	0.9636537	2.3003648	4763.6231	53.575554	47.307817	-0.56163508	0.069602707
562	5.9220112	0.56618785	2.1196308	496.0879	15.695539	9.8277547	0.51123932	-0.043738654
563	2.3557341	1.130392	2.1554003	1722.7867	46.437263	33.971009	-0.03423344	-0.21847782
564	5.0882305	-0.79483647	0.45003357	1723.359	48.290582	12.238266	-0.15912279	0.092035132
565	3.8448225	-0.76143633	2.7191128	3358.2031	33.171883	20.673094	0.16057826	-0.19583826
566	0.81032889	0.1318375	0.3971431	382.2934	2.3789954	2.2470437	0.14204418	-0.046473611
567	0.82967233	-0.40654093	2.9688796	3129.9625	46.762544	43.505828	0.60686563	-0.11152783
568	3.9778999	-0.59938464	2.7352434	3739.1296	15.683029	15.584857	0.26204922	0.36775133
569	2.8526214	0.18860954	2.046869	1585.801	59.201869	30.16524	0.2227816	-0.74874591
570	2.4497051	-0.56983642	2.8300166	4321.4992	72.171469	36.442812	0.024736727	-0.011990658
571	1.1116094	0.90339726	0.55622382	1605.4157	12.72783	12.554754	0.67064911	0.199176
572	2.6894911	0.64489384	2.4759768	214.66787	2.5766225	1.8802561	0.1225053	-0.26032008
573	1.0336457	0.57272927	0.94861214	260.56681	2.5586422	2.2491581	0.1721614	-0.12216629
574	1.8543926	0.77416535	2.4142299	2547.6843	18.482577	16.927213	-0.25270972	0.64820449
575	0.37486765	-0.10322196	2.1710426	419.09454	28.587323	9.4081498	0.14232002	0.11442888
576	3.7067353	0.39907447	0.85256067	1514.4308	74.401594	33.771765	-0.10423484	-0.037501459
577	2.6458416	1.218494	2.6234586	3643.6919	71.496573	30.720889	-0.11773594	-0.14413491
578	5.1022479	-0.63481241	0.20117489	1137.6564	7.6287167	7.5095297	0.1968274	-0.087332032
579	1.2790212	0.62251984	0.92001559	182.0584	1.4821264	1.4106323	0.076337675	0.01233029
580	4.7102745	0.26674113	1.8569356	511.13695	16.555322	11.769124	0.51966703	-0.14613631
581	5.4027839	0.10716896	0.48678877	4192.8816	84.433157	54.110119	-0.19823851	0.24145626
582	4.4852596	1.1756026	1.2508681	2285.9648	104.45867	38.684417	0.086551115	-0.40929887
583	0.57647477	0.97924433	0.93557624	187.28647	1.572348	1.3129117	-0.27479791	-0.013484946
584	4.0330707	-0.35470716	0.73302793	1516.9864	25.672002	13.332057	-0.07638171	-0.26018146
585	3.2255164	-0.61946832	2.5839811	5357.9321	91.833718	59.768076	0.57550981	-0.3810682
586	4.7685348	-1.0641022	2.4175315	233.07082	1.8058418	1.7939855	0.13427727	0.14779776
587	4.572293	1.4468752	2.7608058	1027.5345	16.265784	10.784595	-0.0092156482	0.34413488
588	5.1754822	-0.10233646	1.0757859	1304.6292	57.432453	54.240558	-0.42029884	-0.13200815
589	3.0926757	0.91906425	0.89415169	2609.4282	23.804225	12.720591	-0.74565348	0.19518129
590	1.6335067	0.45774052	1.6407304	933.69983	42.213684	7.4875665	0.63182645	-0.13420419
591	5.1247617	-0.26330131	2.1600384	495.79525	54.507318	53.229761	-0.17810791	-0.15825668
592	4.0550855	-0.87389729	2.1582672	789.75355	27.852351	23.839659	-0.33681252	0.065897291
593	2.6849612	0.12592846	1.5185362	1011.6633	27.166146	26.010793	0.1628186	0.048382429
594	4.8610334	0.55777973	0.24761928	3921.505	83.893146	82.39689	0.27834099	0.012122
595	1.1842227	0.99441597	1.4549751	1384.3154	101.39914	22.575268	-0.32784436	-0.02460006
596	0.68202145	-1.2227982	0.26681655	3217.7193	20.100223	16.441985	-0.71466213	0.0047163494
597	1.926593	0.42932033	2.2881203	1750.3877	12.478833	11.440561	0.49486667	0.4823135
598	4.232707	0.62530562	1.0275107	449.47918	12.910997	12.435305	0.011601133	0.44552959
599	4.2995636	0.41852874	0.82579556	1184.6236	50.449836	42.414304	-0.047655842	0.19721855
600	3.8056469	-0.57207501	1.1668535	1646.9356	21.742454	13.845248	-0.26577627	-0.59625441
601	1.0707355	0.36478073	0.19434334	3448.4563	24.293402	15.391057	0.16553173	-0.25263443
602	5.9243265	-0.86934023	1.879404	273.30172	7.2351362	6.2437765	0.060691242	-0.14638544
603	4.5786923	0.075412422	2.6278129	2501.9273	48.55825	32.732476	-0.28583763	-0.04902943
604	2.3423317	0.39635542	2.0524731	1371.5956	11.629241	10.277043	-0.4914795	0.023093176
605	2.0726735	-0.30837388	2.7668368	2176.7782	22.22426	21.989421	0.82614716	-0.047595533
606	3.544503	-1.121342	0.27619966	4166.2669	59.981111	58.071262	0.37003264	-0.11287951
607	6.002164	1.1587567	2.9590777	225.77487	2.1886457	1.3641882	0.026611629	-0.37733561
608	5.4467005	-0.075694838	0.47992033	541.25691	2.0764647	2.0147871	-0.26946672	0.059200065
609	1.8461695	0.15599487	2.9372222	473.96593	22.35636	21.142675	0.14400106	0.85875154
610	4.2940118	0.96760291	2.7897004	5672.6221	39.936847	27.669884	-0.0050125667	-0.18271684
611	2.9388456	-0.20430036	2.3115543	1739.9202	12.118582	10.589216	0.42897432	0.13766816
612	4.1635911	0.38218711	1.7863056	683.60615	37.939131	31.961843	-0.042234947	-0.34919261
613	6.0648276	-1.0540318	0.58711433	5602.5113	48.690449	35.11934	-0.04374694	0.078862326
614	2.8299171	-0.40943165	0.2725709	5424.5637	27.279951	26.832947	-0.31714595	0.25193845
615	6.1069473	-0.24011475	1.8283061	1315.8264	79.775237	55.896157	-0.046778699	-0.17191993
616	3.9089746	-0.66672438	0.77339487	280.52702	1.775885	1.2870527	0.16567165	-0.094401831
617	0.48161661	-0.61110106	0.73063054	2229.2696	56.476849	28.203643	0.79079863	0.10763511
618	1.5866984	-1.0588393	2.0355359	435.45719	26.683409	26.558398	-0.047527205	-0.23708197
619	5.3711463	-0.64734958	0.15854964	3930.1445	49.864313	36.378561	-0.042431757	0.33598451
620	6.1738417	-1.0294137	2.6586846	1291.8831	25.608373	15.199029	0.061685967	-0.42756453
621	0.9726447	-0.4778427	0.99900295	2148.6513	46.844226	36.617844	0.034994885	0.26571739
622	2.1832559	-0.36265267	2.4199714	1720.4639	45.137891	7.9827298	-0.071135228	-0.049079052
623	4.0221462	0.35624952	2.0370087	339.75892	24.407865	22.219068	0.23280169	0.064666619
624	2.6752802	-0.060971637	2.1791781	879.82701	26.679212	17.674305	0.095459637	0.54615185
625	3.566673	0.36371943	0.69440352	1007.7086	17.795833	8.821227	0.81178946	0.096403378
626	2.7097384	-0.47263614	2.087052	711.24538	23.418243	11.132805	0.14099626	-0.067938703
627	3.6717539	-0.042381013	0.3729309	1919.1372	21.155264	14.397434	0.10209738	-0.10697228
628	6.1793294	-1.0586067	1.6060316	158.95027	2.4462075	1.4069027	0.10008383	0.052032248
629	3.6110522	-0.015506237	0.710314	6503.108	95.838561	93.032122	0.043280069	0.013965634
630	4.3420438	0.36302696	1.3663667	1304.2035	21.294388	21.097616	-0.092709988	0.068635337
631	1.1405801	-0.2739311	2.2754455	1344.3749	64.566038	61.386473	-0.35374687	-0.10131138
632	2.1782159	-0.1993409	1.0274183	195.00153	18.286372	13.240733	-0.057253603	0.17402395
633	3.9509349	1.2324527	0.79718009	2396.4117	55.984421	33.101742	0.28965383	0.00099394706
634	2.4474359	0.54599907	2.1608297	887.49982	37.452596	15.196382	0.1158774	0.39888324
635	5.3504014	0.67241471	1.5031451	347.56862	8.3038983	6.597017	-0.43103701	0.26832489
636	1.7378685	0.70357206	2.5668873	3862.1397	44.656801	31.518486	0.064406246	0.0096684846
637	0.10839799	0.34105832	0.96549195	2062.8334	76.164983	71.741858	-0.14846803	-0.41294991
638	2.6281548	-0.68541831	2.8203825	328.34901	12.574864	10.779533	-0.15826577	-0.10599907
639	3.1058809	0.17304523	2.0586498	2485.6092	35.583107	32.646066	-0.016642136	-0.12275111
640	0.83166548	0.59349666	0.86128525	2084.1103	43.697094	31.566389	0.46093502	0.47276025
641	1.945415	-0.22953921	1.071389	154.46866	1.5404923	1.2508271	0.10990396	-0.0070132092
642	4.6572001	0.018674743	0.95711207	5026.2217	58.789696	51.531198	0.17466539	0.02262053
643	5.9397512	0.060504007	2.6085494	3915.8248	95.670715	33.454398	0.17905649	-0.27400175
644	3.3419663	0.89128291	0.67876477	4105.9155	51.281258	46.499698	0.34710761	0.12016126
645	4.5889131	-1.3497708	0.72850416	1152.0513	43.154895	24.232612	0.31530375	-0.26125746
646	5.1340322	-1.2206848	2.5664709	2488.3889	39.128402	15.181587	0.08909531	0.44730325
647	4.6397144	0.022241157	0.78055418	3181.6186	68.210666	40.926852	0.055631504	-0.46142384
648	2.485102	1.1266097	2.4803078	1545.6132	105.08845	62.025274	0.1670441	0.2873323
649	5.0093099	1.0124684	0.32974315	2334.2865	36.498286	24.012943	-0.22846595	-0.10809073
650	3.1545608	0.26203722	0.61453799	5884.5449	49.647204	49.368065	-0.25518288	-0.0084401858
651	5.3030987	0.15970747	1.9631996	1171.5258	36.477116	35.357235	-0.074441491	-0.33452758
652	5.4684647	-1.1120958	0.87229694	2010.6074	61.111957	45.134554	-0.10530514	-0.72856873
653	0.19415661	-0.92464038	0.86917755	1104.7262	27.737357	20.332627	0.41908457	-0.094697368
654	5.4877908	-0.72168413	2.9582617	1706.9094	22.868329	21.441393	0.26940859	0.20660639
655	4.4437011	-0.58447847	2.4958853	1148.5251	41.175135	33.998519	0.18521453	-0.078053921
656	0.24437947	0.26272278	0.85754782	575.06045	19.000472	17.328255	0.11488336	-0.038526891
657	5.1096548	-0.20285243	0.58993051	7409.4233	81.011439	74.363605	0.39651543	-0.52805286
658	3.5357453	0.72831722	0.38649214	1177.6404	54.667157	26.47858	0.33859923	0.020293715
659	2.5954408	-0.96504287	0.19903863	2793.8723	17.433354	13.742325	-0.0046091173	0.16442789
660	5.0527799	-0.16916208	0.81258728	1977.9199	26.725488	24.145294	-0.1499246	0.037795356
661	2.6752089	0.63888165	2.516883	3548.2163	60.245696	51.758694	-0.60812442	0.72628144
662	4.7874923	-0.8526146	2.1991617	1349.1555	15.727729	15.561837	0.036357905	0.22327098
663	5.8350669	-0.18353019	2.6732591	661.71397	9.5936073	2.4014304	0.25174061	-0.041680469
664	0.19617742	0.068579279	1.923374	921.35881	21.832584	16.59357	0.00510527	-0.13601308
665	1.0353039	1.186608	0.36573184	3841.742	77.983531	63.298061	-0.014060329	0.48526243
666	4.2005184	0.74689065	2.7490041	331.92479	2.4707559	1.6871455	0.058156359	-0.077223959
667	4.6103201	-0.72769659	2.986707	105.44997	2.1172741	1.3449547	0.13615983	0.18649239
668	0.12644354	-0.042511096	0.48999077	899.58955	61.981185	22.925969	-0.42676755	0.02970576
669	5.0247944	0.77859609	2.0129987	594.56796	40.889389	40.161278	0.44530628	0.17653573
670	5.6601807	-0.81412038	2.4636264	730.9329	11.317539	8.6343318	0.41973165	-0.040520708
671	1.6464264	-0.35053148	1.6414529	2188.484	44.583355	31.782198	0.123844	0.87651612
672	2.1539093	0.46768821	2.6642966	271.02055	1.7917279	1.6893358	0.085326927	0.1055895
673	1.9531857	0.64854781	2.1442521	1481.25	30.324439	22.450278	-0.064346136	-0.11835228
674	1.9395558	0.21499679	0.35565294	828.40766	2.8501212	1.8399985	0.021020075	0.20504273
675	5.9401943	-0.93124194	1.532748	2011.942	77.811081	58.674193	0.04184073	-0.35376912
676	1.3519555	1.4041072	0.45993497	2709.2158	29.925403	26.175539	0.3605991	-0.27484161
677	2.1296764	-0.57450167	0.43383431	1668.4109	21.044509	12.639465	0.26293298	0.042000744
678	6.0179578	-0.37245063	2.4510283	3775.6532	63.032866	57.128923	0.39164425	0.098220799
679	2.4926002	0.83059413	1.0663491	1426.6649	12.215247	10.884882	-0.092996228	0.483929
680	0.36709956	1.1305896	1.7316348	341.52918	18.502369	16.63421	0.12393395	-0.013595697
681	2.0687865	-1.4044107	0.81452523	2616.8133	72.602325	56.390596	0.099153347	-0.71710405
682	5.2319987	0.50674125	2.8688661	2260.1631	16.521697	12.844329	0.18901105	-0.33087743
683	4.4954964	-0.57266094	0.47734856	8657.6047	133.69922	129.4517	0.80626087	-0.26660002
684	6.1916736	-1.1991698	0.32505891	3935.1986	43.149034	17.505376	0.00074561853	0.48555647
685	2.1055873	0.59121417	0.83633762	4462.4411	45.644719	33.057748	-0.082332275	-0.12266173
686	6.0604071	-0.47755148	0.2346249	314.45856	1.8172167	1.7684457	0.0009363946	0.15792696
687	4.3610136	-1.3320509	1.5162443	1239.2807	19.976006	11.34968	0.31816014	0.83652338
688	4.8843046	1.3370303	2.6164987	1093.7367	17.483792	12.072189	-0.24931966	-0.36024565
689	2.1872728	0.64439642	2.3635282	270.94261	1.6639686	1.4741776	0.045166061	-0.26277196
690	2.9982588	0.42685313	1.8809936	727.15442	15.833099	8.2835085	-0.3911148	-0.29874822
691	1.6009524	0.31232834	1.0765433	3488.6906	35.241112	30.148772	0.57784143	0.11844502
692	2.7378756	0.35290176	2.8044737	4202.2894	34.108909	33.710648	-0.062701883	-0.11007747
693	0.63789334	-0.4013371	0.71285616	1657.2482	29.832235	14.353653	0.29739124	0.47746136
694	3.8240387	-0.25949979	2.4535767	514.21868	12.812698	12.396929	-0.2671161	0.085336001
695	0.11697315	-0.28126323	0.45780795	2092.3024	27.251411	19.377498	0.271577	0.60635865
696	1.0865777	-0.57164204	2.7664784	5757.7389	129.34445	88.155949	-0.02930223	0.10965892
697	2.3210685	-0.1328518	2.0604247	2058.5839	80.10094	26.462011	0.30559738	0.35891807
698	1.5480347	0.64897591	0.97434615	495.68567	15.653451	8.4043742	-0.49375378	0.035244665
699	3.8487755	0.084517995	2.3614849	2619.1714	137.70647	39.909031	0.22091913	-0.46142895
700	0.93869622	0.46693489	1.6535945	515.47873	20.446602	14.190326	0.11188813	0.55106786
701	2.2299417	0.66770611	0.65318393	464.68236	2.5479334	1.3779478	0.22379784	-0.11050262
702	5.7323333	-0.46495485	0.68099176	2942.6266	47.58336	44.179732	0.16998432	-0.20845434
703	1.4537584	0.5228723	2.7706131	1149.6153	26.853895	17.39341	-0.14699122	0.44837828
704	3.0014248	-0.42157323	0.34173059	7839.1688	110.84051	72.247182	-0.090470746	-0.051789787
705	4.7965146	0.68681775	2.2738469	6406.0688	83.574411	62.436147	0.028226299	0.10656854
706	0.92081673	-0.59580594	0.53338148	2738.4566	32.735853	25.999696	-0.15916149	0.091788051
707	5.7826072	-0.12868009	3.0001399	5212.3305	79.716231	68.923354	0.53333546	0.040446873
708	2.2674238	0.40215039	0.90681497	1470.169	47.254392	18.51602	0.084132132	0.093657712
709	1.2237449	-0.9989673	1.7745979	1921.9688	43.975703	31.404838	0.56827865	0.093663125
710	1.4844838	-0.51195257	0.81956045	5520.8278	29.271129	26.411668	0.25518565	-0.096363643
711	1.8428099	1.4157461	1.7970728	881.95728	48.302484	42.796056	0.61714073	-0.13143399
712	2.4794561	-0.78280012	2.0601888	4324.7511	65.792514	52.368719	0.50522636	0.52076233
713	5.0366219	0.054613689	2.7871976	1742.0889	50.895358	45.722564	0.15332518	-0.078632262
714	1.419871	-1.3684356	2.1345337	877.72394	12.780686	12.657879	-0.13001177	0.063296417
715	5.5359843	0.73950755	0.19542372	1779.728	11.148659	10.907453	0.84892879	-0.03408754
716	1.3756894	0.29366515	0.71660517	3732.9604	77.392612	37.368524	0.76161598	-0.27712996
717	4.6002126	-0.98616503	1.1058817	5478.7325	101.01179	98.151918	0.038578567	-0.61621919
718	4.4922154	-0.030404009	0.31188722	384.18731	2.1356376	2.04481	-0.16730896	0.019378521
719	5.4165025	-0.46727478	2.1781294	2949.3811	120.15301	78.53759	-0.90662134	0.54840999
720	4.3550949	0.74168988	3.100806	780.01458	39.946861	18.84918	0.33925089	-0.009411334
721	0.4478032	-0.9439542	0.7871509	438.95784	12.248211	6.9832243	-0.10276089	0.021601712
722	5.2196794	0.10886687	2.6196499	4917.967	103.03156	72.385212	-0.22019983	-0.18138513
723	4.7567896	0.069776716	0.5490386	1711.0075	48.134031	40.882514	-0.043079807	-0.00018221025
724	3.3060795	-0.39412991	1.8061619	3074.7972	72.314153	61.222121	0.11780475	0.28265087
725	5.3197008	0.44987752	1.3553502	148.25284	2.3993904	1.8645662	0.0663189	-0.089892777
726	5.3614796	-0.048702856	1.9085161	1454.5004	12.716995	11.196853	0.7603916	0.22354432
727	0.4934335	0.76077249	2.3556287	5104.9133	81.782339	59.49071	0.49460225	-0.15115298
728	0.66485522	0.015430767	2.6501219	1684.6088	55.769554	35.63857	0.51399296	-0.17023789
729	4.6152704	-0.25158007	0.90710066	4881.2389	98.353782	43.984859	-0.20883947	0.099918494
730	1.8157897	-0.027379818	0.34406222	2060.6015	40.287447	38.534097	-0.15416901	-0.13735453
731	1.028942	-0.69517348	0.87902889	1220.0089	38.856783	38.510752	-0.46653726	-0.14731251
732	0.34724998	0.3780002	0.82627949	2000.4017	62.254461	28.008345	-0.42686966	0.012738268
733	4.4902038	0.057986412	2.8653495	5147.6365	114.22397	86.666381	-0.40711485	-0.29582575
734	6.2721687	0.67800701	2.2320649	2054.4507	47.920688	31.118124	0.21950552	-0.12928272
735	1.8425682	-0.91728816	0.58562538	2322.9623	18.55383	18.372468	-0.11417148	-0.18930521
736	0.23047457	1.1495649	2.1864964	5419.394	72.013636	63.554834	-0.026497452	0.24717119
737	5.1009505	-0.54488284	2.2459543	965.97496	11.151296	10.796482	0.18972601	-0.47292588
738	2.5469738	-1.1171521	2.3986656	1205.089	65.48101	62.716609	-0.66631965	0.32973071
739	5.2939961	1.0158305	2.5316931	3701.2731	40.448864	39.201623	0.075247496	0.03885483
740	0.66627845	0.37944218	1.259583	239.74488	11.368067	6.6683977	-0.065537741	0.20870131
741	2.7353143	-0.34628852	0.60694552	3694.3478	61.790563	46.047461	-0.39963981	0.18196829
742	5.7336844	-0.52718551	0.56476482	2207.0956	34.375631	24.175964	0.40115141	0.67433153
743	4.5311402	0.52512607	0.75737416	3850.2728	78.294064	42.150657	-0.049291991	0.40770841
744	4.9315127	-1.0457197	2.5854162	3549.4655	46.24767	42.702746	-0.0054054625	-0.01356061
745	1.9541422	0.74476769	2.3645674	7010.879	123.16839	77.205651	-0.070687038	0.51411393
746	3.7865158	0.42016198	1.0586095	2477.3163	50.681059	32.547973	0.44154032	-0.068054405
747	4.3070853	-0.29307261	0.61979469	2032.8884	46.171614	13.400924	-0.50728154	-0.23199961
748	2.7528749	0.22949971	0.80241344	458.07706	2.8066868	1.909754	0.21870034	0.044507381
749	1.543581	0.52331018	0.52160025	3215.3092	40.585533	20.218523	0.25238887	-0.43849647
750	5.7037568	-0.69825477	1.1944022	2266.6418	58.281288	41.119346	0.15127278	0.034126083
751	5.7231783	-0.42678742	0.57291194	2332.3911	30.272199	24.077472	0.26258621	0.30954738
752	4.2890195	0.66538306	2.3114949	2379.5352	35.225782	26.319842	0.37336594	-0.0047371342
753	2.7785913	0.097516581	2.8107844	526.82743	8.4637081	2.705492	-0.091825947	-0.072535213
754	0.42592399	-0.91907629	0.84398506	1071.3432	9.8473203	8.6829643	-0.48759063	0.06851256
755	1.7303231	0.40535128	2.7308052	939.36112	44.559196	42.123096	0.0053811248	0.11285729
756	3.8534889	0.24388288	0.13462438	4655.5194	55.365106	39.43124	-0.28021921	-0.72852485
757	5.7273856	0.72030904	0.28997521	2148.654	51.422331	42.451912	0.52500252	-0.013141834
758	0.88626846	-0.41277899	3.1113597	5422.7703	74.181455	68.455796	0.0046251115	0.053624704
759	1.088096	-0.52200706	2.3711251	4597.9575	48.593416	34.413322	-0.23815956	0.11459189
760	5.3907532	-1.5032355	2.2589119	3122.1721	63.209747	57.201787	-0.38883668	-0.081307805
761	2.066596	0.58251704	1.0917485	7209.3193	81.015873	65.648596	-0.069936873	0.080820456
762	1.1880934	0.86108146	0.45626883	1733.7534	45.009741	18.75256	0.73582155	-0.0043828101
763	0.35728414	1.2835752	2.4485608	3033.4531	37.494577	27.51115	0.14692503	-0.37352476
764	2.7781862	0.52454569	3.0706906	1027.1089	18.471107	3.1250739	-0.070954668	0.052728598
765	5.6905034	0.96540076	0.47377347	5752.2628	63.628838	63.242411	-0.12016664	0.91620185
766	5.3723851	-0.05485666	0.74116606	397.34291	10.099541	2.2622819	-0.35801536	0.25173689
767	3.7892828	0.79142853	2.0095681	568.69015	2.1983039	1.5168323	-0.042964983	0.21509245
768	1.4072488	-0.62808373	2.4861384	838.31588	26.997689	14.005548	-0.36844838	-0.22831908
769	0.53865738	-0.28271328	1.0871527	815.90334	43.785419	12.678609	0.72288071	0.14619332
770	0.56429511	1.5065237	0.93670882	647.47914	34.851974	31.492656	-0.015307773	0.18509986
771	2.0693238	-0.77117042	0.6538039	2654.7321	66.556264	20.854588	0.51382962	-0.0058017554
772	1.9576526	0.022466205	2.9078081	4264.2043	65.175801	44.388011	-0.23695887	-0.42431855
773	3.1901128	0.36890401	1.3344031	1663.9939	28.810636	24.077279	0.70812401	-0.060713797
774	6.0470292	-0.071641741	1.4213138	813.8493	16.349387	11.515689	-0.11099519	0.33700287
775	4.1521491	0.78223604	2.5512574	407.38584	2.7100275	1.8151372	-0.18127393	-0.24788615
776	5.1314898	0.29068629	1.3003767	1343.7826	46.284845	31.990004	0.40786571	-0.12272952
777	3.7451573	0.57462401	1.9365407	1119.2917	13.235974	11.643977	0.32151708	0.033436073
778	1.3303089	-0.28661263	3.0455222	4855.956	56.146128	55.708966	0.41724948	-0.31349687
779	4.2585108	-0.23686349	0.28854851	1937.3499	44.471714	18.910788	-0.45293827	-0.066913081
780	3.9150435	-0.24316443	0.47872459	6655.731	98.667321	60.822063	0.56253487	-0.24582242
781	4.6767594	-0.55385234	2.2643729	165.43395	1.3361079	1.3215358	-0.026658968	0.039451194
782	1.0604796	-0.73797748	0.52439052	430.74802	1.832567	1.524651	-0.24306023	0.019187084
783	1.8287161	-0.32657853	2.1999591	2166.883	90.975169	66.747634	0.025440202	-0.094612334
784	3.5624031	-0.92472341	0.78549632	5016.4146	82.992893	41.16315	-0.30455252	-0.1818984
785	4.7497298	-0.090339373	1.237766	755.96281	36.788391	30.004545	-0.12060494	-0.0031096065
786	6.268967	0.13578775	0.28507717	11896.935	99.003452	98.755851	0.037195811	-0.12623812
787	0.029196968	-0.031222678	2.2067191	921.17678	29.715891	19.740638	-0.34399763	0.10073066
788	1.9918749	0.24267401	1.7461454	1184.9605	29.196186	22.564812	0.091607635	0.48380905
789	5.3147082	-0.1800869	0.10592394	3915.2714	19.785469	16.556343	0.24186186	0.085352227
790	5.7863903	0.85619391	2.0043294	242.48207	2.5510334	1.8960097	0.017934765	0.037752775
791	0.016139149	0.56129727	2.8045496	305.3955	8.0431941	6.6140308	-0.41569462	-0.41052639
792	3.5040212	0.52486099	0.08962045	3822.0746	33.969927	23.010841	0.8211665	-0.66627588
793	3.4131317	-0.49040444	0.42249894	4141.1314	45.387068	41.451289	0.30530086	0.058393735
794	2.8723404	-0.73886682	0.21577892	1468.2471	11.956182	7.8062149	-0.10546642	0.055862154
795	1.4872689	-1.1962936	1.5062537	753.53954	17.81627	13.989245	0.40735779	-0.34785136
796	3.7620239	-0.54880139	2.7860828	5186.6012	32.485136	26.278741	-0.021463785	0.17931167
797	0.068147178	-0.78291775	0.81021792	2177.9966	30.150094	29.006037	-0.67938878	-0.2893977
798	3.276471	-0.93863845	0.85890674	910.32369	17.680694	11.739716	-0.14847471	-0.36785619
799	4.4122926	-0.23976234	1.7514695	2727.1648	27.249159	24.823519	-0.24874988	0.35334841
800	3.8876854	0.86387725	2.6733654	4606.0043	43.330069	41.669753	0.14642203	0.023700792
801	4.6201194	0.24806792	2.8758046	2149.0059	40.718064	16.171045	-0.023146274	0.32900158
802	4.7608238	0.42780669	0.97456285	475.23862	3.5472845	2.2345255	-0.003289894	-0.01539724
803	3.7539177	0.89415829	0.53754966	1295.3172	40.62748	18.646933	0.22047365	-0.10234271
804	0.28290674	-0.41382063	0.84238692	1833.33	49.311285	36.729688	-0.030146721	0.21143847
805	0.5740745	-0.51564976	2.1788573	1559.2007	78.553238	17.341226	0.24427298	-0.044379444
806	4.1538242	0.08160369	2.1097606	4706.9957	66.301147	61.508731	0.51049077	-0.19589593
807	4.5325792	0.34413499	2.4294254	4816.7029	100.52095	57.52131	-0.067834972	0.15759483
808	4.6466586	0.15218924	2.6230843	2761.2271	42.712249	38.286527	0.0077815354	0.25910231
809	5.7523535	-0.66980571	2.9180011	4146.8038	60.376693	39.065639	0.24667515	-0.040330151
810	2.5974364	-0.48153886	2.5261649	3207.0383	72.341839	19.225594	-0.38607753	-0.044347428
811	6.0753923	-0.12316951	1.7172361	2585.5332	61.055577	54.367517	-0.39020369	0.01512989
812	5.3684806	-0.46493015	1.4187571	512.16129	13.007969	9.0004092	0.16731386	0.081573554
813	3.0679211	0.24121165	0.34039233	5122.2175	91.689627	81.900247	-0.0079415712	0.79712025
814	5.1019824	0.75873491	2.1526502	3996.3665	66.554132	40.963767	0.46752049	-0.23108678
815	4.9962689	1.1849493	1.1465706	2331.5548	42.578056	32.184392	0.26552444	-0.048020374
816	5.0832504	1.4290881	0.27318303	1208.4773	19.472209	9.4467592	0.17623479	0.0099623003
817	0.22449393	-1.0617218	1.7159071	151.9588	1.8224966	1.7276702	0.089548815	0.11654343
818	4.3732831	0.089707031	2.4728772	2878.8515	41.615407	27.761181	-0.37417862	-0.56635294
819	6.1353318	-1.0599829	2.1101625	1731.4705	58.005753	13.83002	-0.074706808	-0.16543306
820	1.2226822	0.069873987	2.646605	1520.7847	17.054584	11.971548	0.64541204	0.21239255
821	6.087008	-0.8606075	2.03723	4038.9004	132.20099	62.713771	-0.43878992	0.64925362
822	1.0544358	-0.53386562	0.81869673	1275.8437	47.867	44.248654	-0.18007787	0.20889949
823	0.16732849	-0.76369035	2.1347502	1590.6826	10.013791	9.1332367	0.14060779	0.045720913
824	0.51014488	0.37607796	0.26860447	4312.839	42.084301	41.165167	0.00071556134	0.098607439
825	5.9038875	-0.64189218	0.50932884	1897.0317	68.144849	29.682355	0.48235744	0.29167748
826	3.2982923	0.87465147	2.2936425	2287.4923	34.287328	26.586608	-0.2897902	-0.16592963
827	3.1886969	0.90033621	0.69529109	3298.4354	52.607857	45.016538	0.25070651	-0.36318295
828	2.4512596	0.037513363	1.2125164	1580.625	30.629852	21.429302	-0.053704079	0.044368906
829	2.2726013	-0.3714599	0.57848746	1341.5487	28.361418	27.166225	-0.59599825	-0.028594572
830	5.7782725	1.1977293	1.6378521	3241.565	141.82559	71.946496	0.0014009293	-0.38346944
831	0.4664044	0.27832155	2.4551761	1124.8163	55.678432	24.113788	0.34348211	0.19511704
832	0.046836589	0.016391578	0.80014893	2349.7429	42.889016	32.612229	-0.680586	0.02506309
833	5.0307377	0.2230838	2.6239343	140.6041	2.6884676	1.7664393	-0.12964514	-0.1413006
834	0.70092067	-0.94600966	2.88087	10527.204	90.537046	64.847735	0.22009755	0.067594082
835	5.1664561	-0.6424588	2.215331	2488.0309	60.594563	46.898512	-0.42093947	-0.0070794039
836	5.5896933	0.21106145	0.32169325	9440.2129	65.247864	63.710268	0.0033437702	0.18846213
837	2.2992724	1.0494953	2.0633941	765.22212	9.2461981	8.2443901	0.48873138	-0.08920945
838	6.1085347	-0.86230247	2.829623	2307.0056	51.265934	48.121125	-0.24308026	0.23729013
839	5.3051816	0.25286671	0.72260039	3532.5287	66.469788	45.866708	-0.078990735	0.0088659286
840	0.12679074	-1.0965356	2.3977405	2344.3139	22.371456	17.524963	0.1257039	0.13216629
841	3.3970638	-1.1646312	0.70779116	601.49661	3.1226908	2.6583707	-0.1890382	-0.020045107
842	0.39859222	0.64093108	2.2710728	1433.6691	51.015784	43.031304	0.61920859	0.17153064
843	5.4278049	0.0098404134	1.2516496	546.16929	17.331328	15.043917	0.86757789	-0.0031878873
844	3.0792039	0.059884605	0.31669684	2435.1264	32.792991	22.876571	-0.027588377	0.30542886
845	3.1997608	0.43955551	2.295591	643.22959	27.419973	20.736158	0.34783865	0.075591333
846	1.5994318	-1.4123761	1.31975	119.18248	2.5397857	2.2538771	0.058162317	-0.019328683
847	6.1227343	-1.1075705	0.52326854	3546.4669	42.63217	39.728967	0.36334164	0.20365372
848	0.80448035	-0.74923953	2.6582401	3421.091	59.502465	52.196483	-0.43265814	0.082752211
849	0.86150773	-0.081483929	2.4798076	1093.5877	22.608208	14.386534	0.065919216	0.10198964
850	3.6068228	-0.6994671	0.30937812	1427.9427	10.948326	10.89516	0.48771352	-0.18230946
851	2.0352846	1.104772	1.0022943	1054.2966	39.973996	34.321039	0.042429388	-0.19794404
852	1.4258431	1.1346104	1.4842281	4132.7767	73.562076	63.602418	0.53333546	0.040446873
853	0.10715196	0.64215058	0.30814156	6034.9977	48.823251	39.054989	0.018629269	0.45022715
854	4.9341887	0.5913364	1.4111933	654.3457	24.675777	9.6541099	0.099108595	-0.20651836
855	1.5703202	0.29901735	0.778899	5339.3475	50.56212	41.377985	0.50047738	0.052087807
856	1.1926049	0.22669417	2.4810061	10220.214	111.17352	95.305934	0.35093886	-0.28020771
857	5.52101	0.74576328	0.84950818	346.4987	9.7662192	2.3576985	0.1408742	0.19368033
858	5.3383121	-0.16442852	2.3099167	3381.1319	77.097748	53.6824	0.091678099	0.097618658
859	4.1110387	-0.59164612	0.44879884	3939.9209	33.831451	25.544501	-0.21142355	-0.0039182834
860	4.4986499	0.40016071	2.232463	1415.4081	13.892892	12.808709	0.018157884	0.49564786
861	2.0478941	0.68882399	0.69976739	2101.2681	38.731836	34.706493	-0.72666721	-0.49587956
862	3.0668027	0.54652188	0.65458154	2878.0721	40.710283	30.112139	-0.13000152	-0.0432725
863	0.6015062	-0.46559409	0.66932766	3177.0878	76.096857	73.917087	0.10837218	0.0076514057
864	1.058741	-0.9472179	1.9749299	3325.2257	88.239426	68.153397	-0.19053069	-0.00078880017
865	1.8520657	1.1892302	0.12728549	4939.4268	50.087447	40.966414	0.27241881	0.075611719
866	2.4011135	0.50727587	0.51388331	1497.0977	22.470151	11.919437	-0.046909956	0.18063619
867	3.519302	0.19980294	2.5035674	1522.0106	14.155718	10.936105	-0.092797195	-0.41330126
868	3.8007098	-0.5901856	1.2665022	705.46337	59.140833	43.774974	0.2887363	0.08779993
869	1.3914003	-0.5892617	0.661028	1697.8477	83.768131	66.259188	0.11385472	-0.19615081
870	5.7909093	-0.26031332	0.38996827	1810.6602	11.3965	11.201531	0.033598032	-0.39473429
871	1.5564028	0.19393538	0.22631828	3314.679	78.540545	73.963316	0.13504748	0.072938516
872	1.3440077	0.52534424	2.695301	2448.9504	54.096437	38.563019	-0.12526858	0.10494915
873	4.3870445	0.78776751	2.8857614	6393.4966	107.77286	102.32683	-0.35029761	-0.2166754
874	2.9809179	-0.61090577	0.92487791	2420.4171	35.462495	25.651941	0.59148524	-0.014511859
875	3.9461386	-1.1670224	2.3940636	1276.613	13.85406	13.684549	0.0032537425	-0.12061774
876	5.9984364	-0.18345913	2.4028809	1209.541	12.198003	11.059592	-0.0075111929	-0.17633145
877	1.7734655	-0.52646822	1.8199644	1409.7882	34.352089	25.372935	-0.12836345	0.10106263
878	0.61013546	-0.0035390755	2.4707039	3300.0672	51.470137	47.91117	0.18722584	0.05216648
879	3.1391997	0.8350181	1.669318	926.70605	20.421964	12.21096	0.10797727	0.24461192
880	6.0242857	-0.87204374	0.70175927	997.16875	14.845795	7.4287194	-0.10897533	-0.010713965
881	2.9652498	-0.48261903	0.91220376	1433.7144	16.136847	14.021103	0.02159084	0.13907513
882	2.1836246	0.68044777	2.6616974	1790.6825	12.002956	10.789296	0.21006446	-0.35170283
883	4.2156352	-0.53966125	1.8234729	2709.7026	52.431817	44.327548	0.62729191	-0.045490125
884	2.218741	0.54778595	0.31939994	1138.9445	12.183404	9.3768959	0.30104705	-0.43503075
885	0.33341601	0.84177143	2.432241	3481.9164	32.26521	27.208971	-0.073596038	-0.1912968
886	4.7392722	0.52316667	2.2468751	3194.8265	19.683522	17.439892	-0.0025887935	0.64539699
887	5.0978411	-0.16001988	0.67975456	954.16683	35.233121	28.520828	0.32266896	0.40718023
888	3.969027	-0.25144639	0.56827189	2843.848	86.936589	43.51736	-0.088417566	0.0067963923
889	1.9893055	0.42690922	2.6464385	9512.6398	101.98657	83.328291	0.08090046	-0.12202697
890	4.3753879	0.84163589	0.84564502	3053.806	91.050027	19.001043	0.22384934	-0.11174815
891	0.83288314	0.46881203	0.89334737	290.1779	1.7323744	1.6470639	-0.012690596	0.068559775
892	2.6774509	-0.21314539	2.8287813	3584.9176	57.94168	43.063725	-0.14587879	0.32980859
893	1.7759403	0.47877679	2.8489193	4261.4657	46.717279	30.588616	0.1337971	0.031436664
894	5.0432589	-0.12874944	2.6469042	1605.8668	18.42804	13.850158	-0.72625702	0.59924581
895	2.3082321	-0.24063852	1.291684	1042.2362	40.906512	26.147039	0.10498045	0.41987027
896	2.5678068	0.67343099	0.81137665	4239.233	44.510464	36.704498	-0.43700332	0.46181916
897	5.2112087	0.087329184	2.0105585	1489.8109	34.016434	31.674471	0.0088836194	-0.54811642
898	3.1783227	0.6504109	2.7867928	8531.4639	95.108577	87.976015	-0.14532823	0.037564603
899	1.1067871	0.88192086	0.24278774	3407.2603	64.418164	43.605727	-0.42658539	0.28005108
900	5.065992	0.1265409	2.3061831	152.44835	1.9798066	1.9221952	0.1933166	-0.16501534
901	2.5723101	-0.77306552	2.1676668	1211.0503	33.616929	28.328795	-0.26262543	0.77347714
902	2.0999546	-0.39507036	2.5478134	1431.9166	22.277152	15.391148	0.0077009547	-0.086839367
903	3.4201446	0.42189255	0.34142016	3902.666	80.991122	62.821958	0.064375253	-0.40310599
904	6.092929	-0.98307378	0.86228638	2168.7936	85.391872	59.837503	0.38320884	0.21777457
905	2.5644358	-0.86559344	1.0250332	1062.3737	17.757662	14.696056	-0.029806184	0.13778131
906	6.1158555	0.0067173199	0.7945968	966.55748	32.41201	24.773556	-0.0015575754	-0.1009523
907	6.1656293	0.11676505	2.9414995	442.01762	7.5630455	2.2293574	-0.41246404	0.15052833
908	5.7062019	1.1148787	0.41496866	539.31069	2.9443424	1.3471191	-0.15940783	0.091776246
909	1.4848862	1.1594555	0.65797021	3240.1843	107.01301	71.667195	-0.043740307	0.22863004
910	0.62672424	0.89031626	0.23048881	3499.5934	60.853765	54.668838	0.15332518	-0.078632262
911	2.8255455	-0.20780154	2.7553613	469.54555	27.42356	19.638131	0.24529865	-0.64946357
912	2.406787	0.42820768	0.46719112	957.67922	9.0300271	8.7709454	0.4138427	-0.3359013
913	5.8650421	-1.1335024	0.81738826	785.68855	12.349274	10.47412	-0.054038019	-0.1449041
914	3.7937672	-0.4783565	0.77631848	702.40817	14.605188	10.524115	0.39194102	0.021818484
915	4.058749	-0.50573556	1.6638438	1887.5074	16.561221	14.162797	0.018299358	-0.16402785
916	4.4140101	0.95300239	1.4438151	2569.4547	66.180166	46.191559	0.59338634	0.15075954
917	4.5398199	0.9237829	2.2036466	730.68498	15.114966	9.1305908	-0.19261321	0.44226847
918	5.4629211	0.69948749	2.7653622	6350.0014	118.34133	69.179913	0.20674177	0.01007006
919	3.6639019	0.36456418	0.87470533	2212.4373	34.563588	30.728664	-0.042443165	-0.14093665
920	4.024514	-0.52461002	0.55853448	4072.0522	53.869193	44.836607	-0.70019611	-0.28004161
921	3.8379939	0.092991133	0.25284578	4517.9701	65.604279	47.583951	-0.066229342	0.49548153
922	5.5069793	-1.4138142	0.6413068	1341.4651	23.270192	20.676727	0.39612526	-0.07378522
923	3.0973606	1.25063	1.9427592	901.16041	14.964216	12.661402	-0.43235236	0.4862543
924	2.5116352	0.19736381	2.2062407	1096.679	26.883924	17.030258	-0.26911274	0.059518405
925	4.8252302	1.3111251	1.2419295	738.17905	22.004	20.099073	0.53738758	0.46833264
926	3.806622	0.16654414	0.40611456	3099.2405	33.993865	22.911004	-0.29459544	-0.11106476
927	2.2247078	-0.93296318	0.71432233	690.06076	34.611198	31.696238	-0.37029069	0.01397653
928	1.3978631	-0.25470612	2.8799059	1667.2826	53.790842	23.212421	-0.15272887	0.031317342
929	3.758324	1.1568703	2.7428007	317.34816	1.8732167	1.6733543	0.021010731	0.35129116
930	6.2490231	-0.25858774	1.941059	1036.7104	49.0715	23.484908	0.055410261	0.3752442
931	2.3468144	0.24475673	1.404299	1683.8329	35.763719	23.850696	-0.2047724	0.024072697
932	3.6095848	-0.18203652	2.3291365	1992.1206	41.930937	35.632323	-0.15718991	0.6178106
933	0.35003558	-0.36817553	2.9710712	219.25615	10.170044	9.4223289	-0.57676073	0.12548411
934	4.178736	-0.016690292	2.5106479	1664.7313	34.891191	30.565033	-0.074306357	-0.032443622
935	2.6244984	0.8982533	3.0191111	1441.3397	12.316938	2.5936448	0.066224046	-0.32915315
936	0.18560984	-0.89610293	1.0621005	627.24027	33.00015	17.212727	-0.10939156	-0.041517987
937	1.558052	0.5771233	0.73504983	705.25884	12.693036	6.9692607	-0.17515884	0.25525161
938	0.28058396	-0.72908376	0.55654562	5828.0645	78.417118	53.701455	-0.10105919	0.016018442
939	5.6041234	0.67398243	2.7612334	6679.0345	127.83414	73.565537	0.18000823	-0.4677529
940	0.77556934	-0.31091208	2.7428101	187.78851	1.8471484	1.6709725	0.094035461	-0.13247444
941	3.0915164	0.27189626	2.7626552	3841.7603	40.438283	32.171447	-0.04973802	-0.030538072
942	3.9377747	-0.073619247	0.36414316	7019.3789	82.193737	70.535721	0.51371449	-0.39205785
943	1.320131	-1.1635514	2.4436295	3142.8624	53.665764	39.614181	-0.034201101	0.51767313
944	3.8446584	-0.17699686	0.50871947	2860.008	44.941985	36.969143	0.3924135	-0.4258484
945	2.1893412	-0.23214198	0.59897322	1625.2616	27.618095	20.026614	0.21362566	0.038721267
946	3.2152106	0.32752472	2.183837	3256.0765	71.890056	39.511718	-0.47987952	-0.12726319
947	0.40994997	0.44885036	2.1590422	718.62471	19.44962	14.688128	0.17078842	0.41939411
948	4.1642478	0.55755835	0.70291127	4842.4274	58.573359	51.670181	0.29005023	-0.013235565
949	5.2056334	0.21977524	2.324912	596.74705	21.062861	13.302724	-0.026534575	0.007641467
950	0.92268547	-0.73503722	1.122798	957.31028	30.499425	9.2082737	-0.19181189	0.16523613
951	1.2233969	0.33322751	0.50364811	751.52798	16.556067	14.616094	-0.54566039	0.018081425
952	4.4217582	0.2540903	0.79328856	2614.7694	39.688099	26.577957	0.31343047	-0.89633688
953	0.75793512	-0.38763433	0.59072394	2765.5013	66.176767	45.219904	0.045253763	0.26529701
954	2.4882165	-0.79690327	3.0221582	3678.684	46.823255	39.80672	-0.13101832	0.11758407
955	4.178759	0.68045657	2.3341099	3649.0386	40.028709	33.319278	0.25035101	0.4135641
956	4.6719321	-0.035634636	1.0343564	816.38247	13.046761	11.728681	-0.06043051	0.18932913
957	2.1283568	0.058699938	1.7229963	294.85085	14.770362	9.5432238	-0.23236111	-0.19759813
958	5.8129832	1.312244	0.74931664	10145.197	108.50393	92.723715	0.49289381	0.29465127
959	0.15688496	0.32872497	2.6143511	565.69718	23.371326	17.346052	-0.058973598	0.13913409
960	3.3526544	0.1321093	0.87298934	3140.711	43.312006	35.832178	-0.58415111	0.5772937
961	5.7539681	1.0037419	0.69513829	4810.088	83.384419	39.886313	-0.29497739	0.023696675
962	4.844119	1.2113929	1.7758657	949.84002	28.446263	21.433789	0.33145903	-0.13204262
963	2.0713671	-1.192655	0.51667453	2811.626	67.152605	52.267634	-0.28223409	-0.73314343
964	3.7927699	-0.93146064	0.50551439	1052.7935	50.680599	23.926997	0.085652967	-0.0024953332
965	0.58040416	0.66729765	1.0341158	101.06073	2.6977477	1.6149579	-0.71745171	-0.13792754
966	3.6768133	0.20986315	0.44553196	2322.7671	21.034124	19.868104	-0.51219694	-0.022167223
967	6.1276101	0.062921973	0.28321652	2881.2837	34.964458	32.087613	0.12373534	0.52906791
968	2.7286697	-0.97552121	0.41201036	555.71641	1.6912056	1.6304317	0.061259754	-0.043949116
969	2.6953508	0.071130009	2.4232024	1525.9827	42.414746	32.720158	0.017457798	-0.015936512
970	4.9800952	-0.24859498	2.4226707	1045.0528	36.853104	34.747769	0.28040841	-0.055155317
971	5.4202563	0.51899127	0.60289026	4875.4785	82.66576	77.636746	0.36201865	-0.039861455
972	1.0840533	-0.26595583	0.18863375	2106.8611	81.557885	42.924787	0.030907795	0.24875729
973	3.8120972	-0.62393597	2.4376517	3149.4527	71.85241	59.43302	0.029353062	0.01610619
974	2.3463036	-0.94533611	0.91311287	1244.4499	34.309119	31.726478	-0.0013734667	-0.12753505
975	0.54925192	-0.5376446	2.3584538	2522.9658	97.720492	42.814293	-0.57604391	-0.19082418
976	4.3618261	-0.98624053	2.605597	1910.0442	12.313732	11.107729	-0.27081059	-0.43482274
977	1.0520038	1.1929551	2.6459807	2604.8536	27.278388	26.271526	-0.86886199	0.0130857
978	3.5179004	-0.86875363	1.3592922	102.57748	2.0384265	1.9633142	-0.021833092	0.06383039
979	1.4209281	-0.055972593	0.8248052	1015.2218	11.062146	9.9689218	0.25658356	0.58601273
980	3.9632686	0.11071133	2.5108133	4331.3979	94.707227	53.382052	0.57857843	-0.26987837
981	1.8893485	-0.9483149	1.6305723	1754.1426	57.235307	48.920093	0.22172361	-0.12277426
982	5.414742	0.77832972	1.2077678	7638.2852	76.934714	76.22533	0.41945069	0.40772796
983	1.9453597	-0.52356024	2.2304897	2611.095	31.232531	13.798587	0.49445871	0.070703932
984	1.0568556	0.30750207	0.79605259	1058.6238	29.445863	22.242417	-0.65319946	-0.0072103868
985	2.8102938	-0.53691184	0.74917389	8159.8342	123.50893	100.07691	-0.27985675	0.12171863
986	4.6771507	0.61107242	0.5258859	6218.4841	147.9961	87.380688	0.49677496	0.41847509
987	6.2546379	0.56985335	0.27636111	2334.9044	42.923213	15.721217	-0.3551203	0.64757082
988	2.5275395	-0.82609336	0.33446734	2465.7281	18.253623	13.067353	-0.16329766	0.096819963
989	4.0299178	-0.72131738	2.7681459	7585.9708	115.40743	33.471747	0.49812592	-0.44007397
990	1.1962517	-0.31988586	2.7505658	2578.4805	21.269083	17.522314	0.87791916	-0.18666704
991	4.0599671	0.5778706	0.92169892	1897.3965	42.015314	20.63294	0.038256765	0.056209093
992	5.6039352	-1.0761669	2.0948012	1166.1284	35.86211	18.126204	-0.084733294	-0.07001186
993	1.3875595	-0.43402528	0.76572459	1428.2057	13.639342	7.9524379	0.058014202	0.094366426
994	0.16966093	-0.5473109	2.5348597	4341.7552	64.990937	62.375429	0.75322662	-0.083110618
995	2.9121683	1.3172924	0.55543501	5846.9748	106.6569	52.641737	-0.0072252106	0.45415669
996	5.6981704	1.0376844	0.55019824	2610.7783	27.863896	22.662604	-0.40950275	0.28007379
997	4.4944797	-0.93255634	2.1264952	5980.5881	56.564042	41.43444	0.12797986	0.20212768
998	5.7553775	-0.63744079	1.3326428	301.1039	7.3537537	7.3234361	0.073139329	0.37040286
999	1.2644251	-0.42840623	1.2632257	140.60587	1.578269	1.2186665	-0.27078904	0.068578426
1000	0.172616	0.067174756	0.19214629	4431.9277	62.728499	36.721199	0.0012675798	0.61700318
1001	1.5149153	-0.68382154	0.91045685	2765.829	66.278188	63.111708	-0.21389552	-0.11783966
1002	3.8191186	-1.2484193	2.5626199	1379.2283	17.702788	13.157421	-0.11214141	0.20210857
1003	3.0018596	0.45316547	2.4773477	1513.1027	24.770301	20.181696	-0.13943544	-0.052315423
1004	1.8981925	0.81119668	2.0907123	2040.2097	57.364864	34.831309	-0.78021992	-0.53409789
1005	0.36691995	0.96557171	2.4330159	3463.5708	69.180427	41.134421	-0.47556886	-0.026972505
1006	0.40318523	-1.3253168	2.00831	2730.3579	71.469163	57.976079	-0.21197677	-0.041922091
1007	0.60503561	0.31380467	1.4250106	554.60929	21.154553	16.439498	-0.56929229	0.13279685
1008	3.3810754	0.52612548	0.68462037	5077.1585	95.868227	85.735169	-0.29574829	-0.13480951
1009	5.9125699	-0.53279142	0.52352679	346.87758	10.525603	10.44183	0.0020414464	0.44621272
1010	4.4500924	-0.04560966	2.4702528	148.88658	1.981915	1.3728358	0.014518936	-0.055068166
1011	0.47087966	-0.32816811	1.4804544	1097.6293	59.903011	50.611893	-0.011959905	-0.4338845
1012	0.6822389	-0.26583929	1.515876	2529.8725	64.111676	30.609425	-0.12690332	0.081751218
1013	1.2253747	1.2468937	0.96939492	1282.8263	26.902745	24.109486	0.48542952	9.5279739e-05
1014	0.091761278	-0.54307626	1.9617441	1084.5095	48.295367	23.678445	0.29696561	-0.026523055
1015	6.0167988	-0.34337373	2.3996726	682.19572	11.57202	10.17246	0.16914649	-0.74622282
1016	1.6565692	-0.71211824	1.8722506	1351.5764	32.051104	12.188797	0.031667985	0.030103066
1017	3.5201935	0.15051889	0.36960718	2644.1338	37.035892	34.011282	0.08958322	-0.0033904123
1018	0.90988734	0.49588566	0.53688078	349.54032	2.5102436	2.5078192	-0.077058311	-0.024515441
1019	0.9516092	0.48216605	0.64400985	10794.226	69.057142	54.059835	-0.25837518	-0.0037528618
1020	3.6799949	-1.0545903	0.41774155	1962.1314	14.408378	12.693305	-0.69306029	-0.31544513
1021	0.99848835	-0.11539904	2.6879434	158.12545	2.1717148	1.57953	0.046027209	0.11097388
1022	3.6354167	0.60044578	0.92089426	1042.2462	29.528223	24.539495	-0.081824055	-0.30398046
1023	5.1835902	-0.55549142	0.6062863	620.39466	14.081325	10.917646	0.08377903	-0.60453802
1024	5.8840297	1.1554435	2.5147922	6477.3763	55.161266	41.009313	-0.11362085	-0.051028282
1025	2.6838152	1.0842988	0.70615981	2728.3076	51.705362	44.206611	-0.81311337	0.13879222
1026	4.0468397	-0.18964997	2.0237329	1179.2972	17.053218	14.677628	0.42912869	-0.036838589
1027	3.0677478	0.98123009	0.5257281	10267.435	99.529068	70.220998	0.15127278	0.034126083
1028	0.53342339	-0.49787226	0.36734894	5499.689	66.217203	40.072755	-0.31513609	-0.24097253
1029	5.1658515	-0.24562761	2.5947727	360.56273	1.8089837	1.5968747	-0.11623559	-0.13125578
1030	0.15807887	0.90262835	0.11202778	2495.7412	28.738949	18.327728	0.39570692	0.11118851
1031	4.8171439	-0.37674425	1.9002952	209.82694	1.7063083	1.5443712	0.21977274	-0.11881715
1032	0.59959757	-0.54281293	1.0880689	2690.9072	32.4819	30.055898	0.29709825	0.3920696
1033	5.3151551	-0.092736621	0.45106277	4535.017	70.013629	66.731031	0.0080268933	-0.034763438
1034	4.903886	0.23182186	2.429259	1648.0851	25.692705	21.593611	-0.10031936	0.46236242
1035	0.069074113	0.62076972	0.56122145	1160.6421	21.000804	18.535682	-0.4741243	0.46970212
1036	2.2711122	-0.61792423	1.7421622	1020.7529	98.114809	71.243929	0.42489104	0.23427079
1037	3.2151128	-0.3474489	0.95898053	727.88962	11.577942	2.0018231	0.15572576	-0.027004285
1038	6.0834856	0.95313662	2.3782441	162.60963	1.7135896	1.5296616	0.047015109	-0.02561166
1039	0.024152183	-0.26044975	2.1006583	1851.1611	34.245718	24.263296	0.66326004	-0.18985653
1040	4.2126287	0.6255284	1.5061865	357.88948	14.287726	13.343429	0.27020503	-0.054714573
1041	0.81592293	-1.2471152	2.6442211	3138.4268	35.391475	18.907401	0.43193963	0.14902622
1042	4.376446	-0.62188858	0.65351432	174.11338	1.9188639	1.4159413	0.013926003	-0.13014172
1043	2.6380603	0.13334765	2.7394965	867.91411	27.089272	26.714051	-0.039123547	0.012194397
1044	1.038014	-1.1029619	2.7727928	3518.1154	36.151357	12.057529	0.30831533	-0.3181543
1045	3.807421	0.46045812	0.60916471	324.66531	2.4660877	1.9700719	-0.18405539	0.078384914
1046	1.3301645	-0.096319068	2.9858592	2289.1811	33.863031	28.682207	0.20052911	-0.77847015
1047	2.8719378	0.67571956	2.4555482	3979.6759	36.119729	15.471048	0.73571756	0.21590729
1048	2.0583077	0.82262107	2.4741034	2903.432	55.944849	40.108998	0.67792054	-0.5611133
1049	3.3011302	0.28963618	2.3779097	494.68815	2.7843545	2.5640908	-0.29086227	-0.054428257
1050	1.3124342	-0.17863934	1.329548	654.75857	12.405467	9.5681309	0.33557671	-0.56417419
1051	2.5954548	0.2556269	0.8066114	1819.9585	45.71272	44.070428	-0.2612879	0.24749479
1052	2.2416437	-0.5262741	1.0045327	1814.6622	34.021914	25.863905	0.15786635	-0.059646092
1053	2.1382814	0.20222551	0.55617585	839.96934	14.979096	12.724943	-0.10362463	0.025897279
1054	0.63189969	0.48315309	0.99404349	1373.8733	13.359643	11.48977	-0.097572634	0.32128438
1055	5.5853271	0.33229063	2.578137	3383.7243	39.164448	38.598349	0.092447398	0.238614
1056	1.3306615	1.0398106	2.3118309	4402.2309	59.283545	37.718372	0.24895318	0.28234331
1057	5.4781417	-0.70068447	0.69998634	490.0784	9.5668561	2.8854493	-0.29612935	-0.34880279
1058	2.3000277	-0.43915514	0.85398545	410.21577	12.248242	8.9110165	-0.0013114988	-0.20621091
1059	1.5066905	-0.57123152	2.1621343	1162.0617	24.611396	21.864532	-0.068504747	-0.33887921
1060	0.69596357	-0.6375992	1.026534	822.30316	43.766421	21.083074	0.67146533	-0.087347855
1061	5.5719382	0.49315484	2.0420892	981.33315	17.69822	9.7176088	0.03857408	0.11684697
1062	6.252174	-0.049769769	0.32058777	1720.7322	24.312068	22.738068	-0.29987108	0.62792872
1063	2.7685197	-0.2894401	0.65081337	3255.7361	97.411289	57.82082	0.016461156	0.45874807
1064	3.9450043	0.56729303	0.92146557	992.11744	60.013831	27.428	0.85043359	0.1942033
1065	5.4868833	-0.89306718	0.90033186	2239.741	35.438304	32.768514	0.063256039	0.19401546
1066	3.0279626	-0.18092016	0.75388678	1205.5985	22.057784	10.456772	0.55953906	-0.17885262
1067	3.7346455	0.53886928	0.34714133	2302.5485	22.873995	13.36223	0.51646667	0.017433716
1068	0.81900004	-0.25968092	0.76404537	924.58521	20.704975	10.576376	-0.039760155	0.045515953
1069	5.0767194	0.77226656	0.92542088	1723.5093	36.022799	12.872617	0.25800481	0.32838184
1070	6.0761927	0.35090151	1.1625242	1541.3688	39.588072	36.902719	0.41705535	-0.25376711
1071	1.7524173	0.47368206	0.81309886	3520.4641	86.758733	71.635004	0.58377008	0.27590005
1072	5.978228	0.44812259	1.90048	1763.3388	67.887269	53.156209	-0.2010251	-0.65187174
1073	3.3270827	-0.32729884	1.4897869	840.99134	50.85259	36.343635	-0.89342273	0.15688959
1074	1.9296016	0.034712165	2.9273107	6680.7608	55.224543	41.498128	-0.19223072	-0.56706177
1075	6.2403905	0.6276919	0.90892613	622.16326	24.539845	24.109839	0.25205304	-0.44954593
1076	2.4057912	0.29122713	0.65743526	3361.18	57.602403	57.065489	0.067688021	-0.39042858
1077	3.3265044	0.041208781	0.90273121	808.33185	11.156695	10.698977	-0.036331708	-0.02819221
1078	5.1474195	0.73682558	1.5725868	958.22337	42.561854	17.272554	0.32585518	-0.32988738
1079	5.6225414	-0.45882869	2.520237	1127.4484	12.882573	3.2857648	0.21814871	0.10712824
1080	2.628917	0.71355526	0.87684065	1425.6753	28.507802	25.753199	-0.14019606	-0.39821199
1081	4.834117	-0.7817484	0.88694027	1713.6592	93.925992	23.321297	0.61564408	-0.034919656
1082	3.2754892	-0.34669199	2.4275796	262.78325	1.8807566	1.589026	-0.17840755	0.15605511
1083	3.1712389	0.60739241	0.17431747	4367.9524	58.096519	55.430575	0.18290314	-0.40456601
1084	4.0396711	0.38596362	2.5912285	294.4741	1.7881965	1.7231846	0.060878912	0.036235146
1085	3.7544328	-0.32430837	1.0283907	1412.7277	26.428187	25.935344	-0.082086436	-0.15398418
1086	3.1151097	1.2423307	1.349842	4023.3518	96.633586	58.374229	0.67058157	-0.29769531
1087	3.3752218	0.38188434	0.75814954	166.16313	16.972627	11.177234	-0.34938705	-0.043100471
1088	3.802336	-0.83563667	2.2239005	1479.7273	17.18146	13.086812	-0.69688411	-0.035959505
1089	2.9930816	0.47571388	1.5462657	906.09324	62.271723	50.153682	0.72325169	-0.69763645
1090	3.5046356	0.58663215	2.1449403	3049.6271	51.582891	48.028899	0.00073206794	0.24568364
1091	1.2471963	0.56618109	0.8449356	4746.703	75.893729	60.749504	-0.31508607	0.35087577
1092	2.1453526	0.89647546	2.5558654	2630.7194	23.424327	23.260903	0.58725938	-0.27637645
1093	5.9692393	-0.79769663	0.57997436	8478.5463	124.15058	122.14049	0.88690374	0.086770827
1094	6.0505702	-0.097122614	3.011383	6742.7347	72.098102	41.531443	0.27307222	0.095755357
1095	1.365202	-0.59823157	0.70947997	1407.1132	18.872209	15.88278	0.051909988	-0.22512149
1096	3.1670407	-0.93231583	1.6237959	898.1066	32.48639	24.218277	-0.091169781	0.041073345
1097	0.82030077	0.16715283	0.85012693	643.43628	18.362391	15.729647	0.047394592	0.11285661
1098	0.22492059	0.21109785	1.9833101	2964.0528	38.772129	30.415	0.60638345	0.0023752911
1099	5.8080962	1.528154	1.7472364	206.95378	2.0707529	2.0374736	0.01280482	-0.022496801
1100	4.4772528	-0.64615292	0.70943206	3706.367	92.943862	43.868891	-0.010837358	-0.55435534
1101	1.1500795	0.16358535	1.1809745	364.25553	12.426694	11.175859	-0.3212055	0.22268356
1102	3.8205407	0.23283695	2.3776222	8137.3325	186.36765	139.10389	-0.15473793	-0.009523614
1103	1.5724779	0.56616925	0.41836769	4980.3923	67.089282	49.865342	0.1703403	-0.088861006
1104	1.2040445	-0.3305987	0.50974381	1583.7459	13.118041	13.047136	-0.42085739	0.54830497
1105	2.7052509	-0.62718577	0.42972375	6949.465	79.384502	46.937438	0.28965383	0.00099394706
1106	2.667659	0.14177416	1.0725908	471.49972	40.231529	23.863382	0.12341477	0.37672541
1107	3.5287018	0.43594474	2.5804633	3065.714	50.688709	36.490199	0.032823665	0.83774294
1108	2.7543045	0.89012589	1.17913	1172.1489	30.225531	27.011025	-0.15615265	0.12984588
1109	4.5359713	0.52164468	0.099179709	3055.5717	73.610193	20.940396	0.14058572	0.20030653
1110	0.95344781	-0.18645957	2.1173911	1233.1661	17.553144	14.193696	0.033789237	-0.12015875
1111	1.3593183	-0.41924144	3.0893859	7924.6225	61.928937	38.773046	0.17943288	-0.057571711
1112	3.6355761	1.0402031	0.39354987	1856.979	64.624671	51.502504	-0.0010536003	-0.29378996
1113	0.3131853	0.66388438	0.8429371	4468.9282	72.185675	57.99627	0.32087575	-0.0555781
1114	3.0271419	0.29006953	3.0505274	3315.3496	35.916638	13.996608	0.061393823	0.46678775
1115	3.4414524	-0.14036306	0.68099513	2106.8333	86.154895	49.4792	-0.28241037	0.78820824
1116	1.5676436	0.31318439	2.2704436	473.63221	51.091062	11.34521	-0.056454572	-0.31225439
1117	2.6803716	-1.3467001	1.6563483	683.37479	11.297549	10.182929	0.10795876	-0.52265725
1118	2.7113773	-0.55556881	2.5619742	3569.4948	45.556929	24.230999	0.022389907	-0.25844124
1119	1.0059058	-0.45639953	2.674425	2122.1461	15.398369	11.463651	0.37802291	-0.85708694
1120	6.0920951	-1.0379861	2.649203	6517.4077	85.414911	78.656604	-0.31174942	0.19702231
1121	1.0260894	0.75051346	1.0259342	3283.9961	51.31019	37.955929	0.30131285	0.30052798
1122	1.0438044	-0.48940271	0.57082681	7448.8126	100.02414	95.911386	0.0074943632	0.6077061
1123	1.0840821	-0.12953267	2.2348773	1817.6043	51.689344	18.378276	-0.22683541	-0.045510667
1124	6.0940593	-1.0658342	2.0615668	2024.0124	20.68988	19.882539	0.20069979	-0.30073828
1125	1.1269904	-0.89588124	2.4341088	6849.2263	87.687263	51.061686	-0.0035574948	0.25953218
1126	5.8859188	0.80906193	0.56578982	578.38912	2.5607044	2.3183761	-0.053353611	-0.10880719
1127	3.5805459	0.99729466	2.4920764	284.81884	1.9868699	1.5605621	0.17013226	-0.27958504
1128	4.2567861	-1.3476807	0.064048604	6005.3279	56.503139	55.161258	0.24614064	-0.20036067
1129	0.31303454	1.1700087	0.7191213	2347.2757	27.139787	19.29011	0.10843906	0.079764301
1130	5.303519	-0.86660313	2.3313649	2152.3932	55.770481	43.185114	-0.098168944	-0.61117495
1131	0.7792625	0.29970546	2.1639388	1012.2992	14.098236	12.085411	-0.15826577	-0.10599907
1132	0.60769131	1.263354	2.5767525	10128.833	122.27287	102.98946	-0.34031045	-0.64323505
1133	4.7003486	0.03423636	0.18162639	3577.9895	42.08775	23.028909	0.34380288	-0.21767095
1134	2.0467384	-1.0602213	0.33669991	660.11955	2.9009676	2.4902431	-0.53414272	0.0039150345
1135	2.2862628	-0.99164172	0.89237758	4084.751	86.911192	58.136001	0.59983067	-0.51181125
1136	5.4095788	-0.0058108784	0.52136144	5657.3736	70.315671	51.011603	-0.33444963	0.26835651
1137	2.6375695	-0.25027354	1.1951197	1300.6281	32.830631	22.196331	0.04010254	0.05348507
1138	3.6982962	-0.27913162	1.7694364	790.79832	16.462162	16.206354	0.055235534	0.17923535
1139	3.5030443	0.52576114	0.59696523	3830.2389	67.833269	65.117479	0.3060888	0.23013145
1140	3.91232	-0.63315081	0.58099787	1915.1262	54.162358	50.133711	0.62625066	-0.68910158
1141	0.85860359	0.22066462	0.81914001	2563.3609	21.68648	13.261394	0.20302565	-0.02928768
1142	0.43293914	-1.4168889	0.36454669	2538.0254	37.062802	35.721991	-0.26331148	-0.35955245
1143	1.8688279	-0.91579443	0.31833631	4557.9705	51.583737	26.987941	-0.22803598	0.17708464
1144	0.41844322	0.22614963	1.0227585	2343.8194	38.881914	26.839139	0.68308928	-0.061078059
1145	4.0916355	1.187776	0.79893831	4103.131	48.178898	29.115506	-0.24000074	0.024804592
1146	5.9136872	0.80168081	2.7943314	762.29344	17.859348	13.495847	0.16787663	0.27039367
1147	3.1177307	-0.57685072	2.5878992	244.1304	1.6125702	1.2288819	0.1695742	-0.18591934
1148	5.6585297	-0.9491825	2.7806958	5727.7421	79.442494	55.884894	0.30244308	-0.24580154
1149	4.8253944	-0.73961443	1.674613	3959.0915	85.824441	81.561906	0.12358847	0.35953231
1150	1.9604612	-1.4076519	0.85675844	1269.059	20.67174	10.22892	0.24700095	-0.13965044
1151	1.0084753	0.79083915	0.25589813	5608.1939	44.354396	37.681875	-0.16337113	-0.035180252
1152	5.4165856	0.87652305	0.41166079	844.0916	26.044027	19.879295	-0.19382622	-0.18061562
1153	2.5532399	-0.48049052	1.5514329	1171.9974	25.910562	16.025463	0.048215701	-0.15974554
1154	0.056074744	0.59260366	2.5829386	961.01546	14.264099	10.393422	-0.69880946	0.19574904
1155	4.2280489	0.27448273	1.0492247	859.47989	26.671759	14.076424	-0.0056055425	-0.41936563
1156	4.6213959	0.9169853	1.7090552	1538.5387	41.26057	26.726023	-0.372201	-0.66690342
1157	5.0746624	-1.0984289	0.92487372	5473.3202	76.618953	59.344007	0.08423527	0.7458422
1158	5.1123385	0.15006133	1.4473272	768.29113	48.195264	31.950982	0.44183623	0.017515908
1159	1.4266685	0.20968768	0.86825685	2929.1578	27.518629	21.418449	0.023384451	0.3924777
1160	0.4658856	0.90724728	2.3914575	140.26957	1.7463411	1.1812831	-0.18561268	-0.12404349
1161	3.0596787	0.1198321	0.31662521	730.66037	28.156671	13.345953	-0.58955802	-0.10992793
1162	3.0929216	-0.57708624	0.11763416	4531.0531	70.697837	47.371479	0.14240797	0.11523744
1163	2.5853737	-0.33579833	1.7850937	1361.0853	55.213767	26.219167	0.27229829	0.16056271
1164	6.1715682	-0.072833081	0.25556606	2470.5561	28.453787	16.381899	0.0015049293	0.047492174
1165	5.7140461	-0.99176053	1.987736	3095.0872	45.094706	33.187088	0.030332386	0.31840644
1166	0.64420024	-1.5244386	2.9758532	329.45803	1.7175231	1.451622	-0.26051878	-0.22443531
1167	4.7855098	-0.26717794	0.37773164	1654.0939	23.743786	20.727203	-0.56227751	-0.11405076
1168	4.2435662	-0.55036561	2.1394912	2594.5829	20.345682	19.655829	-0.30418638	-0.016263034
1169	3.758187	0.0096160381	1.2111816	957.32664	33.924381	28.456956	0.20456298	0.78410263
1170	5.7286712	-0.78640748	2.5039526	1585.3275	10.674489	8.8231789	0.022392979	-0.5702717
1171	5.1467037	-1.137863	0.95783784	561.45188	8.6829338	1.9724324	-0.26874438	0.24672721
1172	1.8025028	-0.89318923	2.9398608	355.46211	2.2197481	1.316864	0.26509434	-0.18306632
1173	3.4611137	0.8853901	2.7710691	6178.4767	63.619942	59.119228	-0.26417897	-0.30993091
1174	4.4221356	0.61102411	0.31210447	5431.8271	131.97035	99.782076	0.13369141	-0.31473082
1175	1.0075578	0.56764566	0.41872834	1509.7735	19.012339	8.3256878	0.44566915	-0.017590155
1176	0.47110139	0.094511508	2.5000748	3591.6053	100.00614	80.943699	0.32817937	-0.13194422
1177	5.9180744	-0.33960072	0.89191777	5924.8567	57.872237	55.44225	-0.16882942	-0.294888
1178	4.9327096	0.2586981	0.46233684	1617.6001	26.586333	15.7018	-0.21176527	-0.28596753
1179	2.4182695	-0.31962218	2.7068871	2960.6914	19.565853	18.076385	-0.027579297	0.010090956
1180	5.1116107	0.29799272	2.8715416	2547.3764	20.683238	18.501449	0.036061462	-0.24213664
1181	6.1403153	-0.52375871	2.3776781	1387.5835	62.437226	33.434804	-0.26444368	0.02435457
1182	2.9922434	-0.15334393	2.3136884	1705.0485	22.930493	20.139923	-0.019604186	0.37256918
1183	3.2000477	0.97807489	2.2669331	895.90857	63.092674	38.088232	0.21075878	0.47364233
1184	2.4433035	0.67646247	0.94527455	1546.7119	28.414159	23.914993	-0.16478479	0.32987937
1185	5.3502236	1.2317682	0.90514657	1047.6639	17.984031	8.032592	-0.58671493	-0.28828713
1186	2.7295786	-1.1637871	0.94408695	1302.2914	42.850508	21.631043	0.40242088	-0.25498107
1187	4.0299327	-0.843078	2.1355526	4517.0382	82.817681	65.461903	-0.15099247	0.91593116
1188	2.0609693	-1.1399578	0.50414087	1015.389	11.237573	8.5127015	-0.96324621	-0.054343175
1189	5.1736342	0.58724201	1.4531796	883.96642	21.355494	18.757146	0.3085061	-0.54674631
1190	0.13108602	-1.2286131	0.69520058	1282.0686	43.452355	29.953197	0.72601422	-0.05414544
1191	4.9440559	0.4746064	0.22828399	495.21737	2.5194573	1.853297	-0.074059155	0.022221366
1192	4.4010074	0.21673968	1.4211827	3939.9496	64.899012	43.817649	0.49332432	0.059267482
1193	6.0465706	-0.3724546	2.7554875	1406.088	17.478907	15.323385	0.079495112	0.16221023
1194	1.1460872	0.59948287	1.208937	1016.1145	52.992162	19.751297	0.40607668	0.41343857
1195	3.3235051	-0.87810191	0.65366457	1782.103	44.365336	37.940449	-0.2146077	-0.1074476
1196	1.7361694	-1.0681762	2.7984119	8917.0502	93.283626	59.212461	0.031329714	0.25447913
1197	2.0331989	-0.5794582	2.1065088	2219.4319	20.241207	18.486085	-0.052995752	0.2322858
1198	5.3921943	-0.29179568	0.55462529	4013.9348	27.240863	24.502047	-0.032226076	0.70937761
1199	5.4311256	-0.072773041	2.4303671	1263.7695	35.014616	28.44622	-0.21987561	0.18129735
1200	2.8590343	-0.019408801	2.4438352	2481.2194	43.354267	36.344579	-0.42945621	0.1160767
1201	5.1692159	-1.3548289	1.3351196	414.47986	24.53343	8.4923728	-0.081269096	-0.47586101
1202	5.407924	0.48460414	0.53475923	1216.3647	12.094472	9.2093139	0.39193175	0.0026250897
1203	0.26968108	1.0136092	2.9492356	1014.0406	19.43425	19.103111	-0.38860131	0.47880473
1204	3.4529432	1.0188037	2.5195036	698.69489	7.3391403	7.2829582	0.43144894	-0.52728784
1205	6.2562099	0.66584863	2.1270511	4307.4444	78.931448	47.631838	-0.098344676	-0.17240448
1206	3.9658201	-0.076820237	2.2934159	2813.3868	46.02107	38.115998	0.2388095	0.49404585
1207	5.6771784	0.29117959	1.1308597	2510.0621	54.675026	43.849647	0.14633522	-0.50980532
1208	1.8581679	0.0157684	0.2773876	298.56139	19.750311	13.934933	-0.020152005	0.032904917
1209	5.7405104	-0.12702846	2.7021704	3321.0056	38.955983	30.776319	0.84538392	-0.01044574
1210	0.98042391	0.78470642	1.0288632	442.60043	10.471779	2.8986981	-0.41178399	-0.039962566
1211	4.4145865	0.76286894	0.7833469	601.9979	9.9349742	8.2021524	0.021917928	-0.036675257
1212	1.391455	-1.0341367	2.4352861	1592.7638	17.537309	12.889193	-0.26167373	-0.90898677
1213	0.71533463	-0.104424	1.9293046	883.51956	37.264017	22.12407	0.1317525	-0.13650732
1214	2.1203466	1.016773	2.2757646	973.96928	18.851468	17.840737	0.85380916	-0.36626512
1215	2.2072112	0.80450978	0.16583384	3732.8215	21.140557	20.026429	0.17500103	0.089762172
1216	1.8770063	-1.0498972	0.77134377	2763.7873	30.759837	25.026208	0.1612964	-0.52346664
1217	0.30932784	-0.28312788	0.27848564	6953.6048	92.200938	83.977576	0.31962494	0.022676602
1218	4.8944253	0.07980291	0.28675799	4687.8368	62.808229	58.391461	-0.02625133	0.068453314
1219	1.4961143	-0.50502562	2.6188517	533.06511	9.3332917	8.5205452	-0.87530669	-0.037479102
1220	1.4997296	-1.0278235	0.50492718	3617.2318	67.587384	36.342342	-0.69597617	-0.002475204
1221	0.84530589	0.19885165	0.88920406	1869.6975	41.398468	24.53297	-0.32147688	0.0063590941
1222	4.1784219	1.3084271	1.8221757	3999.6264	84.952267	46.580417	0.23104458	0.26420785
1223	0.072835296	-0.86140632	2.64965	5102.8439	33.761459	26.686578	-0.099765382	0.27029877
1224	4.0626587	-0.96964298	0.40290687	1569.3247	28.282611	19.359804	0.078850509	-0.26441457
1225	3.3201128	-0.46563698	2.2110553	732.72813	23.590391	22.689186	-0.82588882	0.15880858
1226	3.4526465	-0.89239565	0.49204959	7258.4927	122.55751	77.696295	-0.111315	-0.017432341
1227	2.8776189	0.97339141	0.71450272	1179.9084	43.544604	13.633376	-0.13487622	-0.57554938
1228	1.7060581	0.42864084	0.56431223	802.5733	27.729813	7.9577257	0.3392469	0.67175135
1229	5.61631	-1.192346	0.82060627	179.90127	2.2081742	1.6054493	0.025695644	0.00086777002
1230	4.075532	-0.051529396	0.81046299	2076.3039	52.424829	18.951811	-0.063377786	-0.12115771
1231	2.0949693	0.003330386	0.1205266	1171.3477	24.619296	21.018706	-0.75920851	0.3185636
1232	4.3649393	-0.70650354	2.0508735	1838.0413	39.123644	38.172579	0.4805135	0.17076315
1233	4.2007566	0.90232556	1.1392091	2078.3468	56.407648	54.298887	0.37201002	-0.092562549
1234	5.9411791	-0.47743182	0.87121631	2362.5989	114.93823	51.677276	-0.083597501	0.064883363
1235	2.1987977	-1.3079689	2.8986889	5132.7006	88.554151	60.056087	-0.17612608	-0.48925886
1236	3.0015653	0.75073319	2.9666027	2780.3156	49.581336	46.337962	-0.20899632	0.35381353
1237	1.4311472	-0.53993261	0.65878582	4510.3686	42.346343	31.934525	-0.14833202	0.14976523
1238	4.5964875	0.14589447	2.4280546	2568.0805	28.080865	12.06725	0.40180745	0.32020068
1239	1.9254244	0.69962148	0.071727307	4074.8601	119.96621	56.460589	0.22296483	-0.44857017
1240	4.0733489	-0.97544501	0.30262086	3366.842	50.819842	22.958916	-0.22641859	0.079010907
1241	1.9435836	0.532535	2.9811649	182.82055	9.6126088	1.8338451	0.058667453	0.00088780957
1242	2.9532129	-0.80775976	2.1460615	4499.7346	48.862417	45.766165	0.14129235	0.11762947
1243	4.4325736	-0.17623245	2.8687142	1204.3803	23.383251	20.94527	0.31435841	0.26728621
1244	3.7890694	0.42308834	2.6189066	9364.5709	73.636672	68.751243	0.039991925	-0.011507443
1245	3.0419543	0.25554041	0.31265963	6910.3064	66.964668	48.569195	-0.022275285	0.11548009
1246	4.3702001	-0.79780772	2.0321864	3040.8303	73.777286	40.77239	-0.047166148	0.022502341
1247	3.4928289	0.70864292	1.3627554	2892.1808	60.231765	44.150152	-0.62600705	-0.33655739
1248	3.0946397	0.00058843783	2.3080407	3048.3536	93.411235	90.84496	-0.18816325	0.1693928
1249	0.64667343	1.3276445	2.4492182	698.82032	43.250356	17.727517	0.13959774	-0.3871214
1250	0.57054985	0.890081	0.80943028	2667.7252	26.027568	25.735046	-0.7107782	0.00097119042
1251	6.0927118	-0.62221616	2.188157	2466.3486	45.654953	33.083255	-0.20130239	0.023235314
1252	4.6784404	-1.022391	0.25298209	1729.0892	40.40905	33.626322	0.27527002	-0.038745544
1253	5.8018064	-0.37665511	2.2734345	241.63689	9.5156551	6.8135294	-0.52993852	-0.13296419
1254	4.0202591	1.3016869	2.4137714	6068.5996	104.99569	75.673619	0.17319665	0.011717343
1255	1.605962	1.0275749	2.5969609	3299.0383	66.444494	62.985355	-0.010195245	0.2305804
1256	5.4170072	-0.57705908	2.5102497	5224.0125	65.770319	60.896461	0.0021289069	0.57167487
1257	3.1236025	-0.97165415	0.32048279	4035.9041	55.844079	47.013508	0.034023657	-0.94013438
1258	5.6366846	0.042518473	1.000613	302.72024	1.9720457	1.4500876	-0.1720013	0.0047095327
1259	4.1503919	-0.26986597	2.7430002	295.15077	2.0773313	1.609574	-0.016760993	0.25137504
1260	2.6459924	1.2495942	2.3385077	1980.6405	42.251531	14.565664	-0.12015951	0.19574915
1261	6.0113359	0.32939432	2.6416439	540.32046	7.5936964	6.9627724	0.051627336	-0.10379765
1262	3.8486287	0.85470702	0.71674289	152.49984	2.5734003	1.2612884	-0.14758266	0.1083829
1263	4.9817401	0.53093412	1.1279557	2925.4918	61.251717	55.872837	0.035690435	0.33347159
1264	5.470601	0.45998507	2.4429648	3604.8176	36.708776	35.445175	0.45892525	-0.1328409
1265	6.2629494	-0.56358125	2.0378774	1437.063	19.871521	18.179143	0.0038524052	0.1738737
1266	1.323492	1.5484217	0.53010757	5881.9451	65.165034	50.29439	-0.61549548	0.73722286
1267	1.0118373	0.77622888	2.444559	2335.8682	80.427004	32.976031	-0.21523519	0.13294919
1268	0.83496132	0.27125187	0.49033619	3411.7478	61.012123	49.632483	-0.11576507	0.30720208
1269	0.47223948	1.0571502	0.18469663	9877.137	95.519303	94.131496	0.622017	0.13276949
1270	0.84265945	0.47435658	2.5224721	3031.3257	50.128857	28.212823	0.48707493	0.27624757
1271	6.2748242	-0.59773831	2.6976696	949.19968	9.0811301	8.8573513	0.43069995	0.023803531
1272	4.8812018	0.10383792	1.7826903	1086.4714	29.632811	28.050918	0.1136912	-0.22817348
1273	6.1279168	0.0060135488	0.60875677	1324.2419	27.041471	22.083485	-0.53685496	-0.18367572
1274	2.1319237	-1.1894765	2.2007443	2725.1339	24.193148	20.358798	0.13859902	0.075902133
1275	1.2980618	0.38697272	0.72407121	635.42285	9.6801902	9.3602329	0.4958611	-0.28366213
1276	4.1112437	0.74574888	1.3997309	875.57086	45.265174	10.896334	-0.24978616	-0.59540984
1277	3.307412	-0.78822237	1.6964948	2395.553	90.138845	84.555316	-0.43872189	0.27512216
1278	4.1848887	1.5042333	0.49299302	2318.057	29.304389	9.18448	-0.11174056	-0.7093404
1279	5.0245689	0.41500095	2.3264252	402.80516	2.4295818	1.8311827	-0.023255217	0.0062446288
1280	2.8616737	-1.2510578	2.174899	2572.8169	61.279509	56.054832	0.4904292	-0.32576714
1281	4.9437302	0.7539296	2.1166271	274.07235	14.18014	12.024553	-0.37913395	0.099647813
1282	0.90278075	1.0716941	0.25326272	6722.6893	82.239976	43.760795	-0.19026938	0.60480454
1283	4.8310971	0.17753005	0.56821759	2166.0311	25.996297	24.826101	-0.26511078	0.23677888
1284	5.1361676	-0.62498848	2.9888494	7077.6257	55.32058	39.884465	-0.029064564	-0.030833693
1285	0.078413756	0.224808	0.25741628	1223.2287	16.262379	12.702731	-0.53286988	0.58937025
1286	6.0793606	-0.63698085	0.46556492	5189.1633	89.7979	73.363234	-0.089481303	0.021344216
1287	5.1681034	-0.38011901	2.5895066	233.49139	6.7776269	2.380692	0.85642288	-0.20202313
1288	2.7381718	0.93010521	1.9892071	570.24286	18.635896	14.974963	-0.23536835	0.59573839
1289	4.4328786	-0.4584991	2.6650453	412.82507	24.911964	19.608006	-0.56744532	-0.11905433
1290	0.15880168	-1.2628067	2.0189501	428.97206	11.691108	9.8206722	0.059816831	-0.42965232
1291	3.4655891	0.63173807	1.4865277	655.22818	30.261553	29.995403	-0.54207281	-0.17302547
1292	1.758635	0.24207617	0.55150093	879.2992	15.343953	1.8278855	-0.57092138	0.25064517
1293	3.6100532	0.41071287	0.55373184	3400.2718	36.690086	33.975462	0.22502622	0.3682678
1294	0.44380466	-0.62943377	1.781619	917.08535	28.105433	9.24447	-0.66228305	-0.73415159
1295	4.7967735	1.4159004	0.45158199	2306.9466	66.160801	52.225707	-0.0056825066	0.50763158
1296	2.6092686	-0.29016952	2.6081211	2273.7514	52.764796	32.412631	0.097692112	-0.00071670348
1297	1.9611184	-0.13397863	0.64983001	2315.1362	54.821775	43.142946	-0.10790513	-0.11443566
1298	4.229821	0.75933634	2.5414308	1084.129	68.009935	32.213493	-0.12712226	-0.21616408
1299	3.4499954	0.59759952	0.19205677	1853.1459	47.427799	45.270073	-0.059349201	-0.15199909
1300	1.8548577	0.15396969	0.79379711	8561.2699	165.96465	134.18549	0.19606232	0.31058021
1301	4.3381174	-0.25723184	0.29159039	3320.7289	31.29403	22.567901	-0.092780248	-0.0012052885
1302	4.4330138	-0.65274519	2.7499485	1575.3273	44.636535	20.170798	0.035620418	0.30945249
1303	0.79805571	0.51294781	2.9909768	2391.2781	25.456249	13.129987	-0.099440916	-0.70280098
1304	2.2371002	0.61348908	1.791272	1366.6941	20.850583	20.728309	0.42523422	0.21565742
1305	4.4638103	-0.7980714	2.3270991	1674.736	22.038695	18.986297	-0.065565261	-0.0035856191
1306	6.108104	-1.3268919	0.51057563	3965.1129	56.924355	32.163343	0.35880431	0.82544528
1307	6.2623029	-0.49499714	2.596165	8809.1425	91.389936	29.776177	0.37484747	0.031363334
1308	5.2574154	-0.85637162	1.8025905	472.57378	22.400559	14.934709	-0.061221484	-0.77095602
1309	4.2647849	-0.90296154	0.67869389	2104.2745	31.188797	11.576632	-0.23200025	0.2007268
1310	1.9591685	-0.68117245	2.4073793	2605.9706	23.812872	22.010905	-0.63618415	-0.092329849
1311	3.323263	-0.97146879	1.0468723	4951.8694	139.02088	101.54593	0.80011429	0.54222469
1312	2.3186018	0.19801307	2.5807068	1817.5752	65.613102	33.162642	-0.13163488	0.042980604
1313	2.8678222	-0.52264951	0.78813112	4737.2315	37.211295	32.243047	-0.21239999	0.25550314
1314	0.073629508	-0.28678425	0.3116161	3601.1048	85.098852	82.598596	0.46511943	-0.24253511
1315	0.97264206	0.23201884	0.43307963	2716.0881	40.084893	34.87715	-0.34305359	-0.68821623
1316	1.1611656	-1.0445231	0.90215882	306.99377	19.226526	14.881156	-0.27831271	-0.70345642
1317	6.170907	0.74434392	1.1186355	2052.6923	31.721535	22.718977	-0.09922481	-0.03236553
1318	4.9862916	0.47516431	2.7159416	1988.606	14.695038	11.169485	-0.15546212	-0.072438924
1319	5.0218548	-0.50012795	2.4767522	1205.9286	53.19435	23.437319	0.37344078	0.04741416
1320	6.0064236	0.005362997	1.5096461	1340.1297	32.357733	17.056919	0.41617949	-0.022243978
1321	4.2459481	0.63657019	0.37413204	1331.7274	17.864533	12.81179	-0.081115564	0.59322814
1322	2.0847554	-1.3176102	0.57886477	1596.4918	18.408334	15.441229	0.27067011	-0.60629964
1323	1.3674682	-0.26250672	2.4183089	1061.429	12.541481	11.374002	-0.081140726	0.83710303
1324	1.3761451	0.85463459	0.53580575	269.53986	1.8476413	1.8341546	-0.0036700234	-0.082432258
1325	5.9212935	1.0561752	0.27483812	1363.005	15.661393	13.551543	0.15884875	0.03326252
1326	4.7212072	0.19260659	2.9488043	1927.1318	25.018481	16.772009	-0.43100812	-0.1827517
1327	3.7332927	-0.67291371	2.1011636	686.76043	41.866274	14.685046	0.26955261	0.053353636
1328	5.2586311	0.33955527	1.4063794	110.59285	46.244265	39.266612	-0.58017432	0.0020045005
1329	5.6647657	0.25134135	1.9350854	1860.7873	43.676446	32.563304	0.27654765	0.046296667
1330	4.9149897	-0.49401814	2.7037593	3431.5413	42.624802	33.553419	0.59252068	0.12154617
1331	4.6643226	0.13888506	2.07181	912.39325	30.889314	11.709326	-0.045308981	0.15981361
1332	3.4358157	0.11937643	2.5583536	2290.5796	72.462263	61.904062	0.53906108	-0.013783146
1333	1.5166358	0.36207227	0.65536418	4599.3801	76.953855	57.943701	0.27209267	-0.12718364
1334	1.8039808	-0.018809135	2.9166152	2911.4811	22.496032	12.623703	0.011000468	0.45873555
1335	4.7015492	-0.5202459	0.90671444	1698.4918	25.351116	20.654917	-0.13943544	-0.052315423
1336	2.6532576	-0.91927458	0.89115629	540.56981	26.179635	7.5043284	0.16850575	0.37283662
1337	2.7639561	-0.28092931	0.047589582	1456.9028	11.8921	8.7047266	-0.43854744	0.21043237
1338	0.76678209	-0.15615081	2.657492	3256.2916	61.706142	52.026987	-0.65748444	0.10556124
1339	0.56438518	0.2926488	0.62182586	4310.5526	123.38939	53.439774	0.0029676509	0.12936981
1340	1.7828185	1.0251268	0.55559594	1853.0343	16.508024	11.887537	0.0013624325	-0.49117426
1341	0.33236206	0.80978952	1.036735	1049.6515	43.95336	12.480983	0.054323144	0.0024795256
1342	1.8916252	0.97268201	0.92702131	5251.0665	77.28413	67.067173	0.020052052	0.068711239
1343	0.62066559	0.3458257	0.89951696	671.89035	24.049705	23.387128	0.34257882	0.40947412
1344	5.9032739	-0.88202706	1.7565143	1372.8176	23.329943	18.721213	0.092131637	0.20007883
1345	0.041059856	0.72663847	0.1007376	3551.5234	41.852748	17.097761	0.16921503	0.22564752
1346	4.3284344	0.89201628	2.2505998	176.77253	1.4786703	1.364083	-0.023344592	0.093553705
1347	6.0658555	-0.43697737	2.6532541	1586.5178	9.7561612	8.192193	0.031802685	-0.20222654
1348	4.2661523	-0.53926795	2.4802936	148.2538	2.5482303	1.4783163	0.0040248176	0.045794477
1349	5.5543416	0.705584	2.3516667	1584.9054	46.159047	34.314078	-0.0471059	-0.1169021
1350	3.4568507	0.99942086	2.4255408	2019.4181	71.621283	49.642001	-0.091555023	0.22366622
1351	0.94234495	0.52370113	0.36470844	2139.0009	26.550216	16.871872	0.50507257	0.62768601
1352	5.0321666	0.4328882	2.4528294	528.0916	2.2563619	1.6591684	0.16544523	-0.026065335
1353	2.2883681	1.0354127	2.3214265	1594.4944	23.762108	21.770449	-0.3023435	0.10134524
1354	3.2689618	0.12197653	1.5460239	216.85195	25.398164	11.479297	0.31343937	-0.13571091
1355	1.6883313	-0.015895292	2.4734063	695.71801	41.187891	33.763076	-0.37730466	0.32818081
1356	0.91958174	-0.14708251	2.7545132	1352.4071	45.187768	13.72188	-0.030532767	0.32349062
1357	1.8774657	0.33945331	0.65472934	1371.0041	32.651834	17.669911	0.83500021	0.18030145
1358	0.0086398227	0.7563945	0.35783251	4304.4557	46.560117	22.007236	0.30386988	-0.054946267
1359	3.1258911	0.038205293	2.1827663	1799.8239	39.6568	31.013687	0.28411817	0.114056
1360	0.7097033	1.1375913	2.4858724	6951.9961	58.702743	56.3397	0.065950821	0.1230044
1361	5.5376853	1.0234803	2.0112981	1431.9719	41.943746	41.01083	-0.66865207	-0.013291193
1362	1.0855341	-0.94302865	0.86041303	3553.7137	91.200541	78.921314	0.35277666	-0.071483298
1363	4.4007713	1.2987294	2.9561834	2373.4541	45.274643	14.76175	0.047622392	0.031497879
1364	3.4231914	-0.86948047	1.1486591	1126.6673	12.539659	7.7760046	0.56139329	-0.64455137
1365	0.73292673	-1.0416496	2.1616916	1722.2138	90.685217	31.575539	0.024271105	-0.05102444
1366	2.9168492	0.57705469	2.838151	2373.583	91.429318	86.858029	0.086764183	-0.11559927
1367	0.28269089	0.66756321	2.8275884	402.80206	7.3631348	1.7713267	0.62723027	-0.0090499235
1368	5.440682	-0.96576323	0.62011451	3557.5601	69.0028	53.678883	0.0081745493	0.39728344
1369	0.27821064	-0.093106127	2.5150514	2413.2407	34.949699	31.832275	0.0077295066	-0.0089561797
1370	4.1079225	-0.82866279	1.4641457	1882.2784	42.135375	19.223042	0.2253106	0.084433108
1371	5.2976316	0.42292282	2.0989353	1188.6201	23.374059	13.347345	-0.33870639	-0.35510698
1372	4.1259889	0.32677821	2.5911103	2213.4888	53.557856	53.203172	0.063975136	0.2814199
1373	2.4131643	-0.55014723	0.95392438	6366.4623	61.524182	53.685208	0.71108856	0.034400192
1374	5.4017802	-0.98591399	1.0923157	1482.4259	43.165362	36.043756	0.14502669	0.60325387
1375	0.33257219	-1.1245428	1.1942321	807.36008	13.167266	12.126316	0.55436428	-0.19405047
1376	0.86742102	0.67179186	2.2634645	4619.0764	88.971298	45.248864	-0.5860566	-0.4834419
1377	6.0002531	1.3620377	1.5464746	1539.5443	45.127119	39.538036	0.38164533	0.54672679
1378	2.1517757	-0.50568796	2.5825751	4538.4239	100.21948	57.962134	-0.34939788	0.38798326
1379	4.208149	-0.37863325	2.9677193	2687.52	75.20093	47.885206	0.50949014	0.0023658488
1380	2.7886657	-0.57052756	0.75811146	498.82053	8.2300178	1.6600943	-0.61782023	0.075197801
1381	4.5018291	0.38998897	2.2723172	2075.2355	58.39073	26.189602	0.16648431	0.65001457
1382	0.23514667	-1.1127027	2.6373182	4389.6676	62.80448	55.195453	-0.092359164	-0.0044621314
1383	5.0942757	-0.43362143	1.3960243	1216.6009	11.573673	7.5240374	0.79426137	-0.13287493
1384	6.0361075	-0.8949389	0.57671369	466.4875	12.210995	8.1119767	0.035869992	-0.17184586
1385	3.2947689	1.3879089	2.6769468	2038.2954	52.932592	20.665637	0.0015584446	-0.13595305
1386	1.8447614	0.052511302	0.67383594	980.87071	16.130798	14.244343	-0.0017016171	0.20237935
1387	5.5805642	0.36869314	0.57494975	1863.2523	32.214956	24.361966	0.032629819	-0.43148089
1388	1.5445427	-1.3529519	0.25235539	832.7466	23.372784	6.4046376	-0.12512683	0.89346028
1389	6.1229627	-0.34707976	1.0625136	1213.2617	27.784426	11.984945	-0.49048797	-0.15088536
1390	2.0308546	-1.1214728	0.20516555	3919.3203	54.281469	53.930858	0.22821211	-0.18392442
1391	1.0115006	-0.59709106	2.7436797	2637.0899	20.438662	16.563538	0.11146171	0.02351366
1392	4.6531707	-0.58402395	1.8184565	2559.703	90.6073	37.271339	-0.038851646	-0.61944552
1393	0.45058025	-0.91788642	2.4340898	849.36443	44.416145	36.112102	-0.32260652	0.22221627
1394	4.0092406	0.85994177	2.3820179	702.35787	11.757327	11.603156	0.062217607	-0.23620879
1395	6.016864	-0.12011013	2.7359047	1380.3654	37.776967	24.624816	0.13871259	0.084495076
1396	0.64860446	-0.8207876	1.8741088	3088.3248	39.959369	37.841068	0.13664639	0.64052896
1397	1.7584009	0.83493764	2.6224986	2820.7342	90.116399	65.644078	0.091205804	0.065977796
1398	6.0807822	-0.34021337	2.2168452	1542.2628	21.971657	13.368541	0.20634206	0.26605591
1399	2.7263993	-0.61895002	2.5396684	3784.5286	58.651701	54.554344	-0.033876907	0.28025492
1400	4.4374088	-1.016525	0.53954658	604.29462	48.552254	37.628626	-0.019511182	-0.52141047
1401	4.8090345	-0.55669088	0.90324487	896.09931	33.41203	24.124563	0.29892291	-0.065946058
1402	0.57442443	0.65710727	1.0023552	1486.5486	28.277503	25.855483	0.073085977	-0.12265044
1403	5.7764988	0.53734308	2.4516177	2726.3251	85.682536	78.131697	-0.7433707	-0.060499031
1404	5.8162052	0.62131415	2.5940113	2364.1997	93.879658	55.168197	0.0065566074	-0.69435371
1405	3.7200981	-0.47696749	2.303501	4997.8367	85.503678	46.032049	-0.049291991	0.40770841
1406	5.61024	-0.53803137	2.3463844	5282.301	65.775302	51.048074	-0.054481576	-0.022485159
1407	5.6491169	-0.04005351	2.7036883	5632.0833	95.981533	50.7834	-0.42903967	-0.098366055
1408	2.8051296	-0.50559892	2.8109542	315.75419	1.627123	1.5634205	-0.27235438	0.052722045
1409	2.7170789	-0.94116691	0.54537036	2368.2561	65.950793	14.644941	-0.056454572	-0.31225439
1410	5.159821	-0.95655033	2.9623933	4825.2557	55.07107	45.719269	-0.017419866	0.24502392
1411	1.3503413	-1.083667	2.5003217	1368.6174	27.407378	25.694134	0.014328413	0.38687217
1412	3.2893594	-0.064131079	1.1366929	3250.6418	56.803419	46.922257	0.10871081	0.24193308
1413	3.2742725	0.28643687	2.3934712	1973.0206	37.755646	33.327545	0.10040757	-0.014900568
1414	3.6515672	-0.68211782	2.7815675	4440.2409	64.635349	55.865605	0.68353306	-0.3261363
1415	1.69791	0.38068361	1.9995585	1376.1383	17.094802	16.999907	-0.42878854	-0.14351878
1416	0.30705297	-0.17594856	0.93110855	3851.6357	53.558201	52.426596	-0.58762371	-0.21627865
1417	0.42051972	-1.4096618	1.2667261	779.74331	13.186872	10.248426	0.29686251	-0.30192235
1418	0.61667859	-1.0166696	1.8710863	480.89053	13.189279	9.4468407	-0.13783177	-0.21587591
1419	4.9474415	-0.60532865	2.5471944	2878.1735	28.896	18.625832	-0.49050552	-0.13752291
1420	0.13115898	-0.12302051	0.7472796	1607.1921	13.695576	10.240104	0.0083971068	0.69992156
1421	4.452983	-0.57290586	2.3005	2049.784	52.624022	48.639066	0.57603784	0.24962755
1422	3.9021516	0.45157179	2.4867727	2062.4422	17.783514	14.636029	0.65027051	0.64233201
1423	1.5898125	-0.95934835	2.5404403	2214.0205	15.173746	15.027945	-0.13001177	0.063296417
1424	1.6802083	0.81857461	0.35563184	5882.5324	56.408265	55.981763	0.1630406	-0.19734364
1425	1.2800216	-0.66707055	0.63352219	3816.4203	50.903287	46.438471	0.18629179	-0.32152953
1426	0.15486607	-0.53935017	0.56433517	4339.8756	68.322319	55.900191	-0.11531716	-0.66026311
1427	2.8299628	1.0071064	0.56730352	4269.7983	49.898569	40.392349	0.32266896	0.40718023
1428	0.18807206	0.54175273	0.88985993	2035.7906	41.99441	37.214844	0.49482722	0.57253521
1429	3.7778784	0.82700929	0.62180756	2086.6127	54.145449	23.451583	0.22451138	-0.14745801
1430	0.69890916	1.2201203	2.4349	1568.9697	18.03502	17.854402	0.27023856	0.035290219
1431	2.2923246	1.2109878	2.103194	1618.7139	57.87148	42.63696	-0.59922037	0.35654299
1432	2.3658545	-0.53048753	0.50050427	1206.4955	13.8816	13.496407	-0.44267016	0.03496141
1433	1.9601068	-0.34970895	2.1148747	2242.8551	36.182262	28.739641	-0.25763858	-0.021793248
1434	4.2537202	0.091245654	0.91180925	1809.551	21.843745	20.537148	0.15255506	-0.41128627
1435	0.66622954	0.075112817	2.5292233	3271.0216	39.682735	28.448369	0.019512121	-0.50812523
1436	3.3748587	0.99638055	2.6097368	5084.8236	62.284536	48.505539	-0.094686741	0.1161582
1437	3.6621546	-1.0376368	0.85611227	759.24881	16.193178	11.574357	0.59722439	0.19991397
1438	0.36854252	-0.04396653	0.70989671	1560.4266	35.102559	17.011549	-0.60515125	0.59776086
1439	2.42567	-0.62648972	1.0227623	1250.7501	25.414911	22.326533	0.61854722	0.0090260406
1440	0.47483323	-0.17935934	1.3190244	1219.5692	36.35496	35.25786	-0.051071529	0.0079495202
1441	1.9312205	0.96749552	0.57924365	4059.6843	78.075714	71.855357	0.14871593	0.64730871
1442	3.6675318	0.28290374	1.232479	767.78932	12.234533	7.5532815	-0.048492275	0.064882715
1443	2.8105211	0.65986429	2.0416356	2884.9886	87.018852	55.795429	0.30164237	-0.22833689
1444	0.92100623	0.75430823	2.60021	308.05933	1.8835619	1.4044136	0.040235828	-0.31505387
1445	2.8790059	-0.48678708	0.10936421	2010.6612	22.596709	16.000801	0.067460857	0.14306338
1446	0.18906974	-0.11536412	2.3711724	599.25239	51.990532	29.946181	-0.080998472	0.22768668
1447	0.55868074	-0.17898083	0.38543263	8803.9035	70.136178	64.837327	0.52911858	0.078836679
1448	5.7227539	-0.12869128	2.6105816	177.51499	6.614968	1.5369772	-0.0033418875	0.21435953
1449	1.4246603	-0.39833643	1.9091579	608.28657	16.89269	12.929894	0.87800842	0.1498339
1450	3.7341154	-0.88809613	2.6404076	4535.5497	64.80068	41.543575	-0.31463127	0.043420045
1451	1.7657098	0.10998074	2.5529834	1734.7957	21.550337	8.1119257	-0.10645676	-0.14469341
1452	2.4965893	-0.0092668521	0.63619084	4171.2639	35.12212	29.669305	0.29510824	0.84977306
1453	5.9653052	0.25637529	2.5011663	496.8223	2.9365497	2.309572	-0.3656796	0.08946706
1454	5.9309781	0.40668716	2.7690961	6950.6587	92.426121	62.204991	-0.070604154	-0.40012586
1455	5.4908717	0.44591983	2.5302417	4064.6851	71.857539	54.554304	-0.00088524014	0.66420117
1456	1.5157338	-0.80087606	0.4241036	1105.2174	28.696981	27.122459	-0.47780627	0.50498777
1457	2.6173649	-0.60537921	0.54551187	1662.0224	16.06167	10.47202	-0.0074938423	0.1142906
1458	0.86859461	1.1896825	0.91399309	944.20955	9.9392678	9.2953347	0.12813659	-0.14348997
1459	5.9787337	-0.51233182	2.3488407	9954.7544	141.04039	88.501234	-0.52324166	-0.018159045
1460	1.5439858	-0.33982887	0.86866054	1326.4274	11.848109	9.5148391	-0.17689164	0.60681622
1461	5.6663166	0.76607326	1.3349938	205.311	22.499294	9.1009875	-0.29197859	-0.00056784281
1462	0.33560905	-0.21177974	0.59935718	3104.7439	38.854606	38.302393	0.0024804063	0.13416543
1463	3.9188337	-0.43725405	0.5384509	2350.4128	77.233823	71.193543	-0.46310935	0.19936519
1464	0.34262056	-0.26950893	0.90005023	2190.9789	117.11559	91.375771	-0.019834864	0.092415476
1465	4.7931345	-1.1259713	1.0681755	1292.5325	33.679202	25.657147	0.64593493	0.13332241
1466	6.1107934	0.57836294	1.1247747	983.32504	24.139786	22.662686	0.10305466	-0.67004592
1467	3.8885865	0.11948033	2.139308	1510.1617	43.197293	37.95915	-0.24646654	0.087580898
1468	5.5428622	0.17001681	0.61018577	1770.7353	50.485903	19.67111	-0.083440566	-0.34163341
1469	0.31108554	-0.72764769	0.60154106	3086.9231	46.623179	26.717784	0.45502572	-0.94733786
1470	1.7191589	-1.0140203	2.5678931	4168.871	70.72973	39.166682	-0.12073271	0.42178435
1471	1.8455855	-0.028277058	0.81085298	233.5043	2.4195232	2.0145871	-0.0086782594	0.013024542
1472	2.1642942	-0.55976792	2.2571865	1559.779	70.922543	14.200665	0.38257029	-0.49822053
1473	4.2065203	0.22838316	2.5263466	1445.1916	20.14252	19.141937	-0.39951643	0.35152519
1474	4.3541498	-0.40767479	0.43390067	2144.805	28.305744	28.218422	0.06148497	0.13502616
1475	0.98051435	-0.53860816	2.618943	5811.9842	70.744339	47.27588	0.00013466129	0.74364657
1476	0.75917832	-0.65593531	2.0892316	1994.9223	60.609583	54.975305	-0.19050101	-0.16212645
1477	2.8901925	1.0312108	0.2777619	1131.4956	15.958476	14.56261	-0.16366421	-0.34313324
1478	2.6277387	-0.48265132	1.1837968	2092.5936	32.105864	30.40596	-0.53602098	0.24156445
1479	0.76218885	-0.36670671	0.4731214	8157.0503	81.002299	78.314129	-0.062404445	0.465723
1480	1.7285038	0.19004694	0.55498675	4768.7344	84.101782	82.567453	0.11286036	0.4231834
1481	3.5745119	-1.388954	0.20851994	492.64588	8.4668969	8.2825387	0.15065317	0.42029866
1482	4.4906254	0.025978541	1.3741605	865.59566	42.446363	39.559056	-0.032195059	0.0096296673
1483	6.0435981	0.39291389	1.1709989	405.037	11.413224	8.615142	0.012677494	-0.65806974
1484	0.39776669	0.028130451	2.088035	1947.7511	36.00299	32.09923	0.11980891	-0.02964423
1485	5.3699966	-0.083734494	0.84934767	4496.0297	125.1482	59.708381	-0.27993604	0.73565235
1486	4.6605849	-1.2968143	0.71012957	340.31639	4.3814173	1.8630288	0.062397855	-0.041363809
1487	0.59903261	0.54287958	1.9437635	396.24687	22.420438	12.747605	0.11944862	-0.031281527
1488	2.1464206	0.02257482	1.1160366	1292.7959	43.791096	26.910972	-0.41277078	0.0061573401
1489	4.4044507	-1.2438625	2.5430356	289.8475	1.7004313	1.5520723	0.039667519	-0.017065368
1490	5.9907812	1.3144371	1.0793469	1213.2593	80.733819	36.719425	0.45883912	-0.11496091
1491	5.1515646	0.11349541	2.4877959	3010.3918	109.00919	55.752219	0.43995778	-0.47801104
1492	1.7384256	0.023120001	0.6082507	1801.8403	21.98001	14.555563	0.43192741	0.19777772
1493	3.9056854	-0.087002972	0.72027694	2292.9385	43.596625	43.476356	-0.26132981	0.19862974
1494	1.2629725	1.3807094	1.0461513	2113.0828	53.237463	44.912677	0.02678287	-0.19405542
1495	0.19428324	-0.45352854	0.9434012	588.3123	9.6848931	7.8285767	0.075278511	-0.91233351
1496	1.4294651	0.25793589	2.053627	224.42985	2.0532572	1.9641573	-0.015001137	-0.12127248
1497	0.96853118	1.502542	0.65200064	1634.5935	52.6776	50.89298	0.15038862	-0.028729777
1498	1.5514157	-1.2860501	0.48311452	5317.9127	108.77583	47.334783	0.97276536	-0.86993423
1499	5.1016795	0.563259	0.52153954	3655.2005	46.319684	41.364318	0.005541481	0.50209391
1500	1.0310745	0.63986894	1.3920111	158.61015	2.091809	1.9371934	0.32915118	-0.20887301
1501	3.6473248	1.1842892	0.15208451	8255.9612	58.549634	43.402527	-0.32045507	0.34632559
1502	1.0504245	0.30874204	2.4961522	4707.6773	70.3114	55.64236	0.049741052	0.45945654
1503	5.7938201	0.31677033	2.6194976	1287.0599	35.656403	13.806291	-0.091457837	-0.27198987
1504	1.8189055	-1.0457331	0.29902162	1555.9128	18.887058	18.56836	0.2987607	0.15672396
1505	0.44373402	-0.73310016	2.0308254	528.89471	20.104166	9.8395123	-0.32781265	0.69888393
1506	3.6251053	-1.0820021	2.2734989	5537.2198	67.806445	64.061421	0.83345583	0.49929389
1507	4.683206	-0.58893389	1.7915466	3125.4485	87.027515	62.333108	0.76947379	-0.012545003
1508	1.3120088	-0.57928716	0.56049269	3373.5455	25.036236	20.028086	0.29217726	-0.073919177
1509	1.4693262	0.97993796	2.3383646	1886.5544	21.558587	13.599566	0.2423001	-0.060558897
1510	3.5324259	0.6220673	0.54788142	1136.9395	26.942586	18.058515	0.051414262	-0.47106763
1511	1.0570268	-1.0330705	2.5319878	1938.6635	28.907892	16.183395	-0.24344439	-0.5475461
1512	4.6176438	0.82340465	0.88709843	1148.6985	25.248369	17.042929	0.77950252	0.010139361
1513	6.0851437	0.29673723	0.52218474	2256.7241	30.927822	27.395783	0.12606478	-0.42864294
1514	5.451829	-0.0021123709	0.87551396	2239.2328	69.225195	28.213946	-0.6202483	0.48290902
1515	3.2863088	-0.34478848	1.5442047	78.934072	1.3809829	1.2618378	-0.14206212	0.2147158
1516	1.6598629	1.1715779	1.964048	900.81714	20.172344	14.168239	0.18574948	-0.49163595
1517	2.6850918	-0.81806713	2.446406	6006.5074	91.867484	72.615174	-0.15099247	0.91593116
1518	0.70857453	0.876189	2.4767367	1005.7096	13.838177	10.860748	0.055693154	0.22382328
1519	5.5789414	-1.0471449	2.2986898	569.96769	9.7241947	8.9060268	-0.12257261	-0.1770716
1520	6.1292682	-0.90328058	0.72783913	252.84243	2.1695517	1.9498088	-0.14190334	-0.19709352
1521	5.3485983	1.4512587	2.6173337	875.10677	29.946336	28.579219	-0.008604275	0.52399667
1522	3.3781718	-0.73766204	2.0988468	608.31324	40.326541	29.895944	-0.37873609	0.10217089
1523	1.3157827	-0.97953501	0.63212695	2875.0225	24.644883	22.167069	-0.032226076	0.70937761
1524	0.42103032	1.2015777	2.6016078	2771.9154	64.32101	61.5386	-0.41644583	0.15356046
1525	0.77603292	-1.0701796	0.7729407	4268.3915	76.114884	46.84342	-0.12787656	0.079255751
1526	3.8317843	0.38245603	2.5373931	3757.0725	129.96926	72.662344	-0.24406247	0.041739098
1527	5.1232157	-0.94792478	0.31796429	5541.4138	42.569804	36.519916	-0.16615333	0.86870015
1528	2.625973	0.18620061	2.7365746	2830.4489	21.690169	17.618678	0.38664809	-0.49288834
1529	6.027807	-0.71858355	1.7397363	2311.1269	33.691443	29.433965	-0.45323938	-0.058575106
1530	5.1968776	-0.22540764	0.24563981	657.31378	3.0415803	2.877362	0.21755509	0.83797546
1531	5.2527594	-0.36981788	1.2020875	1644.5911	36.728941	21.939448	0.096576423	0.0063609985
1532	0.80027163	-1.0704619	0.53870698	2970.2396	27.894755	21.740693	-0.37271286	-0.047909214
1533	1.5243058	0.31974618	2.6820286	1452.5685	15.593075	12.107786	0.0082980465	0.013576493
1534	1.0198042	-0.69789524	2.2606513	9823.9897	97.948695	86.038713	0.36962091	0.20605886
1535	1.3158254	-0.045128861	0.88950994	2613.6028	68.3669	37.637765	0.29514836	0.046906453
1536	0.28946488	-0.6343756	2.8628636	5463.7	40.371886	35.861605	-0.31160458	0.26579582
1537	3.7175314	-0.36624564	0.64526645	1479.3354	20.679937	16.600663	-0.26191932	-0.065782485
1538	4.3025702	0.69143273	2.7883062	5878.79	33.175503	32.241278	0.3851482	0.17408579
1539	3.8531509	0.97117005	2.8637103	2499.293	30.453839	18.18424	0.47014256	0.43561947
1540	0.75930473	0.35246945	1.5660027	263.98298	1.9620178	1.847244	-0.027634843	-0.32394468
1541	3.2635526	-0.62168213	2.6815905	3108.4967	22.371523	21.255326	-0.030658784	-0.31111443
1542	2.1565291	-1.2737938	2.9726713	6803.2215	80.11714	78.846934	-0.14336307	0.47215992
1543	2.3608407	-0.24566738	1.1804315	1613.6999	28.722855	17.240841	-0.16376182	0.58867884
1544	1.5383272	0.66095415	0.31268987	459.611	12.946718	2.428705	-0.56230062	-0.0011957375
1545	0.24225892	1.4045973	1.5437857	1571.7014	65.795823	58.969674	-0.31098761	0.2797096
1546	1.5460858	-0.91370422	2.7791348	2774.8262	88.540306	23.707893	0.07965974	0.3187824
1547	5.3248669	0.24323219	1.5463067	1811.96	32.08792	27.178676	0.20052911	-0.77847015
1548	4.5718233	-0.48431878	0.22837053	1613.1139	24.949189	16.261113	0.085144122	-0.1679876
1549	4.3385618	0.50965007	0.31682154	2668.218	26.071046	23.673106	0.033133704	-0.15694698
1550	0.88071199	0.69373723	0.75571341	113.08338	14.722336	2.0192979	0.2079355	-0.0010934699
1551	0.80252339	-1.3130503	2.1260148	1509.7899	39.986153	23.121323	-0.090810498	-0.040345063
1552	5.236858	0.46219618	0.2468298	1901.1771	38.652386	35.747764	0.21437471	-0.010139075
1553	1.9794509	-1.3821435	0.71325875	2404.4719	66.095192	27.036841	-0.024205081	0.032280091
1554	0.68183607	0.53074281	0.56218224	1529.1216	22.661523	13.072575	0.63511383	-0.15264083
1555	0.80195804	-1.1181731	1.0748053	3015.9577	58.356957	18.967495	0.66096868	0.12673738
1556	1.588951	-1.08059	1.4412177	1517.5146	27.713846	23.224819	-0.70138517	-0.12317386
1557	0.73996955	0.096302316	2.5479744	2762.6948	20.59951	19.31086	-0.10163001	0.079583042
1558	0.7855794	1.1866795	0.94643603	1185.8525	39.15722	34.525037	0.32797451	0.047721783
1559	2.9120283	0.18621243	0.86450846	679.35318	26.82716	26.78581	-0.93116457	-0.50231591
1560	2.5327123	-1.2281017	0.83471092	3583.3668	43.255727	39.133737	-0.14970438	0.0089765695
1561	5.4505629	-0.55182962	0.61267077	1821.8021	47.100942	27.284605	0.20438992	0.020733753
1562	2.2468295	0.0057009708	0.82551192	2568.9829	44.786431	27.007807	-0.03539131	-0.20132287
1563	6.0234445	0.071469075	2.6050725	2905.6262	36.295612	10.903925	0.2155185	-0.090453566
1564	3.2608147	1.0874329	2.3577426	3893.9369	64.247779	49.715768	0.17088657	-0.91667749
1565	2.1132551	0.32920077	2.6388281	3044.2165	36.99948	35.787516	-0.24165602	0.047706474
1566	1.7447704	-0.41843567	0.30795067	282.39137	1.7236362	1.7174342	-0.2738809	-0.087096289
1567	4.0360774	0.39287761	0.7283607	3711.8337	113.45528	100.50663	-0.15472353	-0.70593819
1568	5.4041327	-0.86218028	0.52020889	125.77002	1.8505834	1.3223564	0.07498127	-0.045034862
1569	3.0192687	-1.295035	1.0591239	1154.5311	33.826269	16.410716	-0.024490397	0.24953956
1570	5.2319435	-0.21916736	0.27739243	1353.9159	18.231507	10.550438	0.4731071	0.55949571
1571	3.7752867	-0.37621158	1.4596415	1867.7996	36.434361	28.822657	-0.043712542	-0.22101058
1572	4.51431	1.0237972	2.0607336	1783.8756	18.890685	15.735327	0.39128045	0.61917766
1573	3.9786399	0.26649803	0.41751516	6489.6006	78.473445	77.643082	-0.17026844	-0.17778985
1574	0.14653097	0.87931153	0.6532381	156.04733	18.223078	8.2232419	0.32514736	-0.075910897
1575	1.330237	0.10690125	2.0539091	2277.783	70.526523	52.927091	-0.069422044	-0.038605769
1576	0.10621238	0.43565475	2.0858029	1080.1281	14.804193	14.395309	0.03830119	-0.026889195
1577	2.0822708	1.1732021	2.3917014	4127.176	83.185315	60.055771	-0.30117593	0.59784075
1578	4.6516951	-0.89313315	0.38886469	2061.2389	36.880955	29.557386	-0.14395734	-0.16071462
1579	0.39208632	-0.99398191	2.495617	457.82313	1.5331252	1.3711739	-0.19647035	0.075728429
1580	1.8192401	-0.042032355	0.88495495	2410.8672	75.827276	37.896856	-0.29889871	-0.31996964
1581	5.2950409	-0.6286512	1.0179944	1708.0156	23.142254	15.733554	0.64074205	-0.20590139
1582	2.3042803	0.86885972	2.7119071	8155.3989	171.77694	106.60832	-0.34965786	0.67636466
1583	3.9944102	1.4894417	0.38649503	1497.9234	40.217199	29.733453	0.23671905	0.0050433874
1584	4.1319325	0.36812532	0.84921901	1965.1073	18.003439	17.385934	0.50164488	0.18293354
1585	3.9623529	0.48022642	2.5389474	788.36251	9.3396709	3.054376	0.0087915626	-0.20265682
1586	1.3915979	-0.10840865	0.44866766	7699.6524	80.664753	73.031761	0.46044577	-0.098586217
1587	3.0010437	0.0066323141	0.75428388	1118.2314	10.876086	10.491524	0.11847913	0.59389231
1588	0.03624127	-0.98551239	0.23131539	3938.3616	23.061946	22.222148	0.0048880564	-0.51594215
1589	0.96101534	-0.75991178	2.7377431	7231.9563	52.625523	52.249675	0.31217315	-0.040713644
1590	5.8248377	0.82910584	0.70317037	3873.4885	94.998224	60.911706	0.30164237	-0.22833689
1591	4.4972809	-0.46685255	2.9966185	4303.889	41.567083	26.80827	0.0082805034	-0.27156136
1592	2.6577165	0.81635032	0.80172943	825.65731	13.865002	6.6869166	0.67553266	0.35193139
1593	2.9981579	-0.19139963	2.9992097	7374.0488	125.59178	105.54898	-0.16918415	-0.42757959
1594	2.2837933	-0.94080988	1.1459008	679.45199	31.414475	16.980308	0.74766688	0.89450589
1595	4.9654556	-0.2980888	3.0289941	1826.1221	15.910685	10.015435	0.099525612	0.093833866
1596	4.0660346	0.10069731	2.8577433	227.90536	2.520081	1.4897199	0.078409432	-0.28570459
1597	2.2528244	-0.63468614	0.40181625	4413.0999	49.281759	32.281301	-0.049156692	-0.31966429
1598	5.318125	-0.048408406	2.2162005	945.68726	29.130194	26.670955	-0.23430032	0.37828787
1599	2.3138404	-0.21525219	1.2574531	219.68773	7.5915672	7.5394844	-0.069783444	0.024818827
1600	1.8278619	0.52475285	0.70583971	450.39803	11.893345	11.559457	-0.1576541	-0.15541311
1601	3.9718099	-0.20281427	2.8906114	1178.4597	39.29374	10.402033	-0.070553549	-0.30315982
1602	0.13684809	-1.0506538	1.1128006	4610.7045	113.47203	74.336992	-0.62881901	-0.62948168
1603	3.699854	1.1882829	1.1735094	593.22001	9.5192093	6.8221208	0.12952329	0.0043055888
1604	5.3228234	0.67139464	2.7021918	613.28749	2.9387738	2.4366797	0.38877319	-0.027367717
1605	5.6766608	0.57362519	2.6665884	631.25952	18.708815	16.892461	0.29843403	0.018864793
1606	4.4411409	0.53275966	0.57757137	3190.5602	76.335262	72.640737	-0.13449161	-0.44548342
1607	3.6082755	-0.017141688	0.92419872	3790.6392	44.526829	40.457448	0.28251036	0.25947231
1608	6.0821678	-0.1375673	2.3895377	126.86575	2.1788635	1.8732531	0.023494761	-0.0071173864
1609	4.8415548	0.75516546	0.8067033	4859.4624	65.616148	41.300763	0.1665879	0.4766681
1610	5.5912819	0.40026536	2.4028242	1566.6225	40.042461	33.598625	0.029686379	-0.020437634
1611	3.8893723	-0.54645116	0.52704127	15024.83	137.64346	105.44431	-0.044649589	-0.31665539
1612	0.20268209	-0.88420376	2.3968648	449.14741	1.9573058	1.8835683	0.19603773	-0.13063992
1613	5.1555751	-1.2642726	2.9980282	2991.4198	72.020017	71.526023	-0.18820236	0.16649291
1614	6.1885905	-1.4071015	0.69271056	1485.7276	35.117204	10.739978	-0.87446525	-0.25144014
1615	1.807396	-0.13065823	2.0595758	1539.5121	33.690166	33.133944	-0.0090457641	0.25826905
1616	4.5724988	-0.58968043	0.85427168	3038.509	33.540747	29.466361	0.14345211	-0.14771647
1617	4.5509513	-0.11495722	0.64292411	2659.3728	39.477783	34.014908	-0.29141764	-0.55071002
1618	4.6212849	-0.54816707	2.7865196	3877.5312	28.754788	21.495972	-0.24192804	-0.33495063
1619	1.9117264	-0.43835927	0.71963422	4456.8604	54.499721	49.391641	-0.084456195	-0.019468346
1620	4.1739009	-0.74167186	2.4998268	2585.0387	42.722657	20.977171	0.72060375	0.24238889
1621	5.5190577	0.043317951	1.7379592	3180.6253	50.788822	49.962892	-0.061241179	-0.041316525
1622	5.9676682	-0.41493644	2.4057135	1100.3585	17.089492	16.677136	0.35637684	0.56977485
1623	2.3287175	-0.82854278	0.55020673	6463.1867	132.38899	82.600809	-0.19908648	-0.7335693
1624	3.6089594	-0.96065968	0.83673731	2021.9145	23.353991	21.753692	-0.035787487	-0.83531166
1625	3.9194096	0.93005171	1.9369113	2666.0046	79.812246	43.786316	0.090345351	0.20283102
1626	1.1945117	-0.7118571	0.67630709	1709.4861	37.067805	31.588137	-0.23259543	0.074678151
1627	3.4517042	-0.29716298	0.6483838	3004.3529	41.633331	34.84067	0.0082616103	0.12041786
1628	0.4473579	-1.1971566	1.0350462	461.20743	10.373106	10.331365	0.023294525	0.57393411
1629	0.76593842	0.70760365	2.0989984	919.16209	19.547333	18.023509	-0.27400443	-0.22531801
1630	0.84043911	1.1003444	1.4152807	2135.0888	40.13989	24.110899	-0.00012924672	-0.0081845913
1631	0.69433836	1.0962204	0.18164609	2212.3685	33.673317	27.209307	-0.7508755	0.35659972
1632	5.6993811	0.61907143	3.1272635	3343.9479	27.495768	26.764044	-0.081687436	-0.07823372
1633	5.4960456	-0.18252239	0.25204039	3204.328	23.916404	21.310853	0.049559069	0.015838505
1634	3.784395	-0.27096342	2.7295755	1519.0646	16.388659	14.740164	0.65351459	-0.0077117139
1635	1.6907872	1.0502876	2.1550993	1537.8944	26.493943	26.270882	0.095752671	0.10224881
1636	1.0285218	0.88012909	2.8299982	1017.9452	10.92446	9.7602732	0.38238514	-0.27563936
1637	2.1194976	-1.4270469	1.0883731	335.23927	14.398642	12.114343	-0.14079417	-0.92398836
1638	6.2735131	-0.64370414	0.57204269	720.47181	6.9636042	2.8666998	0.0014216843	0.0086640011
1639	4.2751751	0.3302531	2.210587	3941.6312	77.747842	58.469641	0.68436906	-0.082198425
1640	4.018605	-1.1140288	2.0057442	641.33734	18.054219	16.580609	0.016116799	0.36860477
1641	4.769821	0.077355267	1.7363842	2115.5604	69.684292	63.920835	0.21404413	-0.38048232
1642	4.651776	-0.7265923	2.3598186	930.27362	47.937113	44.732056	-0.2553088	-0.19215948
1643	1.1133281	0.40960662	2.5123455	4572.9718	27.25409	21.615571	-0.039635654	0.21425079
1644	1.9424423	0.21487371	2.451649	3046.1677	57.445163	20.233651	0.32168244	-0.20413012
1645	4.3795986	-1.2084782	0.83595797	4510.3296	72.139907	46.447211	-0.10566427	0.87793526
1646	2.7661664	-1.0744264	2.2429867	6961.2624	106.26989	95.996527	-0.02544168	0.28063186
1647	2.863499	-0.57097899	0.68188247	1221.0586	35.955323	19.053072	-0.98134117	-0.17131017
1648	5.0775008	-1.0708301	0.63516387	1895.9288	14.763962	10.53939	0.30776838	0.33965622
1649	5.890143	-1.4523843	0.68386855	2927.0355	66.11347	53.686166	0.37287734	-0.093019947
1650	3.6749554	0.12618969	0.72029908	2210.0876	24.103684	12.807665	0.021651446	0.13330728
1651	3.2541632	0.47104899	1.2831261	714.43122	15.655075	15.075382	-0.49547482	0.036645181
1652	2.8751337	-1.353434	2.8032637	5724.4805	90.345797	58.598108	0.033154307	-0.35279032
1653	1.1068669	0.31927398	2.4417225	1530.1103	16.414678	8.9094561	-0.008295029	0.8676088
1654	4.8133522	-0.82483442	1.3694374	476.04187	45.112685	12.648512	0.16956885	0.14146056
1655	5.0129524	-0.10813675	0.94071609	2722.342	67.7026	62.864146	0.49307418	-0.032048209
1656	3.7884541	-0.076001381	1.4775445	449.7915	27.908581	24.118284	0.66942755	0.21465622
1657	0.57447371	0.87195655	0.81121862	820.32248	33.498524	14.10821	-0.12597222	0.031384055
1658	3.0420788	0.29835246	0.1433039	381.95924	2.7655942	1.9432535	-0.40288008	-0.21110645
1659	4.3328473	-0.53621259	0.47016833	673.63316	2.7874158	2.2818497	-0.054946239	-5.772426e-05
1660	3.4902541	-1.1547123	2.092592	955.92677	33.281697	24.955984	-0.39016873	0.27693814
1661	2.106706	-0.25196014	1.0467935	1177.0171	29.014546	23.443201	-0.011767604	-0.32647009
1662	3.4063975	-0.11571416	1.7671134	3270.4536	50.051679	48.797255	0.0046516507	0.20277002
1663	6.223258	-0.16991389	1.7011641	4033.9228	66.600976	64.203067	-0.071404687	-0.027143555
1664	1.493768	0.42432299	2.4398616	5137.0631	47.780216	40.857571	-0.17177466	0.13449189
1665	2.1407466	1.4010827	2.3197823	272.4127	2.1229273	2.0519112	0.010167434	-0.087480472
1666	3.3112459	0.71250309	2.3725937	1279.1351	9.8811663	9.2197379	0.050011835	0.05233288
1667	0.90343163	-1.0784388	2.0266412	298.83432	1.8350377	1.8147405	0.014876169	0.0079120077
1668	1.3808886	-0.953361	0.50233194	2715.1316	69.831541	58.909373	0.041091309	0.28320008
1669	3.1202436	-0.0085704015	2.278733	1509.4141	10.099046	7.9668641	0.40517027	-0.26745576
1670	6.2211953	-1.1682444	1.8468219	2811.4999	69.666837	50.239666	-0.11102954	0.48818848
1671	1.5587444	-0.14258133	2.7377596	632.62699	12.185633	2.1659651	0.095203138	-0.18837393
1672	2.2979268	0.58921037	2.5086051	2488.8261	38.938386	35.600524	-0.20899381	0.044301834
1673	5.8897619	-0.086158058	2.9854661	2939.2343	29.177155	21.941367	0.19820144	-0.16842672
1674	2.8115768	-0.084220699	3.02368	2701.0191	21.392608	10.915316	0.48903786	-0.33221636
1675	3.5360784	0.37223891	2.5444403	2484.5049	14.683998	10.395548	0.49735495	0.013973427
1676	0.36049173	-0.76595515	2.7281662	5509.2164	49.786639	35.669445	-0.58487251	0.16051061
1677	4.9181331	-1.2234496	2.4446026	1661.2876	72.158457	18.40592	0.39740333	0.032578131
1678	1.6468128	-0.70060436	1.1332178	538.77639	18.001861	10.269235	-0.079768502	-0.20039462
1679	4.4826345	-0.50766612	2.580558	1023.9644	43.7061	32.729385	0.51929197	-0.63694279
1680	1.974415	-1.0030639	2.4548072	8817.7602	95.175564	65.248068	-0.41298	-0.038799445
1681	3.2879208	1.2367221	2.8161526	10711.553	86.978229	78.038532	-0.20898106	-0.38269302
1682	6.0090849	-0.37412186	1.5158184	1048.9339	31.058824	8.8487453	0.016532733	0.017527846
1683	2.5771616	0.70805588	2.9245479	6603.238	49.28271	30.851424	0.031231481	0.32155555
1684	4.9531116	-0.10480623	2.1512407	272.6426	2.793897	1.7497346	0.49686373	0.11896728
1685	1.4289458	0.40482866	2.4401832	449.66921	15.913778	15.404509	0.006872806	-0.34084448
1686	0.49883961	-0.83297677	0.85336492	3669.2543	91.837057	71.66955	-0.029279209	-0.054058162
1687	3.8429918	-0.47961749	2.8378252	3773.263	60.746028	26.965685	-0.13727301	-0.0080573784
1688	5.7820782	-1.2872446	2.4579535	397.05338	2.3156292	1.8750768	-0.0072063906	0.091516857
1689	0.51779904	0.098592719	0.31663574	2559.5858	43.771377	18.262181	-0.18322715	-0.34902282
1690	5.5305759	-0.33071006	2.426131	688.41244	36.611881	26.337508	0.17820201	0.26724619
1691	5.0590121	-0.13295316	2.3143848	395.24091	30.590226	28.35206	0.39215998	0.94890324
1692	3.0063112	0.67254097	0.50841364	1412.1878	34.222798	31.045317	-0.28077855	0.063410197
1693	5.111472	0.027485882	1.378583	1489.7184	68.818853	32.927917	-0.51135796	0.40071051
1694	3.643927	0.21097931	0.53443901	2137.5265	29.430676	26.340691	0.1975776	0.032396215
1695	4.8042825	-1.1625231	2.4474355	2906.2683	21.415713	19.923167	-0.0005875105	-0.011135935
1696	2.9367543	0.89155214	0.7337032	3863.6797	76.377297	64.775215	-0.1873977	0.12736103
1697	3.2098309	-0.18601288	0.53471208	4215.8164	108.26504	69.73653	-0.13102973	-0.3731668
1698	3.8256465	-0.98835213	2.7559847	1890.4606	26.627308	25.794803	-0.3031968	0.40188195
1699	4.3482881	1.0715326	2.7103965	3967.7277	55.884161	47.286493	0.10703996	0.10740144
1700	5.873122	-0.93413258	0.82971805	3239.6977	76.018799	62.384599	0.1505771	-0.0065189278
1701	1.2915197	0.45050231	0.93772787	1015.757	55.80801	50.009512	-0.19141486	0.00015104361
1702	4.1247083	0.12411767	1.793205	343.21636	36.105018	27.991721	-0.038899294	-0.55151459
1703	0.87820842	-0.14212513	0.069429618	1386.2849	11.85978	8.8876022	0.59684661	0.30440054
1704	1.8215647	0.07608524	0.96021565	748.37193	9.4431839	7.7788056	-0.15807697	0.3260329
1705	1.0863171	-1.3747837	0.29317299	1495.7847	10.166129	8.2354676	-0.076503122	0.32480336
1706	2.2160493	-0.36505746	0.92361277	1384.5094	15.861537	8.6579673	-0.3862991	-0.038113447
1707	5.6801541	-0.026683619	0.32033318	2230.7226	44.269294	41.102721	0.16998432	-0.20845434
1708	3.7477305	-0.74134542	2.0305395	880.66559	50.744568	32.842495	0.013457825	0.69895749
1709	4.6618006	-0.27383717	2.5316025	1140.2167	32.241915	12.004811	-0.14961408	0.053584757
1710	1.0449098	0.91278209	1.2310914	799.67962	23.204143	17.947815	0.013190948	0.013727993
1711	0.85237498	-0.88608081	2.0068525	2005.6877	51.908363	28.271196	-0.53641502	-0.02327389
1712	1.3082513	-0.64288793	1.5692359	3295.3604	42.57134	35.566233	0.023576652	0.0049510839
1713	3.968947	-0.72188083	0.25953524	5496.4655	41.699544	18.743337	0.56469269	-0.30144687
1714	4.8319735	-0.77214326	0.48727029	10023.484	108.48867	62.589836	0.51608436	0.48235449
1715	3.8863079	0.9198891	2.2069249	488.9671	44.51882	15.154986	-0.42477167	-0.090737845
1716	2.0106921	-0.18912953	2.1405508	1530.8767	31.964845	18.636937	0.37009312	-0.16450629
1717	0.20243004	0.52395574	1.2011677	313.90519	12.104555	11.978275	0.060628783	-0.25505586
1718	5.0923095	0.14627717	0.46740347	1312.3114	9.7589713	9.6932377	0.51483695	0.024483563
1719	1.4459811	0.0020330508	0.48276775	4121.0464	41.423272	40.572446	0.206861	0.2963516
1720	3.4511349	0.54899872	2.6632898	3023.0462	27.890449	24.367808	0.42140621	-0.012696513
1721	3.8158105	0.067201117	2.900882	397.77408	1.5639156	1.5124528	-0.013593935	-0.14064702
1722	6.0111359	-0.52312846	2.8705657	1651.8005	26.95133	23.175836	-0.20651953	0.2959567
1723	4.7818589	-0.8813726	2.5805065	2443.7806	27.035315	20.739964	-0.087948473	-0.33521425
1724	6.2043351	0.26506511	2.5374168	7109.4868	111.87981	108.71223	0.038578567	-0.61621919
1725	1.431202	-0.37841924	2.5336393	1145.5395	11.952802	11.630856	-0.051060271	0.20071959
1726	0.018219994	0.35469167	1.1335908	1646.9506	31.108461	23.335358	-0.14921913	-0.11375744
1727	4.9348212	0.23278234	2.237983	2691.5101	82.533019	68.705884	0.037797526	-0.46502972
1728	1.4001808	0.6716376	2.0817718	284.93459	2.6579568	2.0730498	0.02793165	0.0031807232
1729	2.3154069	0.096853009	1.2876598	855.70529	10.969823	10.843832	-0.73379177	0.0099218272
1730	0.49553346	0.35615039	2.0160277	2326.6375	41.888997	36.941681	0.40932463	-0.081220348
1731	2.8017349	-0.092351821	1.2166708	1187.22	41.392336	14.909736	0.17474694	0.18255256
1732	0.042495504	0.97130397	1.1474341	2135.6964	51.606016	16.306596	0.64717055	-0.069280848
1733	3.0730168	-0.26642807	1.9362529	1088.0877	35.98432	21.440326	0.77171867	0.0024508652
1734	3.7324127	0.34366227	0.64418071	4031.4966	100.06293	60.022324	-0.30124155	-0.29601214
1735	1.2634345	-0.82160334	0.24460777	5744.3759	60.692207	56.477275	-0.025573753	0.20191888
1736	2.7956429	0.62456199	0.70501852	1428.641	11.894167	11.053909	-0.053695652	-0.25657383
1737	5.2099423	-0.80868613	0.90497994	7880.8241	98.890581	98.327162	0.24603874	0.48198228
1738	4.1202761	0.99355261	2.5868044	234.10856	7.8063328	6.8658103	-0.125015	-0.29910887
1739	1.091807	-0.32711823	0.65140238	445.22357	34.789189	32.6925	0.44087414	-0.012703542
1740	0.60277201	0.61202434	2.6799386	3208.6313	30.906204	29.310807	-0.037587614	-0.45844365
1741	2.0278255	1.2075781	0.81750116	554.75099	54.22161	30.549178	-0.42743107	-0.19500021
1742	1.5997382	0.34717131	0.7032489	1437.5474	23.804103	22.746324	0.14517537	-0.14401198
1743	1.7329899	-0.87362157	0.8543684	208.7795	1.4766028	1.1835051	0.14372184	-0.24885024
1744	5.1102264	0.23851781	2.7163346	1234.0998	80.653886	23.559838	0.30926513	0.35632358
1745	3.1941028	0.64109707	0.65646792	963.83317	12.740689	10.301581	0.0759632	-0.01490308
1746	2.7713745	-0.2844643	2.510617	6607.0464	116.10259	54.283502	-0.36587475	0.35536359
1747	4.7310007	-0.23056728	2.0536387	1047.3069	13.283644	7.5137571	-0.073335986	-0.02083302
1748	0.82539274	-0.7651242	2.2136179	7854.6443	139.53343	97.123992	0.5117955	0.38688881
1749	6.2541657	0.4057389	3.007442	3489.7949	42.951605	26.135919	-0.67220328	-0.42375154
1750	1.8504484	1.3831129	1.9620902	557.67046	19.446177	14.829524	-0.090926766	0.41233979
1751	4.2986302	-0.076972624	0.74050912	2487.5989	25.709983	16.393991	-0.06045523	0.35191341
1752	6.0302087	1.4061195	0.35212337	4474.3593	78.035299	25.838986	0.95722487	0.051213588
1753	4.7376552	-0.93815277	2.1530628	2597.3576	39.189572	37.494754	-0.037304896	-0.19428818
1754	0.14211289	0.97315496	2.1131526	3519.2059	54.187146	52.405133	-0.2221208	-0.55036153
1755	2.8104343	0.59325737	2.7521926	2552.6145	38.307563	15.005482	0.10982125	-0.38939417
1756	4.3944039	-0.63164839	0.45863738	4193.1181	27.262337	26.503628	-0.61518842	-0.27716891
1757	5.8688385	-0.43400817	2.3053468	4423.4687	39.385097	32.859569	-0.015477364	0.014626514
1758	4.5133708	-0.72115332	1.1752144	2530.7782	99.655846	35.399434	0.27878575	0.23069742
1759	2.1934347	-0.66337499	1.7951999	2235.314	37.489435	15.798122	0.26962866	0.20032589
1760	4.38138	0.44762532	0.68327208	505.71991	18.199018	18.049641	0.51092184	0.079776624
1761	5.9455327	-1.0035823	2.7237754	1679.8592	28.794643	27.043235	0.84843545	0.51997585
1762	5.3483157	0.021728665	2.5367324	214.3531	1.9027589	1.4287941	-0.034934893	-0.057369231
1763	1.3248096	1.1978597	2.6201154	3639.3883	82.678767	81.995727	-0.78266995	0.34640662
1764	3.1054475	-1.0773016	2.3995899	5306.4309	122.7833	91.693283	0.12919763	0.011500848
1765	3.0042247	-1.0155674	1.1328134	1410.6788	25.472681	14.324239	-0.57175338	0.0041975253
1766	0.88120478	-1.0849109	0.69627999	5632.0332	103.25571	87.095551	-0.21508816	0.038923194
1767	3.1296508	0.91897843	1.8738097	1333.6925	60.383512	23.432228	0.075589992	0.092467224
1768	0.2010914	0.37145013	1.0836948	1541.4773	60.283184	43.505032	0.35138468	0.63505281
1769	5.6289862	-0.82611249	1.8984732	2250.3638	68.807307	51.150524	0.57205529	0.16916371
1770	3.3475883	-0.81673217	2.3219345	2268.3705	48.293787	33.125601	0.53893923	-0.33121013
1771	1.1797863	-0.53011121	0.6082848	4753.9979	138.45113	36.114418	0.22174086	-0.66329167
1772	2.104411	1.2317206	1.5356856	231.36666	29.411437	9.6198329	-0.045116801	-0.00087843644
1773	5.7959626	0.35650125	1.9712598	402.76	14.053938	8.4870969	-0.54663739	0.18840075
1774	2.3139156	-0.42454032	2.4823763	411.9753	2.7346115	1.5662873	0.040206636	0.034486507
1775	1.2739749	0.951561	0.79538862	520.51241	16.161072	9.3372333	-0.08185667	0.081839528
1776	0.75891549	-1.0246932	0.96118612	1942.7795	71.222268	66.830998	0.19599236	0.58800799
1777	3.8769675	-0.23547704	2.9169077	10215.468	104.75345	67.664376	-0.54408789	-0.020070303
1778	3.4906882	-0.70576295	0.90570095	5397.4161	133.04171	56.269724	0.17524846	-0.24991955
1779	4.9797922	-0.59361046	2.2231273	5873.7525	89.12758	67.030705	0.24461856	0.069541594
1780	3.9915546	-0.81073692	2.0840065	1009.9633	42.030369	31.025341	-0.034201101	0.51767313
1781	5.0172506	-0.50125922	0.65056248	2206.5424	105.74939	56.104359	0.13331867	-0.25032297
1782	3.5657954	0.4569075	0.77263514	4869.9075	59.958071	58.550645	0.60947308	0.40322998
1783	0.57173727	-0.34861907	0.54499557	2137.1664	20.127985	11.923591	-0.089421393	-0.053556152
1784	2.7462925	-0.87514677	0.35387988	4816.4102	56.848194	56.293286	0.19649116	-0.46106133
1785	5.0200071	-0.73069027	2.3464154	156.57729	2.5774728	2.12537	0.24632093	-0.068188471
1786	6.2174784	0.68551425	0.077317561	645.76642	2.7378214	2.3832294	0.21491209	-0.073115814
1787	5.8643851	0.5496224	0.43650551	2382.9194	43.20837	41.412827	0.23082882	0.065342609
1788	5.8525768	-0.34793289	2.8412747	4902.6227	59.114946	18.942323	0.43420061	0.74345071
1789	0.48054911	0.77632521	0.11465853	1526.0761	53.186989	48.668633	0.00079820626	-0.13071184
1790	3.8553626	-0.14990915	0.56118584	5492.9259	34.73624	34.240406	0.25483568	0.64450409
1791	2.918991	-0.47505024	2.7118274	3528.772	62.942715	56.009417	0.0017795531	0.84700399
1792	0.76742173	-0.59899741	0.42735819	1036.2967	33.725721	24.56279	0.51824737	-0.037524537
1793	1.7485246	0.45022631	2.7417183	777.40863	18.836878	18.758671	-0.74034186	-0.069767967
1794	2.215158	0.21477865	2.7147744	7734.4521	141.31427	104.1445	-0.17472118	0.76070517
1795	0.83525072	-0.96641903	1.0230402	3538.6358	68.007624	37.008064	-0.29295693	0.33339156
1796	2.1372253	-0.16160435	2.9877761	1399.9086	64.559604	55.901926	-0.23276323	-0.14896333
1797	5.605223	-0.86423183	0.7251259	2629.6432	47.717622	25.303444	-0.17525533	0.15155949
1798	2.4669559	0.09207483	1.1548754	3199.0918	46.169703	39.071088	0.030827197	-0.05814492
1799	1.0212189	0.42876275	2.6727438	1540.4457	26.904674	19.695362	-0.16109308	-0.17093791
1800	4.9027075	0.5646937	0.48280116	5221.6653	105.27561	73.961778	-0.22019983	-0.18138513
1801	1.3751025	-0.46228992	1.1074625	881.38594	15.131961	12.91239	0.16754178	-0.0003028705
1802	6.1021241	-0.21436798	0.84310333	645.75136	11.161587	2.1225001	0.41087443	0.11532365
1803	4.0271301	1.2607039	0.94757141	6406.1043	61.183618	50.328595	0.93980905	0.018925475
1804	2.3117622	-0.30959671	0.77220428	3944.1121	77.793857	74.4875	-0.046603953	-0.073285264
1805	5.2810322	0.10371691	2.5511497	4337.8421	76.42437	52.881651	0.23329226	-0.57952527
1806	4.9345199	-0.48129404	1.9560681	626.77843	51.339064	28.141443	0.26028619	0.32430333
1807	1.6933043	-0.65798111	2.6794823	608.07329	12.033289	11.938512	-0.21742823	0.014966483
1808	1.6345753	-0.45604638	2.5520146	3304.4558	66.889267	35.089236	-0.042346789	0.20154769
1809	5.935824	-1.220242	0.80926614	473.22071	36.894344	2.1247471	-0.072087132	0.028644652
1810	4.9384303	-0.1203003	0.88125613	2466.783	44.213655	21.134194	-0.23381415	-0.51012257
1811	4.5197371	1.4544074	3.0501999	593.89686	8.3553675	2.5878802	0.032159538	-0.18227261
1812	4.0365529	0.025980546	0.6786313	3110.0427	81.321434	80.479721	-0.00021626818	0.22979711
1813	1.2280911	0.25153707	0.39504749	3224.6606	44.435367	41.346772	-0.046228443	0.11853599
1814	4.8480606	0.16340508	2.1920015	3645.6835	64.013806	61.269361	-0.021212086	0.38405659
1815	3.8122496	-0.58606328	2.929121	2276.8991	50.844622	40.964969	-0.40946305	0.20165106
1816	3.9065034	0.12767784	2.8732755	3034.8138	40.761158	13.914304	-0.23081918	-0.081283647
1817	1.9724108	-0.86398974	0.68412241	5564.1209	55.671454	30.367239	0.49968162	0.022941742
1818	3.9388688	-0.11233596	0.82467584	3644.4071	52.841035	33.621757	-0.84025357	0.32951294
1819	4.0925356	0.20099907	0.13056255	1965.9323	16.93632	13.222252	0.47018529	0.0052144015
1820	5.889794	-0.17115382	2.6493936	4397.8519	120.02437	105.11773	0.024504394	-0.31651072
1821	2.1960695	0.013915169	1.6906055	2467.1011	35.007965	34.619884	-0.23038626	0.44530658
1822	4.8146089	-0.18003489	2.9095497	634.9507	26.4499	2.4339085	-0.45184315	-0.074871728
1823	0.01756989	0.31823705	2.5017487	1199.9606	23.666418	13.588133	0.012361839	-0.025504443
1824	2.0710443	0.32155236	2.7395443	2735.24	34.841285	20.678356	0.20542858	0.017500954
1825	5.6218918	-0.72773425	0.30783918	652.55591	2.693076	2.0765027	-0.061723745	-0.011609183
1826	0.72449459	-1.1197404	2.4745977	376.74445	2.8565305	2.2670304	-0.26468513	0.037445152
1827	1.8333272	0.85860919	1.5179793	561.18122	48.905296	43.488128	0.097563421	-0.73453102
1828	1.734791	-1.1510576	1.8890882	1294.9374	17.415337	14.480763	-0.90992523	-0.1168765
1829	2.024078	-0.50568604	0.59417125	4046.2468	43.760815	26.557874	0.34584326	-0.057954824
1830	4.0321823	-1.3055783	0.34237152	2995.6129	98.918484	49.884541	0.39144151	0.002365912
1831	0.94175251	-1.0776055	2.5909721	501.784	2.0817969	1.7429445	-0.065332901	0.18641019
1832	2.7271228	-0.36298874	2.2942954	4450.6073	90.653828	41.817111	-0.33691932	-0.61605806
1833	4.8453858	0.8303618	0.50073082	421.5467	2.764638	2.7490759	0.19868454	0.033719328
1834	4.7315724	0.89226833	2.5931851	1029.5353	14.658156	13.920611	0.026021977	-0.39682559
1835	3.6486552	-0.79394893	2.9527237	1989.8395	22.693292	18.099829	0.27099591	0.010135006
1836	3.0351991	-1.2602786	2.0222945	2603.2174	55.524369	41.178605	-0.087739673	0.59598399
1837	2.5467583	0.86530688	2.2399926	2879.3811	70.05318	57.944779	0.029353062	0.01610619
1838	6.0455641	0.27367184	2.4387865	606.63769	12.682289	2.5845644	-0.12471592	-0.22792857
1839	3.9742209	0.66304835	2.4873402	1467.7625	71.162546	57.564251	-0.024693162	0.26073696
1840	5.1431065	0.23957976	0.72303642	2576.7434	54.492947	50.48168	-0.11500915	0.3467308
1841	0.54105022	-0.18376304	2.6349996	4227.0263	50.838168	33.595345	0.73904384	0.094267817
1842	0.69123722	0.042437392	1.8358666	4032.5648	110.64559	83.264869	-0.63596041	0.47002098
1843	5.3027388	-0.2787989	0.8757807	1002.954	16.233461	9.2612574	-0.28504552	0.07821378
1844	5.517042	0.45059389	0.067155958	4679.5095	85.633893	59.626033	0.091678099	0.097618658
1845	0.60236562	-0.55097658	0.79153497	1456.7227	32.266476	16.198315	0.099113809	0.25637482
1846	4.7077599	-0.81955829	2.0917197	836.58792	60.735325	34.677967	-0.27908135	0.10864335
1847	5.6629328	0.64072866	0.49371719	8869.3621	55.306226	42.117823	0.66493185	0.08531953
1848	3.2089981	-0.79696872	2.3716303	7888.6851	101.96733	65.050836	0.00083350284	-0.50127072
1849	6.2318953	-0.73210788	2.4633618	3030.5496	36.247763	30.202667	0.057025273	0.09047369
1850	2.353823	1.117153	0.40438034	4796.8735	61.032834	59.909835	0.21482618	0.21591543
1851	1.4993402	-0.18885134	0.30421885	3141.0407	47.428049	45.747725	0.2136224	0.3064846
1852	2.0814449	0.89922656	2.4805385	1445.1653	27.784885	18.525046	0.33211693	-0.088653992
1853	6.0392692	0.39127203	2.651736	7443.8546	64.175632	55.985208	-0.15121495	-0.033682927
1854	5.4213291	-0.81448013	0.59580936	2734.085	42.165841	31.514725	-0.44330134	-0.03401639
1855	3.2937431	-0.87252027	1.3210494	812.70406	9.8166574	8.7163576	-0.67542788	-0.075004395
1856	3.7348201	1.0422059	0.89939678	714.22024	13.882248	7.1995246	0.14222741	-0.023362717
1857	1.2885758	0.69837541	0.74096607	2726.6519	54.925461	31.779895	0.0080628568	0.10521946
1858	5.604978	0.4003862	2.3704318	657.37423	27.243712	16.145216	0.34900853	0.089739013
1859	0.33165808	-0.81189277	0.87224799	793.12285	12.953207	9.9654078	-0.41733759	0.17436751
1860	0.71610985	-0.61718525	1.1910299	2431.9134	53.952137	26.196856	0.75608953	-0.0064536214
1861	6.2614786	-0.19035609	0.80439773	804.12928	50.581679	15.812551	0.47593782	0.40304903
1862	3.6558507	0.26305628	0.37145953	4659.317	71.568477	41.662056	0.69943518	-0.53560368
1863	3.3026903	-0.1150274	2.7128429	1301.7511	19.064459	11.268778	0.8335443	-0.05158773
1864	0.90764398	0.10643579	2.0119016	559.16524	20.879918	12.355116	-0.11442848	-0.37357737
1865	3.5450943	-0.96223834	2.3052629	2737.3293	62.718256	38.147146	0.30101596	-0.21635022
1866	5.6781295	-0.61783497	2.432043	119.74182	1.7665215	1.2308062	0.034754618	-0.039870652
1867	2.327159	0.68918955	2.9332854	2554.7563	56.727398	56.461179	-0.52290684	-0.31143599
1868	5.5235379	0.68289141	0.51236534	2670.8351	27.497915	24.063541	-0.071539502	0.33396771
1869	3.3693393	-0.073117037	1.2243517	1075.4087	25.152043	13.41403	0.42664797	0.13498875
1870	5.7909426	-0.95153091	2.7025572	3183.8089	37.421875	14.381129	0.098523823	0.13035457
1871	0.7444343	0.26744914	2.3736164	1718.7971	34.763419	33.55238	0.19219998	-0.059149484
1872	1.390459	-0.21469576	0.76145864	2781.8324	47.356636	45.805962	-0.53429543	-0.064616123
1873	4.0452233	0.44412567	2.2778184	1175.6582	59.45542	20.190421	-0.4986899	0.19917784
1874	5.8835197	1.1848548	0.063458081	3314.3598	28.363207	16.467665	-0.22283586	0.018233563
1875	4.5680514	-0.0056588062	1.058384	2073.429	42.571324	42.33659	-0.39050103	-0.72791208
1876	2.2799712	-0.68380147	1.9508448	845.96032	15.460308	12.365757	0.10436987	0.084543615
1877	1.1479004	0.20274052	0.46611601	406.80968	1.9606673	1.564114	-0.29928463	0.16660872
1878	4.1291051	-0.10677653	0.68120033	8795.4012	126.81762	77.098809	0.032294367	0.59732229
1879	3.3501267	0.75892351	1.6412864	610.86275	57.938431	36.234711	0.2055235	-0.26584692
1880	5.6467952	-0.41655079	2.2517887	1178.9779	10.844463	8.5144393	-0.091898776	-0.15062337
1881	4.9339658	0.31833387	0.63934434	1210.2444	17.255506	14.676455	-0.006395186	-0.34046349
1882	0.96858705	1.1292986	2.1517877	885.97538	9.2982139	8.6169053	0.23985387	-0.1834796
1883	0.029667204	-0.18919856	2.9607155	1729.1736	10.269242	10.045425	0.4842271	0.52356673
1884	2.6964311	-0.24612579	2.8735118	16516.166	176.16092	103.98606	0.89523923	0.073217552
1885	1.7363422	-0.20557837	0.42617212	2968.6803	24.377737	20.466754	-0.10243695	0.28041004
1886	4.5453717	1.0325726	0.39991193	2770.4246	32.977239	32.363897	0.22278073	-0.094603162
1887	4.0865299	-0.18593273	2.3730825	263.4203	2.8457448	1.2584963	-0.82506805	-0.22882796
1888	3.8221945	1.2424594	0.45932025	2238.1133	26.207416	11.676013	-0.1454706	-0.12719931
1889	5.3799436	-0.54163867	2.0787175	2165.819	31.851239	29.25986	0.034126694	-0.013335608
1890	4.9805659	-0.20711448	1.3996034	1689.8967	36.782557	25.8223	-0.29386861	0.40129932
1891	5.1602379	1.1772185	0.72028864	4473.9547	41.023049	37.006462	0.0076007378	-0.73522921
1892	6.1703697	-0.57320554	2.744221	5448.3077	75.048727	60.657331	0.15306504	0.69051567
1893	1.740771	-1.0595337	2.5139904	1717.4549	31.979628	14.50074	0.93793592	-0.011752948
1894	2.4343239	0.26384375	0.54650677	3967.2417	32.281142	24.82462	0.54860592	0.37516499
1895	3.990939	0.71188999	2.2404065	2846.9231	32.378426	29.64847	-0.0074248777	0.22494922
1896	3.7167275	-0.73144649	1.5504452	2808.9278	69.701229	38.372347	0.29514836	0.046906453
1897	1.2880272	1.0456438	2.8626611	585.73055	12.12272	2.8807352	0.080676116	0.33938006
1898	4.3506417	-0.64804114	0.77246059	1264.8363	17.176366	14.670298	-0.0023829322	-0.11187083
1899	4.296858	1.0455879	1.3084733	273.74341	2.0107051	1.3243601	0.30014107	0.04936329
1900	0.3603589	0.23690539	2.2797495	59.246329	2.4102906	2.2780139	-0.039522979	-0.093243413
1901	1.0495519	1.0784779	2.6756565	3293.1231	71.443097	28.844095	0.056104403	0.63909062
1902	3.4261827	-0.7985212	2.0858303	1020.4695	27.143478	20.824529	-0.0058271861	0.048543633
1903	3.9032645	1.4746864	2.5647544	3423.2217	59.127192	57.559188	0.13359669	-0.79794459
1904	5.8537463	0.1673543	1.9387548	695.70235	20.798939	19.320618	0.33991331	7.3068536e-05
1905	6.2615234	1.1697035	1.3127207	3017.1894	64.730945	57.437144	0.004480434	-0.03033466
1906	4.5585745	0.072845463	0.54674102	346.9797	1.7009956	1.6347924	-0.023408236	-0.0030970927
1907	4.226712	-0.10512352	0.89222305	115.10152	1.2558445	1.166308	0.051700429	0.053937374
1908	3.3924629	-0.69241922	2.2529268	1140.7308	29.958833	25.700805	0.21415835	0.27152635
1909	5.1707501	-0.44723282	2.300704	1801.2484	61.447168	56.805716	-0.14937229	-0.0816977
1910	5.2041659	-0.99619141	2.6032425	5317.3324	86.1591	68.595131	-0.091164175	-0.62797795
1911	4.3335355	0.49477622	1.3934856	401.20437	42.247494	35.281188	0.088556695	-0.051026046
1912	0.0034038988	0.71178088	1.719626	326.87872	29.527217	20.732612	-0.0019607658	-0.11915848
1913	3.5189329	-0.9251823	2.6857627	1639.2432	45.018745	43.757553	-0.68247178	-0.058228295
1914	2.63181	0.86710381	2.5220013	2267.864	21.32987	13.043522	0.20970285	-0.18958894
1915	5.3336145	-0.64246078	0.95247871	317.0021	22.725038	1.8459211	-0.0066546614	0.14038197
1916	3.9557141	-0.17797824	0.97287364	1157.7261	18.545335	18.100071	-0.1901097	0.014770415
1917	0.0251977	-0.85344091	2.3070993	349.50632	28.819588	15.88298	-0.64012961	-0.067042977
1918	2.0486104	1.4376917	1.8284965	2521.441	72.078623	36.780962	0.40978921	-0.51033346
1919	1.7200887	0.42122924	2.6445701	421.69804	1.5578761	1.4003964	-0.0524553	-0.10359817
1920	5.4806928	-1.0366633	2.8825612	6703.7823	65.113257	63.250556	-0.21668744	-0.041387692
1921	1.6202948	-0.24856558	2.3966952	1209.5912	11.285716	9.6435861	0.077449428	-0.097313051
1922	6.1438817	0.46180238	2.291287	5972.1938	74.378229	63.916841	-0.10769956	0.17376288
1923	4.679091	0.73022623	0.12040285	3201.3282	36.207572	30.959175	-0.53883103	-0.64223655
1924	1.2518133	0.15749171	2.7233664	3098.7531	68.550138	33.792058	-0.3956585	-0.070320484
1925	6.2112619	-0.014112564	2.3866236	3048.6373	91.118457	45.581974	0.55656569	-0.064370417
1926	2.1676802	0.31491608	2.1286706	612.71207	8.4054748	7.5221521	-0.028606272	-0.0062220742
1927	2.815543	0.73297407	0.51900634	3860.9757	66.087916	39.031354	0.39029265	-0.081155308
1928	5.5549799	0.93643441	0.36460736	2034.5603	99.369818	18.005721	-0.0056097519	-0.094456758
1929	4.2142178	-0.75155941	2.9660432	10059.45	93.060816	53.789237	0.21665742	0.17583179
1930	4.1386094	-0.064657974	2.3812182	513.23968	32.169099	30.485468	-0.12635306	0.36555437
1931	2.110974	-0.3606824	0.65702184	264.70659	2.0389948	1.9374482	0.28455732	0.12245748
1932	4.6213889	0.55833951	1.8399395	660.32667	21.290816	9.0699639	0.028816911	-0.25378065
1933	2.695958	-0.085833791	2.2445144	456.20472	29.096803	23.66025	-0.27973631	-0.16955704
1934	1.918482	0.9206249	2.4987432	1837.8997	33.718414	13.060558	-0.18977198	0.09757727
1935	3.0539675	-1.2644571	2.7019156	1345.4216	26.615775	15.8925	0.47014256	0.43561947
1936	2.2887677	-0.39961209	0.63076618	1137.7845	37.138631	22.591744	0.019161014	-0.36181554
1937	3.4999306	-0.58717061	2.4863021	273.50594	1.9621134	1.3561506	-0.038746736	0.043973454
1938	5.2141887	-0.29566725	0.62265667	2363.5882	23.979993	23.014541	0.29303757	-0.63645426
1939	2.4516547	0.28377682	1.2066837	4661.6009	77.198159	67.574283	-0.39313949	-0.015610942
1940	2.9123763	1.3097805	3.0494231	1686.3007	10.711698	10.017961	0.067591439	-0.018875542
1941	2.0788976	-0.2318644	0.98781035	571.07897	14.927863	11.610179	-0.65697679	-0.10384677
1942	0.26561823	-0.73231657	2.1918205	3796.8726	54.566501	34.485695	0.088051357	0.0045586215
1943	3.9918656	-0.73431124	2.5808931	909.43641	16.821437	15.960713	-0.025744182	-0.051481239
1944	2.6940441	0.7630035	1.21416	1310.1139	61.124509	60.052225	0.60979567	-0.10191164
1945	4.971347	0.07627745	2.225522	1229.9093	18.970953	9.3630056	-0.051769036	-0.28975912
1946	4.6879903	-0.019880299	2.83922	8460.8728	87.221199	72.726297	0.10690087	-0.55417217
1947	4.6812636	0.62292408	2.1297867	1647.6278	38.02675	16.6879	0.028047249	0.15082196
1948	0.47907445	-1.080471	0.49185771	1790.2465	16.639986	8.8917756	-0.74810864	-0.10468303
1949	5.0678639	-0.03970244	0.22885922	3354.9377	45.273067	25.601977	0.60936883	-0.52143184
1950	1.3144636	-0.52410156	2.8945851	1997.0983	21.080774	20.797179	0.041853563	0.021311595
1951	1.999405	-1.1511067	0.67521684	355.11877	1.5569989	1.2208347	0.069878291	0.00090372896
1952	2.4685127	0.26566159	2.3472772	1921.9862	22.876007	22.1014	-0.3952019	0.045639959
1953	4.7113417	-0.72208681	0.18257639	2466.1956	44.336326	23.062795	0.24383047	-0.19935768
1954	1.8789486	0.23895619	0.59383787	1109.0408	33.428163	24.789181	-0.15455559	0.016826052
1955	2.3137553	-0.59157668	2.8397631	3941.7059	76.584193	54.692739	0.013928194	0.31034979
1956	1.450573	0.30272779	2.5975659	476.47489	19.722343	12.948563	-0.12163117	-0.6172576
1957	0.42311904	0.01031271	0.26961769	4794.7657	66.525261	41.832043	-0.24890128	0.12797338
1958	1.0462151	1.1903587	0.25160777	2601.6782	48.684007	40.128446	-0.064669301	-0.23796969
1959	2.1439372	1.3182729	0.35933642	2959.4306	47.064774	30.367056	-0.62695146	-0.40111731
1960	5.0979256	0.68267848	0.50936063	241.58423	1.6678538	1.4360591	0.25192976	0.065883492
1961	2.1564693	-0.67338736	0.235623	3171.6107	59.850575	44.407429	0.36062506	0.068577054
1962	4.9914301	0.50666639	0.2167517	714.9192	15.277084	10.742289	0.09862002	-0.37460277
1963	5.3209361	0.3329362	2.5266651	795.09669	37.796472	22.274092	0.016621282	-0.0029981619
1964	1.5714846	1.3227188	0.22935382	1351.2202	10.49368	9.4489621	-0.11057978	-0.28103225
1965	5.7207856	0.47464416	2.1038634	4589.7627	135.6323	92.376991	-0.096956859	0.083467922
1966	3.3504837	0.31943809	2.8054445	1519.6431	47.555971	18.63419	0.084132132	0.093657712
1967	4.0542013	-0.76078035	2.1693114	580.01488	30.431516	19.009913	0.049386962	-0.15151998
1968	1.1333525	0.033138476	0.41119464	2311.2014	23.294601	22.421442	0.16736449	0.21848896
1969	1.4754612	-1.3648307	2.4117414	1531.35	37.589259	16.723293	0.060072717	0.42404111
1970	4.1110091	0.28205368	2.984701	323.40102	2.0021737	1.5326623	0.052805264	-0.010269924
1971	4.3725269	0.15537681	3.0498774	7255.0282	45.313023	42.416302	0.26030997	-0.096684181
1972	5.6968059	0.06119792	2.2742171	1586.4488	18.788225	13.264847	0.72356289	0.28169858
1973	2.8013897	-0.4870498	0.4286577	3462.9819	66.560437	44.383691	0.13539345	-0.069699397
1974	1.5762963	0.89649247	1.4893392	3106.8013	91.080417	68.055684	0.38642898	-0.02537056
1975	6.1162059	-0.048063988	2.5853526	2215.6386	29.943651	16.092736	0.13936466	-0.027582399
1976	5.78566	-0.65159859	0.80984138	4092.5583	56.955374	29.632537	-0.20959402	-0.28884186
1977	3.6628555	-0.17794546	2.5140687	1618.0209	38.596227	24.636232	0.027501936	0.048897349
1978	0.91004068	0.62446491	0.86839665	4982.3941	79.469258	45.972626	-0.094928142	-0.58787473
1979	5.526894	-0.50087307	2.3747542	4350.7204	44.722044	41.255628	-0.23412582	0.26385592
1980	1.4441108	-0.98720693	2.8737451	2948.2411	48.872858	20.904953	0.40849884	0.22043032
1981	6.103863	-0.28791153	2.4083264	2217.9179	43.256188	43.017678	-0.39050103	-0.72791208
1982	3.9070597	0.21291515	2.5541348	4120.5188	76.09451	25.034017	0.37736953	0.18690251
1983	2.4758747	0.64088617	1.809926	844.25584	60.407459	31.961317	-0.42903967	-0.098366055
1984	0.4950935	1.4271407	1.3218811	3167.2678	81.20174	62.210209	-0.10969734	-0.44508912
1985	4.6069029	-0.25667519	2.3516191	461.50275	23.273149	8.0565907	-0.70764553	-0.0044754702
1986	1.2296977	-0.17990193	0.12021365	3117.9858	97.831942	57.874089	0.14572975	-0.073834258
1987	0.0095615114	1.1567586	0.75207308	2888.4624	36.666141	21.862678	-0.0085219711	0.5212439
1988	2.1708325	0.84581251	0.76807148	3664.7871	68.044419	29.8294	-0.52053608	-0.12920724
1989	3.1101992	-0.14704423	2.4758335	1073.7208	34.506894	25.610006	-0.14529616	0.29142551
1990	2.0533623	-0.65783341	1.8472334	1617.3609	76.925118	55.596512	-0.035063803	-0.013218648
1991	1.7031932	0.53814787	1.2148098	2580.3992	43.46351	23.486864	0.16186055	0.03935526
1992	2.7695815	1.3761147	2.0847742	5234.0391	100.21759	100.15331	-0.51709641	0.093821245
1993	2.7741606	0.83339379	0.94606581	1900.3959	51.054284	24.029667	0.24823981	0.2212021
1994	6.2336257	-1.4305746	2.4800218	1360.2945	21.582144	8.5503518	-0.72763183	0.63407718
1995	5.3208263	1.0798475	1.2111024	1433.0207	60.49861	57.752088	0.34070339	-0.14160245
1996	0.60901783	-1.2866437	2.6480909	1260.2724	12.236785	10.999547	-0.098598226	-0.02021319
1997	0.29290551	-0.32046352	2.464705	2092.1772	31.848075	15.319838	-0.0077793588	0.45743032
1998	2.7638794	-0.56909821	0.18204619	3399.4212	22.314799	13.67924	0.68399672	0.26624945
1999	4.6446138	-0.50228978	0.29925426	6865.2346	119.98668	85.551285	-0.035819775	-0.76937625
2000	2.0872232	0.071357949	2.8794485	345.42491	1.5365324	1.514834	0.021840234	0.0037078686
2001	5.6187125	-1.2680422	0.74023292	6527.0996	158.0623	105.69614	0.33269613	-0.73374111
2002	0.012519544	0.15179858	2.6229298	2039.4575	49.388548	25.109393	0.045046569	0.012346828
2003	0.94745486	0.55132029	2.2291099	1077.7731	55.535198	52.580614	0.013639415	-0.1887293
2004	6.1921305	0.20278499	1.0783425	3013.0647	52.315279	36.246605	0.19158068	-0.2263571
2005	1.1213028	-0.87968434	2.7309938	251.48433	2.8770559	2.7203815	0.16980401	0.060096369
2006	5.6936121	-0.88133607	1.6083904	447.51808	8.5086991	7.8920891	-0.013329871	0.080937214
2007	4.0337608	0.29137037	2.0690076	1597.9344	80.70171	44.668042	-0.207105	-0.48425724
2008	2.6880681	-1.0123474	2.9548719	3928.18	33.483896	19.054082	0.30431742	0.033544829
2009	0.48170647	-0.050137407	1.2029	826.06039	9.014966	8.0010321	0.12955915	0.46461258
2010	1.2582096	-0.39606337	0.81357763	1582.9506	25.966333	11.95589	-0.26330397	-0.42362986
2011	0.36622907	0.81648255	2.5537705	1199.7847	51.482602	13.877858	0.075944563	0.26105698
2012	0.61470378	-0.0047447481	0.71492992	2297.9993	54.593321	50.736314	-0.039427946	0.42790069
2013	4.8477126	0.035643512	2.2531791	1784.7335	25.337546	23.857225	-0.045669258	-0.89339847
2014	5.5433115	-0.81866373	0.58823865	1385.2063	21.855272	8.0876591	-0.029888653	0.82162317
2015	4.9959817	0.17027287	0.35688506	1466.876	14.04731	9.0582191	0.23932195	0.061972684
2016	3.565971	0.47263702	0.49180888	2296.1955	37.688147	29.426111	0.10013764	0.56494221
2017	6.1495755	-1.1547325	2.0261023	486.85703	7.4601538	7.1851793	0.35268005	0.3490253
2018	2.2977274	-0.52493511	2.4699008	1421.6134	81.776044	31.818297	0.58849379	-0.33357882
2019	1.071506	1.3071031	1.4671678	803.28006	28.724159	23.258759	-0.30025398	0.038255343
2020	3.3903664	-0.52777188	2.4987637	1100.6939	18.826988	18.432116	0.39949783	0.80232713
2021	0.82927417	-0.96210475	1.1591013	750.9872	14.346642	8.7413551	0.3464078	0.39389129
2022	6.2036477	-1.5409257	1.1059406	1087.4436	61.837998	53.545297	-0.23276323	-0.14896333
2023	1.2169118	-0.93918266	2.2080415	2417.7169	58.369073	51.902986	-0.069785073	-0.0091383073
2024	3.5676018	0.15253288	0.92916185	2736.7783	49.194905	25.676926	-0.3218186	0.22563763
2025	3.9801213	-0.99151438	2.1973362	145.6053	1.5326857	1.359185	0.11279505	0.074982242
2026	5.0666817	0.25038976	2.5390557	3353.109	93.255294	30.617614	-0.0008839365	-0.35148182
2027	1.5497844	0.1400953	0.45934014	3853.7206	72.166986	39.564358	-0.25975065	0.086239691
2028	1.9929496	-0.78507396	1.6148493	885.99741	14.4086	8.9246138	-0.018270362	0.57281128
2029	2.131356	-0.47229601	2.5101193	1219.1087	27.726134	22.066032	0.018390833	-0.51946369
2030	3.4870796	0.38264662	2.8827613	3193.2779	40.272653	35.068368	-0.016294879	-0.38677127
2031	2.8740749	0.30616973	0.50592681	1148.6685	20.123781	11.954866	-0.0085232942	0.085599758
2032	1.1663444	-0.17268877	0.17786558	1284.5619	19.447094	10.861863	0.41648257	-0.087208628
2033	1.762822	0.13524488	2.5429304	3219.1803	41.887221	37.895641	-0.14970438	0.0089765695
2034	0.6609574	-0.39046769	0.4886117	6795.6962	46.699996	43.640108	0.65057586	-0.054520485
2035	3.5199209	-0.41244725	0.44529498	1610.2059	13.97886	8.1721074	-0.62806993	0.66592943
2036	5.5327467	0.090660944	2.8739402	419.23168	1.981891	1.5116862	0.049282454	-0.14310654
2037	2.5477767	-1.2570208	0.56466767	3633.7603	82.324182	38.228971	-0.30568384	-0.28700488
2038	5.4114461	-1.0524192	0.39164774	1283.1017	20.299909	7.9712618	-0.17462232	0.18721646
2039	2.2989982	-0.83926778	2.6846649	2312.5686	28.989239	23.922005	-0.65057001	-0.28862015
2040	5.5834377	-0.21186195	1.9346787	1002.9169	22.63978	19.595562	-0.012355963	-0.40565459
2041	5.9641257	0.25676362	2.2361463	405.25655	6.7156289	1.8198122	0.11604229	-0.20881555
2042	1.824293	0.43692179	0.72848524	1317.3976	55.887066	29.512433	0.62560038	0.36121142
2043	1.182799	-0.53912202	3.0500569	4949.1975	70.999315	66.615479	-0.62527028	-0.18841075
2044	5.9984088	0.21721372	1.7879666	657.76841	12.293918	8.6404096	-0.24640956	0.42971008
2045	3.5967975	-0.48193982	2.7953885	2279.0788	30.74594	27.66615	-0.32175423	0.50076594
2046	2.4425675	0.73663427	2.9843946	1349.2803	28.012041	23.363334	0.037722752	0.20504
2047	1.711569	0.87527435	0.84274047	4548.3761	61.957284	60.562182	0.10631895	-0.14624873
2048	5.4082467	-0.2067018	0.75498746	895.5215	8.4229315	8.1798221	-0.40821073	-0.01918362
2049	5.8673546	0.30207713	2.5957942	2114.0016	126.15053	65.846614	-0.086212134	-0.13205012
2050	6.1502942	-0.3850671	1.4390569	568.74215	27.872192	24.780053	0.1651872	-0.056201455
2051	4.9082745	-1.3324373	1.5164054	403.09749	37.813361	9.7226756	0.41461166	-0.72288553
2052	6.0483553	0.46803034	2.8553769	373.67793	2.8408878	1.5726631	-0.57665503	-0.035796171
2053	1.3164101	-0.0644138	2.655085	501.27421	4.5146029	1.988791	-0.17198339	-0.15949581
2054	5.8873758	0.76013408	1.1296629	114.28063	1.3672284	1.3489129	0.031883305	0.2424112
2055	4.1062846	-0.58690618	2.6024677	1213.5391	21.073985	18.434383	0.82518943	-0.018957454
2056	0.64881806	0.78418061	2.5583712	1878.1836	25.981098	23.074334	-0.0023598668	-0.22775771
2057	1.8056616	-0.82600317	2.3526886	6563.0589	93.065327	82.908583	-0.65115856	0.12906977
2058	2.1830964	0.42353688	0.74972423	2122.4536	34.196745	26.425195	0.10506209	-0.084050014
2059	4.9373719	-0.29151248	2.4278135	3552.2569	75.427234	52.532266	-0.052872826	-0.0338815
2060	1.67448	1.0990838	0.26729991	3980.7377	94.40263	62.113783	-0.090204186	-0.05383071
2061	1.9118879	0.20003224	0.80985514	3304.5738	29.047825	24.23728	0.10116679	0.21218742
2062	6.2578872	0.10736127	1.8445732	1397.6458	47.181361	20.9683	0.098988263	-0.11771114
2063	1.2071063	0.24375541	0.12085572	1082.068	26.521302	23.196508	-0.025081537	0.72472333
2064	0.39731516	0.32092738	1.353421	242.58543	2.7135008	2.2571052	0.062480165	-0.06937547
2065	6.2820987	-0.025547149	1.8204754	945.98378	39.363616	28.466996	-0.38386142	0.062919628
2066	0.11159166	1.0737754	0.85038233	377.59634	2.7654627	2.1375358	-0.30576995	0.0060670519
2067	4.7559345	0.093280147	0.098542035	502.12978	2.0398752	1.5386612	-0.10268937	0.21030457
2068	6.2313178	0.15031146	2.6068741	751.65428	27.565394	12.612833	0.30070787	0.071660548
2069	6.0719671	0.95990034	1.6193403	189.19107	8.1103447	7.5925341	-0.0070755582	-0.13348944
2070	0.17591717	-0.40811762	1.9469697	933.65451	53.62632	32.939751	-0.29243343	0.012555705
2071	2.1736669	0.47916771	2.7665288	5137.9373	121.73434	53.335484	-0.57604391	-0.19082418
2072	3.1523261	0.33925665	1.9890369	263.47668	2.5316062	2.3460851	0.295917	0.14957896
2073	2.395969	-0.66646825	2.1722248	1176.9223	73.548203	35.809107	0.085074859	-0.11314014
2074	4.806943	0.6679784	1.5184889	1277.4585	103.28587	57.597775	0.12610179	0.54126701
2075	4.2211333	-0.29690577	0.88065335	4710.7492	54.70004	41.388379	0.0014968359	-0.22804922
2076	2.2255016	-0.20992583	1.3740233	3914.4326	73.668791	49.788142	-0.47820107	-0.52620841
2077	3.4726691	-0.20212625	0.84124336	1382.5461	15.777026	12.451645	0.12112107	-0.090571597
2078	3.1698221	0.39351802	2.1183268	940.29757	12.951313	3.670669	-0.01833912	0.16114795
2079	2.703103	-0.24356036	0.56361073	4770.3443	66.567571	36.860438	-0.0057222614	0.1357478
2080	4.8734959	-0.50123788	1.8109071	905.57313	34.84732	30.273643	0.36663298	-0.074038003
2081	0.50833467	0.78826004	2.552203	3739.6981	43.539506	43.1948	0.0090858618	0.12151829
2082	5.2462471	0.0018925037	2.8880921	2892.726	59.718738	27.365894	0.38292466	-0.24113619
2083	3.2285659	-0.11059831	0.25397912	2939.6574	18.220868	17.815046	0.19304909	0.37148121
2084	1.3083574	0.51432308	2.6913024	2508.4908	38.436724	27.442305	0.2390069	-0.26016223
2085	2.6388072	-1.0060637	2.8254609	2080.0402	46.621824	12.919906	-0.15686331	0.40033452
2086	4.8777859	0.72487877	0.63878696	1233.6198	40.58445	19.163627	-0.45373361	-0.1552916
2087	0.34134811	1.034609	0.65457919	4256.3869	63.301556	48.551017	-0.11833489	-0.81282057
2088	4.6415484	0.45635652	2.6637138	991.50035	19.123064	10.564921	0.07810617	-0.26701273
2089	3.1385063	0.65462499	0.84067553	1469.2204	33.594204	32.477378	-0.0037159933	-0.20537601
2090	4.7423782	0.09709109	2.5978109	3028.3492	66.200324	29.963675	0.22313891	-0.32941536
2091	1.7521719	-0.52129424	0.99917882	1750.3235	44.459199	34.25006	0.058039051	-0.082383529
2092	5.1391289	0.51803772	2.8031622	6654.9995	126.77821	71.096278	0.024527506	0.0058749305
2093	2.7888975	0.35398359	1.1922383	1571.5559	15.275692	9.1590786	-0.1531042	-0.13820404
2094	0.26883022	-1.0113865	0.26093487	3702.2037	60.096439	41.461552	-0.0313458	0.3113751
2095	4.352725	-0.20932182	2.475205	343.57864	15.271431	2.2679107	0.76550084	0.027715663
2096	6.0526453	-0.96859738	1.4635183	700.07988	31.838559	27.208193	-0.38845543	-0.86623961
2097	2.9097841	-0.48913116	0.4926208	5074.8842	65.151802	62.930621	0.14963586	-0.040005905
2098	2.4724741	0.89307425	2.8656156	7694.7727	81.244836	77.130045	-0.39115652	0.19096405
2099	1.2443698	0.10124449	1.1155995	682.89611	11.265341	10.987321	-0.52308408	0.80794555
2100	2.184137	-0.88426419	0.55828039	2250.7595	42.915222	24.003539	-0.22156122	-0.36188286
2101	2.6256301	0.96105232	0.38111325	1799.8741	10.272837	9.0649393	-0.72074736	0.038997778
2102	5.3791621	-0.54833282	2.3709136	4288.7563	26.776671	25.420904	0.31729041	0.46813883
2103	2.0724386	-0.85607049	2.1426584	1535.8217	31.894437	21.681348	0.013179247	-0.90782495
2104	1.4064912	-0.70876056	1.1918454	831.45512	33.211613	25.743199	-0.048451242	-0.022353666
2105	2.6940419	-0.066578134	0.89959835	4233.3196	57.988205	51.218976	0.081229043	-0.033358951
2106	4.5395402	-0.19260687	0.4677018	599.33582	14.546317	2.2738086	0.11719546	-0.027303142
2107	4.345219	1.1078653	1.6064692	2546.4392	67.67564	45.489245	0.83076415	0.75940655
2108	2.5886079	-0.24417613	1.6157393	576.07563	20.461731	16.687779	-0.04595423	-0.078748776
2109	2.2064571	0.63359101	2.5925024	2346.34	61.072862	12.831779	-0.13759774	0.2530827
2110	3.2336236	-0.74267327	1.7443503	1075.2675	25.092723	20.133865	-0.4398364	-0.28742212
2111	3.4853991	-0.68051277	0.71955793	1792.2842	29.469541	29.202025	0.20745137	0.24529525
2112	0.12277808	1.1522171	2.2824307	326.46695	2.0067422	1.8036195	0.060757292	0.10585525
2113	2.8180959	0.095982003	2.2776911	1791.7317	47.050165	35.851983	-0.46660504	-0.16982742
2114	0.10201883	1.326065	2.771185	2860.4274	21.444902	15.034954	-0.019412835	-0.060080326
2115	3.7867256	-0.74320682	0.14280403	3435.5955	40.996138	38.395156	-0.12179657	0.11146082
2116	3.9961841	-0.83002474	1.6856568	505.08969	14.467066	11.679471	0.4171765	-0.096249966
2117	0.87192953	-0.63639736	2.3975049	2037.4117	86.413419	31.987661	0.039148639	-0.24628796
2118	1.8114149	0.99457929	2.5010117	2659.2166	46.074188	37.348964	-0.52516938	-0.28403139
2119	3.8925258	0.57274759	0.73167692	582.85963	2.5811949	2.0558397	-0.044110287	0.016519079
2120	3.7841371	-0.64644382	2.4788748	1745.8342	23.558239	12.477472	0.0344276	-0.78382635
2121	2.2969984	-0.356854	2.2605615	3334.8568	79.757035	60.535279	-0.012239952	-0.085404401
2122	6.0361076	-0.10706625	0.77777043	1469.0713	27.086403	12.012433	-0.088551661	-0.17406617
2123	5.1468147	-1.139756	0.76739559	1913.0115	29.777304	18.618037	0.060550441	-0.024155254
2124	5.3718556	-0.47300841	2.5098885	2790.3489	51.69617	44.986503	0.052133655	0.013337081
2125	4.3120199	-1.0595187	1.2973295	969.58687	22.741475	21.133122	0.0004702337	0.3245186
2126	5.9525613	0.24771933	0.86365764	2413.2702	20.500774	19.070894	0.75178173	-0.12774721
2127	3.8066317	-0.76212337	0.90304152	1363.2408	18.816398	15.05463	-0.039656497	0.48967919
2128	0.40161444	-0.30639004	2.2019313	2327.2434	39.986845	27.514231	0.33017937	0.34791967
2129	2.3600956	-0.10212196	2.3242887	630.87029	24.228818	21.642365	0.31050981	-0.7127898
2130	4.8331983	-0.65714503	0.41817785	3951.734	64.999646	23.456639	0.62138784	-0.13892987
2131	2.0494272	-0.47297228	1.0100174	2928.017	95.469283	78.324831	0.17632405	0.58174224
2132	3.5940285	0.79539683	1.6814787	420.37481	21.963956	9.865057	-0.26299493	0.69817187
2133	4.9426641	-0.99178124	1.1134983	3283.4754	61.540677	51.213542	0.40085604	0.42845512
2134	3.3067192	-0.74279307	2.7847321	1124.8895	23.409905	15.534645	-0.052045322	-0.25777317
2135	3.1397784	-0.45679137	2.462932	2773.2262	75.719674	74.369194	0.27834099	0.012122
2136	0.15846574	0.77090118	0.50369978	2898.5134	13.472961	10.992283	-0.0051874724	-0.045070828
2137	0.91565244	0.56112478	2.7063822	1953.7225	15.639339	14.656323	-0.2266055	-0.44236727
2138	1.1790883	0.33965289	1.3443708	1515.7779	43.975298	20.9593	3.3646141e-05	0.60527388
2139	5.2034527	-0.27299987	2.0065466	1295.6148	22.223457	18.700925	0.3495799	-0.36225151
2140	3.3764379	-0.094983333	0.87301981	5111.8144	100.5838	47.642386	-0.12712226	-0.21616408
2141	6.1037238	0.67127725	0.50181649	4198.6534	40.061178	25.764291	0.1817197	-0.082077063
2142	1.7730824	0.71722094	2.1741983	1449.4799	20.869773	9.7941563	-0.0093816835	0.16239543
2143	3.3397758	0.027489962	0.2369617	3610.145	37.465445	30.991958	0.041766892	-0.67456844
2144	4.5531764	-0.87800543	2.4566816	2722.4232	58.529432	42.585343	-0.031555002	-0.056479118
2145	2.4949744	-0.12370405	0.77294546	1516.5737	65.822315	64.76206	-0.66745269	0.36468496
2146	2.8890181	1.4659431	1.0789954	1252.4352	59.22277	25.20968	0.075362095	0.034145586
2147	1.8350431	0.32139707	2.5630636	2875.4413	18.232214	14.051876	-0.056492891	-0.54768087
2148	4.9771816	-0.041166796	0.98014049	953.96032	25.515088	16.844493	-0.23317344	-0.56549701
2149	3.6373616	0.2993278	2.8295041	5969.378	57.177077	31.188515	0.49968162	0.022941742
2150	5.647812	-1.0192699	0.24913222	3600.3484	74.867622	49.503278	-0.40043483	0.76918398
2151	6.0102096	0.52157612	2.3647622	3204.2537	26.273115	20.03667	-0.1293146	-0.043561261
2152	4.203296	1.3719153	0.36895503	5131.8339	63.904545	44.460201	0.07794399	0.65186909
2153	4.5846869	-0.39661775	1.3682388	1481.2049	43.205246	30.193055	-0.72680402	-0.058101478
2154	2.1698687	0.80703778	1.4167116	1121.2698	20.809087	15.375372	0.022580793	-0.56505696
2155	5.3986676	-0.37957607	2.8830283	451.65417	28.021007	21.047008	-0.28074648	0.13980326
2156	0.57437604	-0.87524453	0.94049885	2958.0316	103.12789	67.840706	-0.58202363	0.023958554
2157	3.1621239	0.45418833	0.81565144	1564.9161	15.888988	15.834112	-0.21029338	0.0057318096
2158	0.077548815	-0.45927487	0.076843292	796.53126	19.458111	10.579501	-0.011046374	-0.34104252
2159	1.0030011	-0.25050313	2.3666315	4470.3905	92.699166	82.137359	-0.16997082	-0.2138527
2160	4.6407298	-0.51204859	2.01816	1469.2959	22.117142	21.497666	0.11681849	-0.11195398
2161	2.3561005	-0.29403818	2.5933597	1971.662	25.101096	14.119499	-0.039739662	-0.23175856
2162	4.7650374	0.21381144	2.828572	5287.7944	75.819963	25.753419	0.092974335	0.072325113
2163	2.5043809	-0.052259032	2.5115352	2394.6838	28.292617	23.261214	-0.46294522	0.0047988186
2164	6.0894067	-0.57253996	2.0929443	322.06389	21.017199	16.2019	0.74347777	-0.28900952
2165	5.5835629	0.57195858	0.95702347	2852.2504	67.572946	36.501103	-0.13777191	0.076781263
2166	1.5089599	0.73752868	0.17954171	2700.1017	34.716963	23.728729	-0.049953906	-0.048905249
2167	3.4377225	-1.0890106	0.54900796	2053.1599	12.642527	10.72851	0.013439028	0.43710258
2168	0.40661362	-0.87493553	1.9647543	1755.1222	62.442436	24.616453	0.41325307	-0.2961485
2169	5.618555	0.61664613	0.54588764	692.57994	39.312549	8.8704673	0.24529178	-0.2796671
2170	3.6433982	0.16282161	0.48908489	2822.3298	31.584179	19.459714	0.14278716	-0.77482618
2171	1.1190841	-0.35446742	2.5726182	3077.572	58.461637	56.495872	-0.007924371	-0.027991145
2172	5.2875358	0.091639686	2.6791434	321.67175	2.12307	1.3151709	0.0053082187	-0.073799828
2173	0.66219216	0.59693169	1.9100506	3259.7699	32.859829	30.111499	0.59291538	-0.52778324
2174	5.9953196	1.1477781	1.8667036	178.71395	2.0167758	1.244706	-0.18946094	-0.094066897
2175	2.5285362	1.116056	0.77214608	1431.8134	40.959879	29.824235	-0.077430719	-0.24166097
2176	1.3866141	1.3200635	0.77174256	1297.9577	19.233407	15.246289	0.68434012	0.49285434
2177	4.7658221	0.90961017	0.86144146	122.75664	2.0294289	1.7612074	0.1186915	-0.064064009
2178	5.3581076	-0.19961658	1.5737431	709.77587	20.609894	18.016138	-0.27463863	-0.15408117
2179	2.5221868	1.0558466	0.94665279	1130.295	17.442673	10.836244	-0.15967041	-0.32831236
2180	3.2630706	0.53286011	2.0315102	136.06116	1.8218517	1.6287786	0.084127813	-0.016360627
2181	1.4518982	0.71454263	2.3525424	1474.3566	21.038128	19.665789	0.041735015	-0.063273704
2182	4.5574553	0.27322547	0.68223138	1661.8787	50.718831	50.371005	-0.072620668	-0.10744533
2183	5.6785473	-1.322571	0.82937404	1624.4831	19.895397	11.018504	-0.15123874	-0.39411617
2184	0.052436126	0.6909112	2.9016763	2705.7544	54.368885	31.913337	-0.047990074	-0.27853357
2185	3.4456011	-0.41845762	1.1668439	1600.2151	35.476103	23.218523	0.0090421576	0.23096499
2186	6.1378655	-0.66689946	0.90147045	449.71578	2.4868188	1.6627806	0.10968149	-0.074055377
2187	0.71523952	0.20186047	0.36665032	1183.7184	10.427414	8.1164893	0.43294275	0.22909455
2188	0.077544667	-0.97432482	2.8428726	3028.326	24.818136	17.450409	0.11191447	0.34168668
2189	0.35776417	-0.24387951	0.6657183	3823.4798	36.392857	34.698276	0.063050646	0.03835521
2190	3.6014392	-0.95394995	0.48375547	2219.7539	51.325771	16.78719	-0.021954778	-0.64540762
2191	0.74450925	0.38363832	2.3178618	3894.115	70.282246	60.464948	-0.12410577	-0.025693786
2192	2.592041	-0.70911945	2.5475568	1480.48	12.451679	9.5216318	0.47944144	-0.048129673
2193	4.5975627	0.23894144	2.2851015	2030.2616	45.411301	30.671967	0.0092146619	-0.81852403
2194	1.7061291	0.16231165	0.8685675	292.40518	2.7356948	2.3236883	0.15636934	0.1129426
2195	1.3637744	-0.39944072	0.29070263	323.23054	2.4223749	1.5686542	0.081902147	0.003166871
2196	2.0378188	1.2896008	2.3462969	2052.5668	26.042304	14.870999	-0.33870639	-0.35510698
2197	3.1259537	-0.72964632	2.4426045	235.02418	2.1724749	1.9447661	0.0048863817	-0.0017633292
2198	1.5864143	-1.4143427	2.6773393	3362.0423	47.517398	29.724016	-0.58287943	0.0089423607
2199	2.7010093	-0.65312723	2.334865	6332.6456	135.07775	85.711375	-0.56603281	-0.3231279
2200	2.4435086	0.56302952	1.1362373	353.88453	11.450202	9.2480045	-0.31758944	-0.055039491
2201	2.6320201	0.21222274	0.52721189	9643.0841	114.61996	106.04097	-0.15550362	-0.048782791
2202	3.6890504	-0.11550531	2.4177786	1554.6106	14.229211	12.998557	-0.13677434	-0.4066554
2203	3.6723522	0.36063983	2.5097935	1600.6128	16.239028	10.216316	-0.58747806	-0.015200873
2204	3.6245977	0.90728988	2.4835798	1068.7457	30.057571	22.963561	-0.2458331	-0.23857543
2205	1.5524319	0.89326582	2.1034501	1163.272	14.7372	14.229712	0.66535406	-0.019569633
2206	4.0489254	1.2914076	2.3818643	1797.6443	13.780492	10.455858	-0.024828479	0.26129184
2207	1.8325832	1.1408107	1.5128762	492.27866	14.622934	14.585166	0.10472493	-0.0043009003
2208	2.7454714	-0.37653637	2.8606326	4101.3308	50.645414	48.339359	0.20449799	-0.012093816
2209	3.7041731	-0.27567622	2.8253319	1853.4383	11.312472	9.3949169	-0.32649707	-0.27929811
2210	6.2658999	1.411117	0.66108922	6774.6347	98.866319	84.880368	0.55020048	0.4203845
2211	5.6668552	-0.090546085	2.4039732	502.21383	4.152082	2.4834514	-0.0099781523	0.0031087571
2212	2.1425243	-0.34173737	1.0884636	3780.5904	107.52776	71.910774	-0.0070025514	0.0031942962
2213	4.7798608	-0.12100261	0.76167552	2511.1777	72.375651	45.329638	-0.44058407	-0.12518634
2214	1.3123001	1.1222333	0.64388916	1282.1372	16.934402	13.850616	-0.30464065	0.64224007
2215	1.1661584	-1.0419099	2.4539218	2773.7811	30.888126	15.028004	0.17202475	0.28515195
2216	3.0128995	-0.97839648	0.50587703	1668.0446	60.156177	21.630376	0.16506338	0.2287647
2217	6.090656	-1.2120679	2.4220768	4215.6888	63.976094	44.915526	0.29904064	0.25924267
2218	1.2255392	-0.46317626	0.66481241	1510.7632	43.413456	25.266892	-0.023310336	0.26963465
2219	0.80982434	0.12011835	0.49566862	221.49985	2.7151596	2.0762205	-0.069133062	0.086178005
2220	2.4960165	0.79136232	2.0896927	1002.8446	20.560568	14.637849	0.26721195	-0.29514939
2221	3.9513197	0.18032634	0.36543798	1933.8629	29.240771	9.1581437	-0.3188276	0.12491607
2222	0.58796727	-0.8328649	0.47506963	2397.0153	38.151597	35.473064	-0.080799423	-0.61977876
2223	2.9435171	-0.44717413	2.781547	1247.3874	27.577201	12.99523	0.22413082	0.016876894
2224	4.4871582	-0.87112911	0.5709266	516.07305	13.997881	12.708958	0.05249019	-0.48306344
2225	4.1621538	0.59041995	0.56475627	623.84085	26.2706	17.798477	0.13778425	-0.13748859
2226	3.1129366	0.18740544	2.6734621	5929.5244	101.31362	57.542437	0.22769387	0.057924773
2227	1.7652417	-0.11925018	1.9996572	3973.196	75.012866	60.282085	-0.21052505	0.38186801
2228	0.35202219	-0.51650182	2.4058454	946.85041	17.948084	13.97466	-0.0049768913	0.19414471
2229	0.72213597	0.68776745	0.6934872	2240.4695	59.371517	47.854708	-0.12681797	0.37487151
2230	4.6558113	-1.2092029	1.0179439	277.37463	1.6200274	1.2699594	0.13248484	0.042094949
2231	0.78003088	1.1178031	0.59753235	1487.4556	25.734416	24.314863	0.033636408	-0.60424159
2232	5.5059258	-0.22903363	0.762007	1766.4434	52.319453	29.390953	-0.40185809	0.43681518
2233	3.8409461	-0.56466845	0.38366741	4880.8305	68.786594	48.146148	-0.00014322292	0.21478002
2234	5.9489255	-0.39108458	0.77584894	1806.9408	26.181155	25.465552	-0.0051945487	0.77495872
2235	3.7656282	-1.3979562	1.7182698	1086.2631	33.354002	24.933579	0.32499318	-0.22720833
2236	3.2777717	0.47732369	1.8783347	301.10818	29.545279	9.5557974	0.5896036	-0.040444179
2237	2.3443732	0.30887498	2.1805514	884.00164	39.550606	29.973639	0.020501617	0.014862342
2238	1.0679859	-0.95319689	2.6548691	1066.7437	17.661935	17.378842	0.34224874	0.030927482
2239	4.6340165	0.20400417	2.3230796	1161.191	68.378744	39.940153	-0.038473997	-0.58510417
2240	5.4868468	-0.42776283	2.9022198	412.20174	2.257405	1.7256296	0.12345135	0.20959849
2241	4.3446487	1.1153868	0.26931601	1314.7151	37.770927	36.484244	-0.057913645	0.10681771
2242	4.7462542	-1.0161692	2.606383	1570.8062	13.909376	11.141269	0.011349508	0.057118998
2243	6.1161199	0.25967526	0.4539339	588.71671	31.532253	28.800104	0.87483389	0.43254178
2244	3.1009511	-1.0767296	1.1395132	1481.4735	41.660687	18.091334	-0.058357435	0.43779522
2245	0.37814954	-0.8578737	2.579233	1655.3123	77.152318	55.172311	-0.018781733	-0.074209266
2246	3.51452	0.0090241768	0.6958511	1294.5165	30.298782	29.700239	0.18292225	-0.77019567
2247	4.9204034	-0.037363951	1.5934888	3991.7164	57.946777	39.015763	0.17119475	-0.53490046
2248	2.0362918	-0.84563353	1.5875557	3053.217	36.276452	36.220697	-0.30350961	-0.043766686
2249	4.8315971	0.37076052	0.48345173	156.98294	18.347698	17.235659	0.25960584	0.21990983
2250	0.5517389	-0.31945383	2.3674391	477.67451	2.6019969	2.6014146	-0.044465829	-0.061816886
2251	2.602259	-0.027067084	0.25168223	864.16305	23.588875	2.0352439	0.63311794	0.013357307
2252	1.4887648	-0.50882363	2.3838869	2199.013	15.447376	12.612263	0.035990134	-0.053189978
2253	0.26480618	0.74882639	0.50257012	1643.221	17.14431	16.604716	-0.12012295	0.051810317
2254	2.2690588	0.24114932	0.5386819	3861.5368	100.20899	71.236243	0.2783078	-0.014121344
2255	5.6739653	0.17963171	0.47619436	3135.9004	25.602647	24.852729	0.31008479	-0.79844129
2256	4.1082023	0.72686632	0.26496444	11650.575	141.79467	102.46333	-0.035764598	0.36372009
2257	1.8278044	0.58883838	2.0151741	2533.6425	73.926024	54.828133	0.097177316	-0.2841004
2258	2.9237781	0.61532042	0.78191493	686.35678	9.2987013	8.1250138	0.55522513	0.25061501
2259	0.6043997	1.1912165	1.0943982	1643.0613	34.509469	27.373521	-0.61212773	0.1505778
2260	5.6177882	0.58564178	2.1623173	2046.52	33.198039	27.739048	-0.47531314	0.10920987
2261	1.9892575	0.67534288	0.32926677	2512.1529	30.034115	27.14927	-0.54520827	0.00028542697
2262	0.95868678	0.0106465	2.6872414	4810.6878	65.931938	33.157378	0.26957556	0.36687794
2263	2.7450231	1.0313352	0.90941589	4243.4359	57.45272	35.695701	0.33223479	-0.29949214
2264	0.91583328	0.1305749	0.86835201	2591.4729	86.451854	74.908268	0.04215102	-0.20361136
2265	3.8853765	-0.24053373	1.0616295	2890.3352	89.544233	64.156516	0.69255111	0.13142656
2266	3.8085556	0.52344601	0.78067081	748.22419	10.847048	7.570996	0.71466662	0.44233122
2267	2.9876921	0.55476281	2.0971861	1815.0326	37.028025	23.572072	-0.072232093	-0.43824313
2268	0.30096786	-0.40205972	2.3960423	1524.3379	14.074905	12.175865	0.2031068	-0.27333774
2269	0.52322416	-0.60251081	0.36353088	3549.0262	48.843717	44.13576	-0.015307773	0.18509986
2270	1.5754211	-0.60419608	1.7655998	1684.5478	68.778199	63.276909	0.1063664	0.28341235
2271	0.53015851	0.20821811	0.83971269	338.19446	23.122819	18.448638	0.77266038	0.0080520832
2272	4.2804698	1.4050958	1.3978611	2993.7447	91.263182	61.201842	-0.069721332	-0.069642343
2273	4.6911298	0.80984639	2.5632211	1386.535	32.985358	32.375853	0.087307963	-0.070708372
2274	4.484752	0.61484662	0.54620838	2345.7861	47.981704	32.098681	-0.34375807	0.32322651
2275	5.6514953	0.020116171	2.7368555	2816.3288	47.816545	29.933053	-0.61291286	0.42344277
2276	5.8730297	0.066689832	0.85459008	3074.5561	82.018687	62.784024	0.066410831	-0.10635152
2277	1.8451718	0.51687502	2.2968051	2867.3244	40.82856	34.38105	0.20471413	0.44849751
2278	6.2585601	0.10904623	0.43234103	2779.196	38.65292	12.821297	0.54345886	0.039753487
2279	0.1626807	-0.84881566	2.3155785	1190.0031	26.671263	19.494884	-0.069918202	-0.19224508
2280	2.6053511	-0.19560436	1.7596062	951.19351	52.256363	48.243961	0.39775372	-0.58696999
2281	2.9582127	-0.4722303	2.6928989	2689.8161	52.975475	22.942433	-0.29012313	-0.012683423
2282	3.3742181	-0.79027744	0.31666823	3633.4989	68.257861	29.87698	-0.35363153	-0.40817217
2283	3.5329258	-0.85538163	1.9916691	310.42589	16.522079	10.069243	0.15850178	0.093070604
2284	6.0338849	-0.35258575	2.802187	1137.8241	18.489604	8.5059328	-0.32545406	-0.53212398
2285	1.5005499	-0.096978978	2.7574553	4490.5363	36.142083	24.194918	0.39106451	-0.032789707
2286	2.2141636	0.21881825	2.8066384	1439.3086	43.931095	20.070507	-0.11032366	-0.56907886
2287	4.6507882	-0.11465455	0.62810946	1617.9683	18.364508	16.718379	0.73930693	0.24358679
2288	3.4732477	1.2902223	1.8070199	104.41525	1.7744174	1.1595636	-0.11544075	-0.14219114
2289	2.0248144	-0.074526657	0.29510512	1368.1288	21.700112	13.853816	-0.83031203	0.13748524
2290	2.9381198	0.11069597	0.57740544	2536.8654	19.75889	19.099778	-0.12590944	-0.79890761
2291	1.9289037	-0.51527831	0.75445212	1212.3003	39.21494	15.385562	0.021098057	0.16581016
2292	0.17023914	-1.4266379	1.7711261	1723.5112	35.255103	26.283631	0.40779879	0.0083017904
2293	4.2766937	-0.6520129	2.2989661	1370.2445	68.353409	55.048945	-0.20501379	-0.20642616
2294	0.7852065	-0.60135044	2.7026825	4323.5218	28.958618	27.215969	0.2237539	0.76084948
2295	1.1296725	-0.23456268	2.0543883	4751.4038	157.03897	85.463877	0.46956266	-0.11407736
2296	3.524876	-0.36688773	1.8496071	1095.0869	30.512589	27.579437	-0.65182727	-0.083859831
2297	5.7723329	0.24075836	1.0790974	5023.0279	59.348219	59.219249	-0.50864428	-0.20269153
2298	2.2597025	-0.44226242	1.9317498	107.10245	1.6556344	1.4609473	0.015518792	-0.2604963
2299	5.4857183	-0.31856665	0.42351638	2596.7963	74.740104	57.636209	-0.13398094	-0.26673302
2300	3.8162049	1.3047707	0.90901967	3214.3766	67.672938	62.954971	0.0010013152	0.18489654
2301	0.0098854722	0.99703098	2.265001	3083.4238	43.635117	38.905826	0.62173091	-0.42460921
2302	0.11872806	0.67742329	1.0169301	923.50089	32.777894	30.724278	-0.54522084	-0.26303966
2303	3.7851281	-0.98436024	0.41366292	1131.7611	20.64694	9.2202555	-0.24438134	-0.04489088
2304	2.557191	-0.14595088	0.21602026	6667.7675	83.573468	60.844176	-0.0054783787	-0.10829051
2305	5.259609	0.84438703	0.52681903	287.83729	1.6255339	1.6105072	-0.048792696	-0.22203864
2306	4.6069653	-0.32264635	0.91382947	653.27387	23.024198	13.906974	-0.054788654	-0.42282862
2307	1.0919649	0.84675167	1.5041214	1810.6148	68.157443	45.836452	-0.28821493	-0.3499174
2308	1.9528207	-0.19139042	0.56358141	1241.1314	16.667292	8.4454695	-0.077341657	-0.12710732
2309	3.7198671	-0.019783232	0.7554301	524.13393	13.20095	2.0329247	0.073262773	0.025958854
2310	1.8827553	1.0535885	0.17313122	4341.3123	40.72413	34.581396	-0.015478625	0.79855481
2311	1.3912508	0.21697208	1.3537156	868.73377	10.140153	9.7118721	0.0374231	0.79201223
2312	6.0080528	-0.55823937	1.0240676	2210.4981	32.266313	29.794275	-0.012211868	-0.42497246
2313	3.7165433	-0.29233736	0.83352483	1866.7646	53.284739	39.87601	0.29216958	-0.16540242
2314	4.855796	-0.8999284	0.60404612	2413.449	28.302344	26.941398	-0.46704347	0.081645291
2315	6.1219479	-0.58359427	1.4084056	2559.8448	47.57216	44.533936	0.48718331	0.038271461
2316	5.8135302	0.94308596	1.1029682	1391.9776	34.939718	25.917813	0.11046403	-0.19942847
2317	5.7393157	0.16448662	2.6793364	292.56876	25.836125	11.819824	-0.00038808236	-0.54741805
2318	4.2320023	1.1869366	2.6018652	1351.1724	12.094184	8.856208	-0.52105402	-0.15367571
2319	2.0743979	0.79180399	0.86985775	366.37933	25.859415	21.448408	0.7131421	-0.35903849
2320	2.0940066	-0.10035688	2.847795	914.32265	19.885828	12.792041	0.34922034	-0.10827246
2321	1.3763631	0.026266702	1.5499077	1190.4366	31.941321	26.401967	-0.3912716	0.068803078
2322	5.4597133	-1.5205322	2.4889159	2798.8792	59.052156	33.17852	-0.1241241	0.16795641
2323	1.1766675	-0.88652163	2.3922629	932.80654	14.579008	14.330273	0.61555219	0.10372681
2324	5.1351704	0.036381865	0.50239838	968.4536	12.182715	11.746807	0.69708162	0.23968317
2325	5.140268	-0.42019075	2.5171237	446.63114	2.1397353	1.7945538	-0.029541475	0.008982504
2326	3.3090651	-0.28388256	2.8041039	3962.3491	24.270163	22.368983	0.1630327	0.50339986
2327	5.2234289	0.24017164	0.9672503	1942.3363	29.755291	27.125228	0.036643919	-0.178839
2328	0.33562144	1.1216621	1.40614	1676.5569	34.282329	32.692508	0.0035607279	0.24962887
2329	3.8036956	0.83092603	2.5950523	1689.2387	17.789057	13.631307	0.038713024	-0.78847889
2330	2.3939327	0.16797156	2.4973627	1902.8799	55.252943	53.419409	0.1251163	-0.43993348
2331	4.7106494	0.038163444	0.61151649	1155.0903	58.656007	41.990753	0.46877954	0.47635851
2332	6.0636713	-0.70811941	0.15407743	301.15115	11.861492	7.2947595	-0.17346725	-0.023241551
2333	4.0501979	0.63152129	2.6133313	829.11882	49.524149	9.4255399	0.57091546	-0.013300451
2334	6.2309669	0.668783	1.1196922	1052.1061	18.935144	14.187452	-0.27468195	0.19603892
2335	0.021711683	-0.3871652	0.54757613	2092.4965	61.877067	34.580035	0.0011608731	0.49595069
2336	6.1039854	0.37229371	0.75275562	472.17542	10.580465	9.2126112	0.61131666	0.6340593
2337	4.5819882	0.53843197	0.19405926	188.08814	2.3895304	2.287673	-0.16627677	0.0059206303
2338	3.9266592	-0.79667584	0.47445616	4989.2968	50.629073	50.359781	0.31760208	0.0033597892
2339	3.6033537	0.3889134	2.8861618	1557.6178	18.274604	13.485849	-0.057394562	-0.23779709
2340	5.556169	0.41181018	1.3205122	2063.4555	73.940451	40.38518	0.14292131	-0.089771973
2341	4.0284825	0.19454494	2.4289849	6702.0528	61.459989	58.679731	0.44795319	0.37075454
2342	0.50573288	-0.92209756	0.16644321	2496.0163	57.108005	50.817415	0.0017795531	0.84700399
2343	5.5226854	0.33556352	2.9500944	3917.0478	47.585863	45.095367	-0.12635306	0.36555437
2344	3.4408129	0.15051952	2.7653747	1381.8874	17.399738	11.945171	0.046550268	0.0018719419
2345	5.1051986	-1.3475471	1.2094943	500.72566	8.4123375	2.8896368	0.042564543	-0.16203137
2346	4.0721574	-0.29875899	1.5561112	1379.7117	39.822431	27.218459	-0.17970031	-0.5711354
2347	1.018981	0.36920331	0.66625128	5014.5832	125.95568	121.86223	0.039912627	0.16886903
2348	0.11486761	0.38312941	2.6576321	2782.582	49.139136	37.492049	-0.069655403	0.14025459
2349	0.52780063	-0.81544975	0.6593383	979.9348	19.575212	12.441499	0.017992108	0.033787254
2350	0.11997775	-0.62669564	2.8324731	5869.2	78.710495	65.924767	-0.24364317	0.175971
2351	5.5307917	0.68979233	2.1052521	1655.9162	31.183586	13.796184	0.094515682	-0.11811125
2352	5.1363736	1.2970037	1.9170648	2162.4455	77.409876	76.401038	0.78007686	-0.1133872
2353	3.0436043	-0.56070575	2.4368428	3955.1936	75.623437	47.063744	-0.23612794	0.52826336
2354	5.4501094	-0.1761201	0.53622608	1421.259	19.979447	18.687232	0.047330653	0.015151387
2355	4.5877168	0.77374779	2.2787134	3073.4471	74.282407	65.032078	-0.40888113	0.25553546
2356	0.49806785	0.50085819	2.288104	2045.4929	38.897769	27.780546	0.24351563	0.32739803
2357	4.3884329	0.93961538	1.1916993	1762.5098	15.57485	15.297811	0.39067065	0.035185667
2358	2.878604	-1.0807324	0.72004177	2912.4288	48.645374	26.224911	0.061066191	-0.091123569
2359	4.2376775	0.17884774	2.2815011	2452.4897	61.84143	57.706768	0.043882265	0.48935948
2360	1.6271387	-1.0836984	0.80932249	3536.4263	46.719176	21.351709	0.34734465	0.088885528
2361	2.6545204	0.74196296	2.7686412	2119.2074	35.878401	12.096407	-0.059593561	0.12979491
2362	4.594512	0.9495508	0.12627326	3422.5739	32.72037	28.670155	0.6666667	0.29910523
2363	3.2478682	0.6375486	1.6268794	2410.5697	44.222927	40.758369	-0.083097732	-0.045108447
2364	4.2386936	1.1163151	2.4206103	3916.6321	33.358829	25.920038	0.027206944	-0.41032245
2365	3.8413555	0.89034623	0.42458992	3247.7891	32.261991	29.243445	0.14818028	-0.4033468
2366	5.0695722	-0.8222666	0.51017537	1800.0472	11.546184	10.289327	-0.032172991	0.16263781
2367	0.86131293	1.4359824	2.4700169	2019.0394	32.562944	29.135202	-0.61967331	0.080765499
2368	2.754659	0.41067798	1.1140399	1016.8985	23.428646	21.86464	-0.43876306	0.028303565
2369	2.7713372	-0.82735467	2.2580676	2155.3546	38.359373	25.951063	-0.20500073	0.18647957
2370	0.1654287	0.44176074	2.8651632	1214.1752	59.680448	37.632581	0.39009407	-0.44861171
2371	5.2737336	-0.23303616	0.43405869	3429.4263	61.946151	41.979269	-0.28202488	-0.25208089
2372	2.2785679	-0.27229357	0.2840681	7250.8083	62.072286	57.29806	0.10201948	0.60303173
2373	4.21309	-0.44233256	1.0499569	938.66322	10.66835	10.108325	-0.11282961	-0.71258661
2374	1.521299	-0.3419864	2.1941861	164.70877	2.6795883	1.831855	-0.018859847	-0.068930868
2375	4.1266457	-0.34672477	0.12397511	1198.4591	19.179346	14.10108	-0.52463655	0.46227289
2376	2.2287019	0.029920134	2.6975248	2191.932	50.686442	29.38102	-0.13591727	0.28067009
2377	3.1721212	-0.094035502	1.8927417	1641.9504	52.212675	51.66019	-0.17026844	-0.17778985
2378	3.3801739	0.27641867	2.3107786	371.48879	7.574267	7.0463806	-0.36125989	0.118692
2379	2.5804445	0.031340715	2.8299704	708.83812	8.3651302	7.7540642	-0.61152142	-0.086442529
2380	2.8155586	0.44104978	2.6430865	3739.0175	29.298692	20.520567	-0.057986736	0.39852519
2381	4.5213169	0.5740272	0.90363703	1729.3413	33.658186	32.333661	-0.40838503	0.087640705
2382	2.8180131	0.45269897	0.54322675	3668.7683	46.385026	39.515953	0.47404468	-0.01730291
2383	2.3956942	1.2112369	0.30654475	143.23634	10.138188	9.3754377	0.59603397	0.096127314
2384	5.9139896	-0.7803485	2.9746603	1408.2749	18.223086	14.47684	-0.12953247	0.49065165
2385	6.1522261	0.66429367	0.63245676	2382.5522	52.658174	26.636394	0.074341125	0.11322232
2386	4.3909818	0.89216254	0.6869902	3793.0857	40.895792	34.407268	-0.44974186	-0.56614033
2387	2.6628004	-0.23224277	2.5677608	2175.6575	40.803736	39.35656	-0.2204083	-0.090584486
2388	6.2009936	1.3131545	0.5475283	8209.2266	111.1014	106.8972	0.33520716	-0.032990039
2389	5.7951117	0.054496059	1.8554182	1074.2672	30.867527	30.143133	0.45426637	-0.0073828249
2390	1.5998643	0.80635376	2.1670914	4460.3495	129.11141	20.761407	0.5812037	-0.73217166
2391	5.7642129	0.41177221	0.44184087	2809.7584	25.138081	19.868922	0.38170306	0.030941041
2392	2.2567651	0.23560101	0.43142064	3661.6747	81.493542	35.811756	0.57768914	-0.76062773
2393	2.0456719	-0.21837648	0.33620493	3913.0997	71.615013	58.46472	0.024093362	-0.076855526
2394	3.1534029	-0.039268208	2.7508969	4989.372	67.629002	42.321145	-0.076347467	-0.0095680663
2395	5.2391451	-1.3762359	0.52012663	345.83534	2.3354756	1.8069709	0.15869506	-0.033601542
2396	5.5516297	0.37167258	2.1159908	3479.1608	69.268127	64.728565	0.55794594	0.42921404
2397	3.666094	-0.38274828	2.6400756	1444.2157	20.253502	17.979943	-0.45531533	0.11170264
2398	2.3142269	-0.15178317	1.3190847	1869.7743	56.306203	48.764643	0.36832395	-0.33111216
2399	5.282257	0.60807899	1.5862861	4356.3927	106.93821	56.145873	0.24237342	0.0055727194
2400	0.013903414	-0.89746678	0.79135169	2515.2969	20.220865	14.453216	0.59722439	0.19991397
2401	1.8469529	-0.26358191	2.7591294	3912.4248	72.513345	65.969298	-0.023611343	0.49432749
2402	5.5262749	0.29359639	0.56983896	1026.1208	12.346754	8.9137376	0.44550562	-0.21598967
2403	4.4262836	-0.15853861	2.7967956	5830.1907	77.658977	44.700099	0.34425232	0.12167297
2404	1.743365	0.20211713	0.77319123	2289.7742	90.828867	58.505402	-0.13102973	-0.3731668
2405	4.2825858	0.48008726	0.78694365	2614.3407	30.515858	12.909241	0.53427871	0.25438894
2406	6.1934407	0.6719386	2.3623725	1478.6736	11.942791	11.441131	0.12355707	-0.030182133
2407	0.22541537	-0.91529008	1.2712821	1264.3639	84.627592	77.085712	-0.1123552	0.60587142
2408	5.0118	-0.1433173	1.376643	1249.856	58.150053	45.809591	-0.0090347446	-0.38250221
2409	0.27076317	0.3635849	0.857186	1887.9451	56.828904	54.305264	0.57882065	0.054966881
2410	3.286647	0.50423032	2.7665061	8490.7438	61.070293	56.393127	0.098758109	0.057192297
2411	1.4107623	0.089474323	2.5436445	1510.98	28.248929	18.756639	0.43842097	-0.36336971
2412	1.5418987	-0.38671388	0.5307042	2648.8816	82.064961	47.189677	-0.43935603	-0.077140573
2413	4.9439607	0.86177682	2.6072727	5082.2239	39.886019	34.143594	0.16188074	0.24467768
2414	4.3603062	0.94324499	2.2683971	624.74869	14.512015	2.6784546	0.26612557	-0.230044
2415	3.2830303	-0.18909178	0.35751895	3356.265	71.884922	27.120697	0.7371743	0.31937627
2416	5.3440715	-0.89329148	0.45686234	1053.0143	27.328878	7.6235962	-0.016027286	-0.19451176
2417	2.3182731	-0.29956565	0.83337111	5904.5862	53.697308	42.842246	0.10107474	0.37587906
2418	3.4485538	-1.1862937	3.0736692	4807.6743	93.068569	77.735125	-0.020724261	0.043666087
2419	0.9654514	-0.28699296	0.23375257	1241.6044	16.644495	12.677815	-0.69688411	-0.035959505
2420	6.1195166	0.78393006	2.8649268	5423.6566	49.147564	47.462251	-0.22517231	-0.52872672
2421	1.9135844	-0.87614271	1.351964	832.40806	58.243884	52.980895	-0.70974592	0.17284447
2422	3.7439309	0.57451638	0.80246146	1203.492	36.670749	28.904694	-0.27660094	0.22490699
2423	4.2604994	-1.397823	1.7807312	483.69326	34.504679	10.935042	0.058782232	0.35332056
2424	2.4491678	-0.30487179	2.0115272	901.40322	35.474986	22.645399	-0.36150996	-0.366319
2425	0.38040081	-0.89353286	2.4545684	402.76965	2.815266	2.4040909	-0.40468296	-0.10958981
2426	1.6290975	-0.76093166	0.60840075	1088.4248	32.078279	15.918657	-0.0037619734	-0.65305052
2427	3.5525899	-0.38981753	2.5334156	392.43599	30.839733	25.999706	0.29706994	-0.83502169
2428	0.45672519	1.1269561	2.1310494	1376.2177	48.963151	46.264213	-0.07164101	-0.081108576
2429	2.154836	-0.53830186	1.843597	2175.5433	21.143578	19.079214	0.065650618	-0.17779581
2430	2.1452351	-0.90251424	2.8946532	1621.191	32.812982	12.905172	0.16970656	0.4332491
2431	6.2140297	-0.2191686	0.94094193	1183.7342	86.074324	56.131442	0.65665689	-0.43146882
2432	0.66595412	-0.63006225	1.5036327	1285.9517	29.051304	20.024365	0.13489606	0.22164949
2433	3.5664764	0.14178087	2.1548031	1331.8271	56.848422	51.365468	0.21394834	0.30563291
2434	2.3859698	-0.53448914	0.44792991	9152.0138	75.6894	66.769007	0.29005023	-0.013235565
2435	2.4492133	-0.74253561	2.8678688	193.33168	1.5333959	1.4500324	0.15735883	0.098693208
2436	1.3619222	-1.4144636	0.6290206	719.23563	12.051852	10.921583	0.13606287	-0.44166347
2437	3.4849585	0.29612261	2.3160611	3988.181	90.836044	68.467974	-0.24556736	0.00046245794
2438	5.513453	-0.064588796	1.0045019	2703.4334	56.071388	36.925454	-0.57732411	-0.069476447
2439	2.9631664	0.14571596	0.47562597	2805.4509	21.442159	12.025142	0.015361194	-0.070050199
2440	4.3079172	-0.84677778	0.13258101	2607.2609	63.299839	25.119695	0.33009394	-0.42428105
2441	2.3118228	0.27958155	1.6100898	357.10627	8.5493309	2.3316613	-0.16848989	-0.11883731
2442	0.89777059	-0.58294252	1.2034929	432.28602	23.946476	17.437288	-0.12010286	-0.41824109
2443	2.8520186	0.76708499	0.55763294	5187.5263	62.116026	53.601572	0.27562405	-0.072346606
2444	0.03978724	0.90596186	0.84761692	1324.994	24.110102	19.659782	0.20154623	-0.10155874
2445	5.1852529	-0.82919999	0.22081054	2670.4166	19.369324	17.939379	0.81786496	0.053778091
2446	2.0750251	-0.69121455	1.0875615	6007.1283	77.058051	77.014917	0.63684444	-0.1537369
2447	2.0875639	-1.2068765	2.5633063	488.43968	7.0975099	2.7876294	0.027041954	0.26734596
2448	4.1836669	-1.038152	2.6351542	1243.1262	52.135164	34.900793	-0.012769378	0.12948147
2449	2.777248	-0.50014665	0.6135457	1823.1847	14.425977	11.793421	0.014424753	-0.093224629
2450	1.4495139	0.19647125	2.1242276	3047.2908	40.951186	38.131954	-0.00064365205	0.048302155
2451	5.3509403	0.63667998	2.2703354	962.96384	61.757259	53.028688	-0.27414032	-0.10557544
2452	3.4977227	-0.35009254	0.093110982	3115.8769	70.049073	32.032109	-0.021142983	0.0034188321
2453	0.08058705	0.8313008	2.4494127	11061.628	107.46574	65.74258	0.24284218	0.33931868
2454	1.8392738	0.60702878	0.78031459	1345.063	40.123414	30.103873	-0.26824317	0.024994137
2455	4.5152578	-0.37778456	0.14519821	969.58942	20.605139	19.544454	-0.19449467	0.093685459
2456	4.4277029	1.067908	2.5148504	4357.9357	47.261259	47.191873	-0.030737525	0.56577375
2457	1.057446	1.1705365	1.9320238	3185.4146	62.605156	53.706642	0.033662041	-0.11825456
2458	1.1171682	0.97191682	0.86538774	3260.1648	64.517328	26.02479	-0.32182059	0.067764781
2459	5.5500461	-0.37927565	0.32297166	2599.697	29.658525	18.234861	0.11457636	0.37663672
2460	4.7703207	-0.70496304	0.38931845	4904.9702	46.592414	44.028341	0.69445217	-0.00091850984
2461	5.4484682	1.0149552	2.2538698	1363.5108	41.317586	39.940682	-0.14921944	0.023825713
2462	6.0117478	0.34333063	0.76365122	2454.3213	19.277246	17.536405	-0.23194952	0.2533992
2463	3.4295685	1.1847049	1.594601	870.81592	34.961453	28.928472	-0.083975363	0.22114892
2464	3.9351416	-1.3230958	2.5298946	1897.5686	17.003448	8.182205	0.28458287	-0.02104215
2465	6.1789569	0.17954234	2.5510381	3883.7571	44.214729	44.186202	-0.0096640306	0.0018197999
2466	5.9629197	-0.52097631	1.9499657	1723.7144	19.162271	19.126895	0.671756	-0.025403348
2467	5.3857101	-0.82990315	1.0272317	584.85604	68.019616	46.513676	0.24010205	0.58776907
2468	2.9133647	0.51648831	0.31943034	2605.38	28.446044	18.602138	0.52773335	0.15841975
2469	0.42189888	0.65071377	2.5588378	1216.1326	29.294807	16.846734	0.069094374	-0.0085908228
2470	1.8822023	0.70483715	0.16390953	4779.9391	60.55778	29.247293	0.36758727	0.51503841
2471	4.4394303	0.056306813	2.0785395	3759.0142	55.203583	36.876173	0.19563854	0.34444935
2472	2.8310015	0.24203631	0.68063768	5980.8856	106.85406	65.53758	-0.11521683	0.0010541733
2473	2.154159	-0.97000019	2.5975201	5203.255	48.098991	42.292851	0.12978561	-0.59053212
2474	2.2766435	0.76848858	0.59512358	4520.7484	73.630179	65.985654	0.43932098	0.43720191
2475	2.6456177	0.51256054	0.79876479	4274.858	139.33257	111.57741	0.016109311	0.74852918
2476	4.5847667	-0.3348203	0.54151236	677.02566	2.0171056	1.5370378	-0.069278619	0.10115926
2477	4.0498041	0.16835522	1.9252424	220.13832	17.34509	11.843818	-0.044038221	-0.21622459
2478	6.2309341	1.1623229	0.81410956	1038.7544	17.352613	12.887686	0.14662179	-0.79236871
2479	3.3659356	-0.51532543	2.9140695	408.69911	1.7633937	1.553453	-0.013926502	-0.36878488
2480	5.6256353	0.14667949	1.1571841	2398.8555	59.387363	59.365293	-0.049926193	0.13227038
2481	4.6369339	-0.68720388	2.3804259	314.71795	2.1755762	1.7287961	0.086696769	-0.038937418
2482	1.4656136	-0.37947925	1.2565151	510.96736	19.4795	13.02706	-0.0079908873	0.37326717
2483	4.9074243	0.6206433	1.0794858	3264.1905	43.274292	26.001099	-0.15302695	0.15346437
2484	5.3359734	0.77631085	2.8360172	7924.4231	136.28144	86.703502	0.004430565	-0.26353998
2485	4.5400592	0.9798869	2.3504623	1370.8591	15.936498	14.712891	-0.61994756	0.13644347
2486	3.50867	0.72579001	2.0823202	1096.5546	30.681412	11.04931	-4.6111191e-05	0.064184064
2487	0.10981579	-0.53539419	2.8279495	202.8491	29.735782	29.57762	0.31760208	0.0033597892
2488	2.7120111	0.54336356	2.0609972	4547.181	48.464813	44.892487	-0.0056006611	0.41767951
2489	4.3442004	0.65289296	2.5747936	2703.2394	22.503076	14.680486	-0.41966361	-0.58177918
2490	0.67237857	-0.78765603	0.9813645	4838.8451	107.37558	74.937166	0.047159048	0.032171754
2491	4.7570186	1.2448894	0.4473822	9878.8543	80.911223	76.915155	0.70904247	0.45765159
2492	3.1469789	0.52219255	1.8975701	1149.5774	75.167362	44.33622	0.015624728	-0.011320332
2493	1.3117475	-0.78054265	2.9755509	11032.18	186.68827	150.94093	0.19606232	0.31058021
2494	2.7457492	-1.1502876	2.1719675	1582.0578	70.455893	58.532918	0.11161726	-0.048687146
2495	1.0351946	-0.52505448	2.5940963	385.15149	15.439554	13.405574	0.42071055	0.80732899
2496	4.1061037	-0.36876566	0.52967252	5908.9722	82.122164	60.825881	-0.095162442	0.40445465
2497	2.2467795	-0.69701793	0.61011345	3990.4561	79.197545	42.637058	-0.049291991	0.40770841
2498	4.3140167	0.54304834	0.96083533	306.78052	1.9262023	1.5464101	0.10753236	0.019529268
2499	0.71892876	0.11721992	2.9317582	3525.7576	21.789494	19.983329	0.56778873	-0.031786435
2500	3.7620948	0.46038249	1.606495	1413.4415	47.521757	42.559166	-0.35453977	-0.052278176
2501	1.0334248	-0.19423854	0.18115168	612.39644	16.498227	15.877631	0.046828346	0.32742593
2502	3.3205302	-1.0114831	0.88246485	778.48061	29.906361	15.779293	0.27871637	-0.29112565
2503	1.7216019	-1.0887058	1.1778074	104.88459	2.0783564	1.9030094	0.058756868	-0.30090768
2504	1.9452875	0.79773721	0.92811706	285.70935	1.6075346	1.4089656	0.13208499	0.14660631
2505	2.1546622	0.17271447	0.72573404	4428.5746	63.541326	59.653209	-0.83164	0.42551313
2506	0.52886956	-1.0294383	2.8743569	1425.9893	23.149565	16.229312	-0.072448848	0.3827092
2507	5.4162411	0.30065943	2.5410133	2285.2765	16.512316	15.367037	-0.35432783	0.44148311
2508	4.6117405	-0.11749902	0.46203817	5144.1776	86.276457	66.278133	0.055564264	0.070299522
2509	1.7135303	-0.81099643	0.96705289	1359.4145	46.142813	42.607372	-0.19556944	0.34521885
2510	0.40537615	0.3753886	2.2346385	1797.8398	42.33247	26.443153	0.022136975	-0.43300976
2511	3.3929633	-1.2949641	2.5524914	1285.0514	53.831205	45.180637	0.46024442	0.0034643185
2512	1.8461318	-0.55641744	0.55407691	700.73476	21.020414	14.239208	0.074553788	-0.30955355
2513	3.7560589	-1.163743	2.3099002	2606.2316	62.702822	38.644986	-0.30999243	-0.44424196
2514	1.4042626	1.0771241	1.698417	3122.0232	55.647163	51.990979	-0.31636428	-0.16146769
2515	1.3104823	-0.1816534	2.5036175	2348.9189	125.43271	48.262313	-0.47311208	0.0097195283
2516	3.3278839	-1.4319831	2.4840933	1582.0198	29.504014	25.445364	0.40867686	-0.12261234
2517	5.1345303	0.28801032	2.844414	108.67934	1.6731113	1.3351634	-0.15522287	-0.082355386
2518	2.9861568	0.72389537	2.6625038	2224.339	33.25807	22.665349	0.80021451	-0.15501706
2519	4.1714014	0.16685018	2.8206226	743.49262	8.5242897	8.4528857	0.42355925	-2.4094819e-05
2520	3.1996746	0.79577337	2.1570275	3113.5004	28.573761	22.31174	0.31299626	0.1375034
2521	1.3902603	-0.00025498958	0.28410965	1780.8381	36.476321	21.669227	-0.0011155533	-0.051282806
2522	5.1175531	0.69799412	1.7787046	507.06634	19.324717	13.364786	-0.00025494344	-0.39933425
2523	3.108803	-0.27194577	0.28694057	89.634366	1.6742459	1.3411302	0.2147335	-0.024796807
2524	0.22617272	-0.47506487	0.33851533	279.97864	2.5752184	1.7513709	-0.0035309159	0.16399516
2525	0.99920102	0.31149966	0.5654589	2455.7924	35.539249	20.720975	0.37009312	-0.16450629
2526	1.6280151	0.13848754	0.59353847	935.30491	8.8824832	8.5048173	0.36141727	-0.068414278
2527	1.8587469	-0.84173277	0.49807239	4367.7072	68.010662	39.316009	-0.61273072	-0.036899335
2528	3.3810106	1.4399342	2.5431424	2013.7575	44.969126	44.597293	0.56130351	-0.11018993
2529	5.153859	0.56506828	2.5267067	1210.514	32.446996	22.935901	0.18076072	-0.32124821
2530	2.6577648	0.3417275	2.632744	2703.6045	36.554078	31.535411	-0.049118741	-0.30853979
2531	5.8754208	-1.2331653	2.3651113	549.90568	13.28456	8.7174262	0.13930222	-0.42348998
2532	5.6633027	0.51465826	0.46605273	1863.9395	58.586024	17.454513	-0.045082868	-0.60964923
2533	3.9698463	0.11871882	2.6441554	1809.9077	22.391605	20.810842	-0.17403283	0.068582509
2534	5.415534	0.42053177	0.43822878	1018.4865	24.463873	20.645055	0.037515156	0.095713987
2535	1.6203986	1.2431923	1.007973	2065.1203	24.986724	24.07696	-0.009713837	0.50384468
2536	4.0823505	0.57473732	0.72193016	2384.9252	51.259116	20.031931	0.0015177713	-0.31473349
2537	5.5316993	-0.58082754	0.58239979	1128.097	16.390879	8.5241759	0.54601507	-0.17834683
2538	5.5716753	-0.47436927	2.6880162	3578.7844	57.700081	44.780912	-0.054481576	-0.022485159
2539	2.8462702	-0.70199808	2.7133255	2489.5865	34.365428	24.957716	0.36644877	-0.41351753
2540	3.3864537	-0.49771376	2.450581	372.53291	2.406839	2.3172565	-0.33346775	0.099281979
2541	4.739239	-0.7785667	2.310286	2503.7653	42.37872	41.023281	0.057245186	-0.42338645
2542	2.9899759	0.1612698	0.77128664	5340.8991	82.096218	48.685462	0.65919479	0.074194411
2543	4.2957769	-0.28708031	1.9650149	1773.9133	52.97807	17.646675	-0.17467345	-0.48899507
2544	5.4537721	0.7534396	0.61465207	1037.546	31.49107	26.63754	-0.05648621	-0.23595014
2545	4.2980877	-0.34315785	0.38794153	2031.6723	105.34694	77.904056	0.13438544	0.33174482
2546	5.9915829	-0.53349211	2.970983	6895.7056	67.799291	42.999085	0.4428378	0.052632742
2547	3.68716	-0.68023747	2.7415062	2202.1711	23.610749	21.541084	-0.40151651	0.13065832
2548	4.1999582	0.42250001	1.9463967	1568.4645	45.386319	31.217538	0.59836042	0.25363946
2549	1.4372063	-1.0372501	2.4304547	1161.3152	30.529115	21.218315	0.010566679	0.18828444
2550	1.6049988	-0.44713871	0.74491629	769.08573	52.932728	17.88933	0.09979412	0.58676532
2551	2.8506273	1.1692281	2.5139434	7623.3319	111.96727	101.22342	-0.11395729	-0.28975712
2552	5.1669265	0.88950098	2.3501695	2446.8749	37.145199	27.24651	-0.097905462	0.43204723
2553	1.0074469	0.50683376	0.082190949	6204.3971	51.229712	50.94869	-0.21615156	-0.3096539
2554	5.9800179	-0.6522547	0.6814277	6225.028	166.84026	124.52874	-0.15473793	-0.009523614
2555	3.5340655	0.096060368	0.80196531	1358.8698	26.544262	20.935949	-0.095113454	0.211477
2556	0.56990809	-0.6314844	2.2243054	857.23421	18.132829	17.888892	0.041853563	0.021311595
2557	2.6585253	-0.80309769	2.5724627	3417.1048	58.683996	37.223071	0.0060679734	-0.20752435
2558	0.16380109	-1.0313562	2.9643513	2951.0576	48.963764	42.312729	-0.08171595	0.28888764
2559	3.8200966	-0.72009745	2.7961721	1709.7301	40.825352	28.339633	-0.61495007	-0.69068629
2560	4.2884792	-0.19893112	0.64646809	2819.8868	51.994579	45.545397	-0.21804352	0.31304451
2561	1.5394897	-0.50973338	2.9595326	1530.3688	17.974552	13.9997	0.047450383	-0.014843208
2562	5.2280449	1.376343	0.44490892	2173.8904	25.33251	18.818521	-0.13842074	-0.3933393
2563	1.8133984	0.38127001	2.695245	3232.0266	71.260816	45.362136	-0.36057725	0.22697704
2564	3.5632596	1.1443305	0.15395204	10500.245	68.287844	37.021789	0.79060399	0.32568049
2565	2.1167034	0.50483283	0.92535159	2632.8213	56.00678	54.282904	0.49727242	0.2875212
2566	3.7856465	0.77073317	1.229893	4016.9788	77.271819	50.083942	-0.052314029	0.69849499
2567	1.7050174	-0.36718097	0.19789071	1274.2914	23.385139	22.772154	0.40489029	-0.060648462
2568	0.78237526	0.38543834	2.8350017	1869.4073	30.331124	28.904964	0.30937713	-0.24124982
2569	3.9955488	0.34169917	2.2345867	1318.1302	48.007285	42.765951	-0.081150297	0.10329442
2570	0.40473243	-0.231739	2.9123083	9620.2389	141.46456	108.04732	0.10973786	0.15290546
2571	5.3075686	1.436901	1.041324	961.30739	15.497934	13.353426	0.022576896	-0.38483312
2572	5.578896	0.019886744	0.65623791	2665.5463	17.263158	16.706309	-0.027365674	0.24389391
2573	0.0055008403	1.2542244	2.6797142	5583.5484	76.029884	68.260853	0.087128245	-0.00013612085
2574	3.6165475	0.56423202	2.5401081	5556.9541	161.40524	115.41552	0.55152018	0.19739251
2575	1.7430991	0.37885045	2.4420107	5338.9215	96.208036	73.131627	0.002988726	-0.24673206
2576	4.2644342	1.194071	0.94135031	207.51994	2.7450196	1.3638587	0.063434204	-0.085221254
2577	3.3269878	-0.6784189	1.8516889	1379.1132	111.47851	37.467313	0.058392166	0.020564736
2578	2.9796336	1.0595805	2.8144774	5109.1251	72.395713	69.775424	-0.15300155	-0.11434018
2579	4.4986764	-1.0076797	0.6487214	256.02019	2.7313526	2.4576189	0.1722885	0.36762147
2580	6.074043	0.1175135	0.18749656	2833.317	44.592256	25.671142	0.21402956	-0.2279952
2581	1.6402241	-0.70106354	2.3965289	1124.5677	41.31655	37.259134	0.38982027	-0.76193084
2582	5.5196754	-1.0768105	1.953857	726.41212	38.791342	24.616393	0.092679052	0.72011432
2583	4.3597435	-0.2360625	0.84565223	1079.9833	16.213555	15.261184	0.31525877	-0.03072402
2584	4.3311078	1.0836142	2.8195192	2683.986	67.583616	50.645593	-0.22233179	-0.61241243
2585	1.4118681	1.3839181	2.283832	4261.076	83.781772	66.757649	0.24517222	0.33314909
2586	2.7033458	-0.077084328	0.5881515	1710.0104	20.114981	15.397766	0.37789354	0.91211139
2587	3.0516512	0.71416832	0.20465482	1149.4863	30.991592	30.629702	-0.12766194	0.03656564
2588	4.5605338	-0.80905369	2.8433522	707.14993	14.217494	10.228038	0.042035823	0.063646033
2589	0.30956221	1.1262198	1.643858	836.78525	36.708486	29.991255	-0.73158405	-0.031202377
2590	4.4403911	-0.82742775	2.5545836	6356.8786	135.25474	94.512491	0.058105417	-0.63802638
2591	2.0443699	0.7217502	1.4734185	1061.4583	32.200274	18.160478	0.16547751	-0.38859087
2592	1.3997423	-0.98063056	2.1453196	3065.0383	88.182758	63.096926	-0.11794821	0.30149048
2593	5.4987871	1.3052641	0.96514314	2390.9305	43.135545	42.59808	0.68572097	-0.48997385
2594	6.0214156	0.85624891	2.4180556	1582.0682	20.731042	13.984418	0.25334691	0.0078732116
2595	2.1472458	0.84622209	1.1592975	852.7586	27.685428	24.148206	-0.12114843	0.0027180804
2596	4.7610057	0.18164691	2.5868206	2617.163	47.738652	23.813244	0.029808773	0.01191995
2597	3.3685024	0.43278483	0.58780165	1101.0578	33.707815	27.422154	0.059193779	-0.5196242
2598	2.2712836	0.0030307492	0.72424732	2647.7157	36.609304	16.031787	0.55387654	-0.0012950896
2599	5.1640234	0.28146223	2.3952442	7348.4572	125.34703	115.318	0.40930697	-0.090253965
2600	5.8369597	0.32669479	0.56820835	3076.9023	33.882834	22.746946	-0.049468843	0.35095446
2601	0.57555121	0.5131657	2.7317622	1170.5465	23.097014	5.1585446	0.085316328	0.43388699
2602	5.2076023	0.23742099	0.53202344	2710.0969	57.460775	24.282032	0.050674569	0.59987409
2603	4.3573149	-0.43322524	0.70185317	6342.1375	64.082233	58.587044	-0.0099309114	-0.24667354
2604	3.4754487	-1.4587918	2.7100795	8518.6602	138.39876	107.20441	0.29422733	0.17508203
2605	2.160296	0.05446976	0.51673478	4023.091	68.90731	68.881702	-0.049926193	0.13227038
2606	1.5323007	-0.55300599	2.074536	3140.6625	59.178454	47.08804	0.085339133	0.0061598884
2607	1.8327403	1.0383156	2.287551	1753.4728	32.22155	18.994955	-3.8370671e-05	-0.10948895
2608	0.34580461	0.42725575	2.9113279	2848.4685	60.280376	47.417701	0.42692105	0.42464775
2609	3.4276954	0.38648949	0.5792072	1790.6155	29.196321	8.7254241	0.19251493	-0.17365298
2610	2.6327324	0.77636972	2.5294375	5659.8227	38.224898	36.131244	0.10264053	-0.16641544
2611	4.5517058	-0.0067567903	2.3036863	3098.8256	79.41437	67.101911	-0.54605933	-0.20401258
2612	2.5824851	-0.47787647	1.021401	549.20029	14.03433	12.580236	-0.036214711	0.17327698
2613	0.90200616	-0.27046538	2.0857481	3271.8303	40.301514	28.788954	0.77784348	-0.048939131
2614	1.336744	0.49898626	2.0130135	5702.9555	127.18092	64.869699	-0.014395626	-0.21378245
2615	1.9159718	-0.82228744	1.1077869	508.53963	11.125131	8.3706451	-0.7597711	0.13507078
2616	2.329484	0.24432549	0.13551504	2540.8877	43.189293	21.785464	0.034030531	-0.12532213
2617	6.199683	-1.0253706	0.28014989	826.33154	55.463156	33.38327	-0.10475089	-0.046281378
2618	2.2486738	-0.35400005	2.224361	2385.7437	74.24905	38.790642	0.4234376	-0.17776117
2619	0.63831926	-0.36846994	1.1737649	354.97803	20.183862	16.63004	-0.01593444	0.035436768
2620	1.4307079	0.96796501	2.7073554	235.33476	35.583729	23.16949	-0.28324264	0.020646855
2621	0.33330824	-1.0218405	0.52942198	1762.1342	33.250143	9.466396	0.029903986	0.20897184
2622	0.049142423	1.1950081	1.0851898	1399.022	34.591883	32.188375	0.54632791	0.94320373
2623	3.7529676	0.19267134	0.87217355	3232.9479	53.957217	48.671925	-0.35115845	0.14512918
2624	1.9049071	-0.70076256	0.14578203	10870.71	94.45566	85.11818	0.36902587	0.36859896
2625	2.9814667	-0.60238869	0.52485239	2200.4772	23.555924	22.849093	-0.034789547	0.12113385
2626	1.6069856	-1.0151462	2.3969946	6629.9596	93.61796	89.848479	-0.46061035	-0.15546353
2627	1.47016	-0.30055627	0.4589602	2402.1934	43.582149	24.975097	0.45502572	-0.94733786
2628	3.133087	-1.169251	2.7747349	327.40485	1.7272811	1.5694569	-0.26257154	-0.10581114
2629	1.0079301	-0.42919805	2.7500102	1559.4685	92.675782	16.653975	-0.17219107	0.37557952
2630	2.8254259	0.27140248	2.6624116	1190.0415	92.608459	74.875653	0.19606232	0.31058021
2631	5.3962822	-0.81476329	1.0887747	718.93474	23.325789	13.832547	0.70504558	0.40235361
2632	4.6009204	-0.71902853	0.85766187	5271.9594	57.448623	51.719042	0.074446026	-0.084773223
2633	3.0748327	0.18434089	0.71196394	1915.7029	56.946254	34.22785	0.44858917	-0.10074793
2634	3.3061803	0.018714282	0.50475088	5546.875	61.259292	51.588559	-0.1791396	0.50827479
2635	4.1695265	-0.32611452	2.947926	797.00103	11.707353	8.877842	0.5429732	-0.056495818
2636	0.92071358	-0.21635972	1.3621955	898.28396	38.754074	12.424246	0.3771037	0.03304272
2637	4.2977307	0.88675022	1.816353	149.66415	2.1044516	1.7110249	-0.015161685	0.1062172
2638	2.9792796	0.38102987	2.6446327	1652.7359	25.392854	15.376719	-0.005105214	-0.46307843
2639	2.6046381	-0.78961777	2.063748	777.82847	11.636375	9.4080264	-0.73180099	0.36316885
2640	6.2501617	0.27063527	2.0126153	1012.9149	28.325477	21.494476	0.23701982	0.41420485
2641	0.46464688	0.7482008	0.39892298	2224.0355	33.213176	19.882597	0.028640698	-0.098734733
2642	4.7581988	0.51011108	2.5671644	295.91326	2.5707578	1.9256806	0.29237501	-0.076223838
2643	2.1054889	0.35054636	2.0427211	1441.8955	56.960115	46.164711	-0.051216311	0.0088969349
2644	2.6667663	-0.1647957	0.86666836	422.51884	3.0007275	2.6281786	0.055264908	-0.0079338481
2645	5.4814006	-0.32496185	2.2664292	2269.9702	64.358614	59.236191	-0.0067833584	0.03535672
2646	3.086025	0.47124118	2.6320105	10905.296	126.84828	119.34518	-0.0764865	0.1315442
2647	4.5612475	-0.73907611	2.6047417	11374.772	109.92604	108.8387	-0.11981007	0.15214059
2648	4.1951949	-0.21856305	2.5894515	1810.1572	22.631701	18.679962	0.48098997	-0.018299423
2649	5.0858592	-0.33572458	1.1328244	1134.6822	35.842988	25.380352	0.75326507	-0.071112715
2650	1.4023759	0.27975845	2.2048783	1380.2756	37.32369	16.670294	0.67084855	0.60285234
2651	4.8155738	-0.87912469	0.83504133	420.50058	13.562832	8.8069772	-0.0041115626	-0.41215144
2652	1.1032112	0.69449463	0.70161505	1076.6298	11.314819	9.535133	0.0069903968	-0.072360399
2653	2.9151304	0.75365036	0.6641316	2128.4698	27.380481	9.263871	0.315816	0.22963379
2654	4.0935138	-0.93293128	2.562452	2058.5479	48.693952	43.151035	-0.42467673	0.50435213
2655	4.9830636	-1.1322356	2.1048215	225.52853	1.9214594	1.7713906	0.0049147488	0.10781854
2656	3.3882199	-0.39512057	0.69455147	839.30657	14.673973	10.543928	0.49334803	-0.52251014
2657	2.4062352	0.41523404	2.5536026	2305.9386	32.106484	21.057087	0.32633141	-0.52499581
2658	4.8863735	0.66770047	2.7607227	1615.4257	16.679746	13.220646	0.27773158	0.44799101
2659	1.4584453	0.15918384	2.4257777	983.48233	34.85291	29.688463	-0.025588076	-0.5618208
2660	4.5571987	-1.3993201	0.5770855	8723.9298	96.082696	89.658694	0.043882265	0.48935948
2661	0.40740179	1.2109705	1.8157222	4170.4176	80.353122	78.887183	0.11286036	0.4231834
2662	2.6059868	0.92553991	1.1405965	1204.1059	32.045108	22.67414	-0.65002366	0.39497536
2663	3.2939723	0.32258894	1.8132956	1454.864	58.81647	55.304358	-0.399834	-0.48934244
2664	3.0758193	0.27488446	0.37967591	4158.2691	29.765603	23.499667	-0.12437235	-0.29784968
2665	0.53591828	-0.90562684	2.2945179	722.50809	10.721806	1.993945	0.62968496	-0.049683394
2666	5.2375422	0.29459992	1.8763702	242.8999	6.9000777	1.6417664	0.7354725	-0.0052334648
2667	6.2604345	0.49753722	2.6106915	6566.651	60.306402	47.346286	0.57595285	0.11012603
2668	0.31533901	0.083724352	1.9693631	1228.4766	15.053866	14.012141	0.81550621	0.088902424
2669	1.4058847	-1.2348149	2.5473916	3462.674	71.086152	52.374036	0.57138017	0.47298547
2670	4.9329875	-0.23284131	2.2625194	1483.7901	21.897142	19.395232	0.19877413	0.0048207428
2671	5.5877184	0.8385011	2.7661086	2767.8336	15.85496	12.966689	-0.86956538	0.41951115
2672	4.8824358	0.8954366	1.8724815	1119.9421	40.230377	37.598832	-0.60640922	0.72670746
2673	5.75476	0.9659557	0.5562787	2498.5732	30.570918	29.677112	0.065265123	-0.27540697
2674	2.6535158	-1.091392	2.0868306	6168.1523	74.483239	69.799357	0.30905054	-0.0013947618
2675	5.3359042	1.2546764	0.30196399	5870.5914	90.356759	74.667563	0.1139381	0.22433667
2676	5.3807447	0.40768312	3.0863056	1030.0984	9.5378341	8.0757341	-0.007027389	0.0045624409
2677	0.13512831	0.31196858	0.37279169	4743.118	110.68146	81.276451	0.042938314	-0.026606615
2678	4.1532562	-0.070958299	2.3940746	3846.6123	46.626111	33.021358	0.05454802	0.023726004
2679	3.4767946	1.0628644	2.4837943	722.04896	8.6354296	7.8739558	-0.026982313	0.79217919
2680	1.3576185	0.041600357	0.74906622	4207.1483	51.169448	49.274184	0.058666201	0.0045066098
2681	1.1016967	0.15761575	1.532322	752.93045	27.171077	14.609381	0.14060384	0.011649761
2682	4.2719371	-1.0928239	2.3150981	3490.6187	46.687869	41.34514	0.49843094	-0.096419925
2683	3.7213116	0.88393158	2.9371775	2351.609	52.539097	23.938568	-0.024576363	-0.14563157
2684	3.2991645	1.1115356	1.8628372	968.24096	45.228424	43.480427	0.041144794	0.065472418
2685	4.175318	-0.34248148	0.70067786	2721.538	37.004277	31.805387	0.22673585	-0.028349487
2686	2.933521	-0.88109771	2.6966428	1006.1544	15.171101	8.6378593	0.39794383	-0.2449017
2687	5.6976522	0.40961457	1.6383128	2162.6914	56.791528	43.740735	0.91289772	-0.22985362
2688	0.86714161	-0.53279763	2.784036	4646.8935	89.859483	56.408145	-0.63331518	0.029470668
2689	3.8157122	-0.78034219	2.6644207	1289.0737	9.8600001	7.7005249	0.13913786	0.30673211
2690	3.0210491	0.11696089	1.829708	106.02254	1.9234953	1.2137408	-0.016386976	0.075334752
2691	1.9059248	0.025787934	2.5958626	1631.1057	24.221486	14.863545	-0.24468495	-0.10218097
2692	1.8206643	-1.186617	1.8950993	1247.6655	46.193595	39.926545	0.26274454	0.065336046
2693	2.62212	1.244737	2.2320704	1262.8463	28.116889	27.164047	-0.11933171	-0.011964843
2694	3.3271236	1.4093137	0.54703898	2841.4148	56.322421	52.54781	0.3470139	0.038502371
2695	5.1673636	0.47707507	2.6664967	4255.8095	75.002511	47.401375	-0.11843116	0.0043525975
2696	4.3139402	-0.13293074	0.74204501	1702.9326	38.014133	33.549195	0.40008639	0.079807959
2697	0.46563402	-0.74231419	2.4581028	134.42104	1.428214	1.423929	0.085989048	0.14375341
2698	6.269045	1.2987625	0.53323273	5258.6056	77.618121	47.231077	0.11791811	0.079549506
2699	2.9650921	0.17160963	2.4738822	2647.5169	40.864086	29.632992	0.63689978	0.3383954
2700	5.8002328	0.32242924	2.2059959	1058.3659	23.874417	10.730738	-0.3183926	0.83501068
2701	4.3430594	0.059860929	0.87053967	2232.3744	44.996956	35.792857	0.012157075	0.06756349
2702	2.1105586	0.14347842	0.99501402	1299.1725	16.580326	14.495722	-0.36516475	0.7087822
2703	6.2317042	0.0033441476	2.3525467	666.06352	17.914796	17.736808	-0.38128169	0.2082804
2704	4.9437108	1.0440083	0.58152756	355.01856	28.225867	27.504527	-0.12881596	-0.24318316
2705	1.3446667	-0.80361723	2.1419118	246.64621	2.5425764	1.2269387	0.25885548	-0.0031664468
2706	4.4500804	0.7895246	1.5236814	374.10372	2.8080025	2.5495477	0.66215348	0.026238561
2707	4.8411101	1.3641707	1.939758	219.71612	16.57963	1.7355577	-0.22180081	-0.024153909
2708	4.0672361	0.049751361	2.5822078	3157.4049	98.737491	38.417838	0.58849379	-0.33357882
2709	3.5040546	0.82918503	0.31884647	2474.4656	45.89088	31.413254	-0.015775042	-0.65191069
2710	4.8104635	0.19388821	0.36169899	1120.6228	37.162336	35.671228	-0.37221401	-0.0030365408
2711	5.3603424	0.84937099	1.2058893	769.0523	28.709399	14.146061	0.41560665	0.018387018
2712	1.2637339	0.45259602	2.5998973	1780.8776	19.443371	17.108892	0.22984236	0.31924184
2713	2.0941252	-0.99907911	2.7599406	3344.5522	57.880641	54.502088	-0.16033667	0.23629309
2714	5.4420822	-0.18900517	2.6564894	1902.3631	93.745732	87.039588	0.56000075	0.24031583
2715	4.3202568	0.039921218	0.35188631	3933.3941	25.66621	19.318822	-0.45004678	0.37835914
2716	4.8520095	0.60547145	2.2279545	5091.6984	31.856097	31.357707	0.39931295	0.56662662
2717	4.753324	-1.038312	2.4205579	172.71493	2.4710397	1.5227113	0.15613323	-0.15076368
2718	4.5126495	0.90849007	2.232409	7531.2056	120.87802	115.90692	-0.33390781	0.073562412
2719	2.2284392	-1.0096274	0.28609342	3434.3631	94.556322	33.965018	-0.0018655655	-0.026961731
2720	0.21329998	-1.2343058	2.3714078	3181.8757	53.308135	20.894163	-0.082550988	0.26699285
2721	4.9635336	0.51398966	0.99324305	100.47815	2.0795174	1.544817	-0.02315299	-0.3416405
2722	2.6340305	-0.63055744	2.7515974	8936.7148	124.31441	90.215309	-0.048813311	0.19009806
2723	5.6722118	0.28339039	1.1597246	3493.1586	95.526234	55.199362	0.67551311	0.19456713
2724	1.5256355	-0.42430669	0.97409419	651.29793	10.021346	7.4759955	0.26641739	-0.022295182
2725	5.8727221	0.41425323	1.182494	104.41966	1.7803215	1.72229	0.07430634	0.11444213
2726	3.2617651	-0.75696282	1.9272882	226.61857	1.4456432	1.3377657	0.22203046	-0.055500369
2727	3.6440003	-0.14025154	1.7102279	1138.229	35.729919	31.473373	0.014482805	-0.035562113
2728	4.0562324	-0.45680935	0.90423589	343.09969	21.088613	15.287396	0.0006553823	-0.1890921
2729	0.52582606	0.40492003	1.8274847	1494.1507	37.210894	34.555425	-0.11469837	-0.17444945
2730	0.77816892	-0.6849204	2.7863597	12565.139	89.276257	86.047031	-0.14290469	0.050229541
2731	0.37756085	-0.51789351	2.8193307	4195.7502	62.642175	46.893052	0.35584828	-0.57269107
2732	4.4672216	-0.16072273	1.9933862	1314.1121	64.770786	17.657327	0.2586188	-0.32831798
2733	1.8932164	0.058955251	2.6524906	4924.6137	76.143946	73.662509	-0.057286868	0.38611297
2734	4.3240769	-0.51760743	2.916592	6285.9508	97.902747	79.635776	-0.060522622	-0.16761287
2735	2.8860116	-0.95921813	0.57186498	146.68932	1.443843	1.2857748	-0.017105349	0.29470939
2736	4.7837738	0.71185424	2.566318	3241.6729	62.380102	42.762017	-0.3279569	-0.71445681
2737	5.2816405	-0.80435292	0.31897754	1808.9804	59.806833	8.0280117	0.39078748	0.0054348608
2738	5.8451814	-0.16203172	2.8532712	3335.1963	41.949456	36.640713	-9.5332933e-05	0.00020712266
2739	6.0904302	0.20233565	2.0759278	1974.0317	48.944078	46.733298	0.15128198	0.039933292
2740	2.3019104	-0.049883727	2.2995547	1882.9208	19.702197	13.469944	0.044948869	0.774394
2741	5.2458212	0.97546698	3.0029379	415.32839	22.722063	15.703404	-0.10230875	-0.014160036
2742	4.3598324	-0.34313205	1.5993667	2219.1014	91.284518	46.161497	-0.12932883	0.37879543
2743	3.1766608	-0.98332331	0.4737485	7484.6493	103.85252	47.152236	0.3759403	-0.043531626
2744	1.5543128	-1.0201748	2.1539342	2126.0502	62.362407	54.919027	0.0239282	-0.027724603
2745	0.69605542	0.55409019	2.4859409	4641.1982	71.342688	70.19891	0.052396129	0.24596494
2746	3.1837401	-0.1628145	2.5751938	1601.7234	50.033981	35.063352	-0.1893841	0.32036855
2747	1.6335483	-0.85855199	2.6162658	4058.0628	42.771801	42.770526	0.75721511	0.0071328893
2748	5.8800753	-0.43799511	0.51338033	304.50017	1.9855387	1.6761244	-0.018064685	-0.24328538
2749	1.8608344	-0.041117219	0.81897604	2199.9417	28.613691	27.046461	0.10264053	-0.16641544
2750	4.7791552	-0.66742295	2.4877997	2970.4974	43.525338	26.798645	0.081824211	-0.19462195
2751	3.0618767	-0.10766458	2.1727581	1068.8196	74.540877	40.572799	0.554425	0.37508827
2752	3.468054	-1.3546326	2.6228515	3240.0063	46.075412	31.016598	-0.57437125	0.78070347
2753	5.2189914	-1.316186	2.7773135	2167.7626	31.931021	28.343914	-0.2244014	0.32365687
2754	4.9024225	1.3199011	0.60464979	4097.0824	110.62755	106.15804	0.19510664	-0.2456648
2755	6.0050401	-0.57932894	2.6972038	3355.1927	15.332737	14.61421	0.037703655	0.30361994
2756	1.7244081	-0.37232694	0.92473936	6913.0408	87.869503	76.941524	-0.079423145	0.37211745
2757	4.3802743	-1.260024	2.378853	5439.2909	129.42225	99.439359	0.1258817	-0.091669162
2758	0.31505011	-1.1226555	0.95404494	922.96784	22.238984	19.461429	-0.071539502	0.33396771
2759	3.0783316	0.1478944	1.845443	780.59007	56.97472	31.304299	-0.4989765	0.50501094
2760	3.3185888	-0.62222371	0.83176998	2878.6579	74.069892	52.090019	-0.33467215	-0.63597569
2761	5.7179578	-0.69891846	2.0623505	3166.8611	56.473545	53.790326	0.26480535	-0.18719887
2762	4.3175368	0.016934087	2.3020106	2488.126	66.139133	42.927742	0.021601032	-0.045281931
2763	1.1712407	-0.11587156	2.1670707	544.08015	19.045922	18.627103	0.65465548	-0.47963823
2764	0.14196253	-1.3265151	1.1354058	1389.396	44.416064	31.156811	0.1069277	-0.34415732
2765	0.90576134	-0.183301	0.91516589	3578.9488	46.846578	41.044071	-0.089490368	-0.18840537
2766	5.9863569	0.16896175	1.0750522	296.98636	9.2887929	7.9910223	0.0068284563	0.064030447
2767	3.6312133	0.20804043	2.1128054	786.88254	25.544604	13.569446	-0.31241666	-0.43443254
2768	2.6242704	-0.51809248	0.28946534	4335.3689	119.75491	115.86298	0.039912627	0.16886903
2769	1.0380135	0.98108054	1.0140844	623.83645	44.590022	32.458917	-0.05255906	0.20628314
2770	0.70953762	0.96636469	0.46795738	10048.718	62.815481	61.671503	0.56293778	0.14088751
2771	4.0501452	-0.48387441	0.33548665	5080.4329	73.796968	67.246131	0.030426846	0.25984984
2772	1.9523441	0.48009621	0.59991814	965.52519	9.6316034	8.7528461	-0.35563001	0.32944687
2773	2.7374734	0.65363009	0.63880325	341.51371	2.0756927	1.644452	-0.19873401	-0.10358236
2774	1.5174064	0.34691594	1.3291653	1466.6763	53.913724	42.558052	0.0057688591	-0.28790626
2775	2.0238128	0.75890306	0.56758154	1395.7483	22.557251	22.339463	-0.024406275	0.31010654
2776	1.4559107	-0.27976726	1.9423129	2196.5124	67.703455	56.986677	0.14705954	0.0088885177
2777	0.64932528	-0.16257865	0.8088488	683.2779	32.913731	31.613554	-0.73007758	-0.035798832
2778	4.9232777	-0.66021004	1.859855	1591.216	38.614072	19.136199	-0.10680071	-0.38143208
2779	0.28752565	-1.0402862	2.9875801	4264.6397	43.090952	27.585457	0.18606737	-0.087246294
2780	1.1385414	-0.67411381	0.52170471	6762.7969	82.93698	67.979488	0.039123446	-0.48147885
2781	1.0956061	-0.36012247	0.77147773	2892.9111	32.398674	26.532009	-0.11068446	0.0090204967
2782	0.98394739	-0.97134452	0.84380759	1945.2268	17.125726	17.040039	0.30845334	0.25076661
2783	0.99059137	-0.19889024	0.2997512	2766.6765	26.829546	25.727439	0.65547031	0.0011169237
2784	6.0390215	0.85137456	2.3095154	939.55972	24.815879	19.119816	0.37884644	-0.498203
2785	0.76535672	1.1287234	0.57796146	1668.9427	27.127231	23.300049	0.07159054	0.24583142
2786	5.7666465	0.41432775	1.7130321	828.30949	39.192614	33.160531	0.57895009	-0.049634041
2787	1.9887374	-1.2029098	2.3364845	1744.555	18.589354	15.157192	0.286968	0.044433473
2788	6.003818	-1.4070505	2.6347091	4101.765	47.600416	40.852767	-0.42397766	0.21332043
2789	0.15151764	0.89410513	2.7504345	6656.2321	119.46629	94.046403	0.24347324	0.031773047
2790	6.0005315	-0.26479146	0.93860694	241.93577	1.9478676	1.690999	-0.21065506	0.1928213
2791	6.2453146	-0.51887289	1.5583089	544.86808	37.222828	35.875697	0.6994686	0.041082348
2792	1.6181569	0.45173565	2.3026392	136.41946	2.6412653	2.0556014	-0.02888618	-0.12903151
2793	0.56504909	-0.1764816	0.74922786	4952.3602	61.891354	49.352908	0.41656375	0.19419565
2794	1.9450441	1.052708	2.5842968	1795.4953	19.395344	17.076112	0.04302069	0.64336202
2795	5.7629725	1.1090549	1.8385132	327.27831	2.3448576	1.5021111	0.025044886	0.11022804
2796	4.9635078	0.60425556	0.9327461	981.73827	15.648313	11.940441	0.73287123	0.1837789
2797	1.8752905	0.20651237	1.668222	1198.8158	50.231169	32.832102	-0.063731763	0.15278976
2798	1.6288469	1.2133958	3.0161516	4372.9489	67.751709	23.606067	0.60538241	0.075305102
2799	1.620317	1.3411917	2.6200914	1563.5471	17.394332	12.878281	-0.034492179	-0.062233501
2800	6.0215215	0.59982914	0.70039051	505.00495	2.5203831	2.0797575	0.003878431	-0.1637035
2801	5.6330772	0.55379471	2.3384475	3313.3209	69.335469	43.133347	-0.19720566	0.3282904
2802	4.7087299	0.45720479	2.5954496	1851.743	71.26688	35.617667	-0.29889871	-0.31996964
2803	5.9737358	0.30682523	2.6850007	9064.7307	93.338926	85.053381	0.030426846	0.25984984
2804	3.7307398	-0.98151421	2.874697	1681.0179	18.325605	10.796511	-0.66044396	-0.39385875
2805	2.0594522	0.36207664	2.8089139	2997.6537	20.954407	17.000524	0.10872277	-0.11262404
2806	0.8114593	-0.4167302	2.5584474	9399.4244	107.2133	44.963393	0.24547711	-0.28754077
2807	3.3958488	-0.74079504	1.9717262	4708.9099	89.432867	43.238639	0.24690455	-0.29501015
2808	4.3134885	-0.49836782	0.23099969	6476.3414	52.732002	37.671451	0.34418155	0.21351572
2809	1.7008935	1.0814934	2.3299198	7616.0068	98.779402	97.692339	0.16270363	0.012381014
2810	2.2040609	0.92357357	0.1962244	1274.7878	73.429312	26.404545	-0.11252074	0.0044472231
2811	0.86961654	-0.24955996	0.65813693	3679.3293	28.000572	25.206184	-0.11918908	-0.56007484
2812	2.7415236	-0.17431855	0.34876221	2499.4747	18.823729	17.692368	0.065674569	-0.37349672
2813	6.0242594	0.98071963	0.40595924	1934.1762	115.2016	25.476155	-0.01479202	0.09791236
2814	5.5464964	1.3008472	1.1982089	1639.1544	41.031917	22.536096	-0.097297033	0.24981952
2815	6.274459	-0.18097689	2.7558494	3693.7092	117.69736	66.056104	-0.29718646	-0.60450243
2816	3.1500779	-0.41411048	0.46298632	1610.304	77.962784	50.430297	0.21717751	-0.029309407
2817	5.4759473	0.52059811	1.0049238	2556.1468	81.041854	44.020866	-0.57212703	0.31820331
2818	0.3001112	-0.54797172	0.068041869	1907.8401	50.056172	43.88231	-0.024757699	-0.036636328
2819	2.6180209	-0.77113084	0.87746506	216.58593	2.4858519	1.8000186	0.13132691	0.14410052
2820	3.7205632	0.088572911	0.80233301	1444.3462	34.110199	21.93278	-0.048823842	0.23849431
2821	0.84077811	1.2205143	0.80750204	2319.1199	53.558256	51.676026	0.097666716	-0.22445126
2822	1.5248944	-0.10463154	2.8610524	3909.1511	29.365	18.949936	0.2046278	-0.063579175
2823	5.5709767	-0.60087552	0.45287553	916.57737	29.156741	11.491435	0.31583248	0.0073509644
2824	3.7742297	-0.037839642	0.79116377	1632.8902	27.153203	18.068114	0.2028065	0.026330897
2825	1.6993383	-0.15060263	2.0926735	914.18231	26.867793	26.269382	0.14315535	-0.044572157
2826	0.46159999	0.44353591	0.75089947	3103.2344	26.748033	22.304703	-0.88606584	0.079837891
2827	2.6427425	0.936385	2.5641054	5811.7312	85.068322	71.49974	0.39263854	0.11416401
2828	5.0626036	-0.85643783	1.4881521	1112.6265	27.003203	12.724853	0.19040195	-0.21418898
2829	0.50256715	0.42215153	1.1583655	840.23807	14.307312	10.967411	-0.1559042	0.61118327
2830	1.8127203	-0.23143229	2.8819074	1652.7262	28.659888	15.021435	0.096794396	-0.14118482
2831	1.8509914	-0.32998901	2.4724995	5372.6146	57.239771	54.398156	-0.045831833	-0.33098202
2832	5.5848788	0.006390227	0.7109615	4683.3711	92.664092	61.444776	-0.07494293	-0.49614721
2833	3.7538843	-1.2202984	1.9178657	841.62198	35.761859	35.079552	0.1548718	-0.46005212
2834	3.9648326	1.1499004	0.5217395	1204.8617	19.05733	15.57571	-0.34891594	-0.39085995
2835	4.8279523	-1.0896117	0.50937219	2517.3083	24.207214	23.739295	0.0060858212	0.28262114
2836	5.9356301	0.090999474	2.4363019	5184.8373	60.875449	59.904018	0.24147977	0.16880753
2837	2.4313917	-0.24924695	2.0989045	2051.2684	48.839161	38.290599	0.62345426	0.0058648914
2838	3.7262809	-0.80231502	0.81919735	2878.6852	27.54153	26.282768	0.057754644	-0.20180038
2839	1.8439086	1.3103602	2.3044461	298.00561	9.0098732	7.7074583	0.42254454	0.3533582
2840	1.8861568	0.61638719	0.17805189	3742.2157	47.328299	34.394492	-0.1572192	-0.11376306
2841	5.3203224	0.22695802	2.7770055	6353.0253	53.525116	22.488148	0.051942208	0.27245654
2842	0.50167923	-0.047361094	2.2877503	238.64742	2.0998047	2.0821639	-0.0065643607	0.1502464
2843	1.06626	1.0048551	0.82157551	1787.8848	13.621669	9.8278027	0.20118128	-0.15215189
2844	3.5346405	-0.03865754	2.6575798	183.42897	10.36016	1.2253588	-0.14256983	0.076948959
2845	2.0539753	1.1247904	0.40139273	2368.1176	18.623817	12.664372	0.13292227	0.43739234
2846	0.33022072	-0.09570695	1.017055	110.26957	10.990471	8.9616182	-0.23588112	-0.0038507179
2847	2.3139718	-0.48729988	2.3759668	1776.9368	19.176846	16.255737	-0.45411862	0.74990931
2848	1.2398782	0.45741898	2.715211	5696.2687	109.33993	100.75326	0.38799189	0.096276708
2849	3.1688353	0.22311249	2.3747556	2291.8633	55.598576	49.874519	0.34951007	0.13064002
2850	2.6362611	-0.1170635	1.3928236	647.25696	53.390242	47.711433	0.029088092	0.0070502516
2851	4.8463831	0.68310934	2.4611651	1188.9605	13.469063	3.2912994	0.050750547	-0.046133256
2852	2.2107759	0.40988598	2.3390827	2026.8275	43.969277	28.021748	-0.19712758	-0.027071703
2853	6.1405432	0.10626306	2.7112264	132.92623	1.850337	1.546536	0.061778647	-0.053421668
2854	5.7462993	-1.1426767	0.71856841	3113.6631	40.053181	37.929907	0.13664639	0.64052896
2855	0.85864864	0.37936613	0.17094914	3600.1908	38.732599	17.605465	-0.20897665	0.091054029
2856	3.4992515	-0.33816731	0.74994314	3114.4457	96.431644	35.696108	0.039148639	-0.24628796
2857	3.3245105	0.49999404	3.1329755	2685.3835	39.6893	32.81462	0.5266371	0.1221245
2858	4.1977506	-1.2483203	1.3424528	916.7668	41.572955	23.879166	-0.026037338	0.0014273494
2859	1.0743312	0.9004917	1.5857592	928.61609	14.458662	10.151832	-0.23123426	-0.7771215
2860	1.8942921	-1.1478324	2.4891514	1305.6746	25.371331	21.978255	0.0043636339	0.034916474
2861	5.7621604	-0.032395956	0.81985835	1817.1704	57.437727	18.403416	-0.048612706	0.30928882
2862	6.2615388	0.061375404	2.7602759	436.82791	17.648639	10.757138	0.10928914	-0.2772516
2863	5.4716191	0.92925992	0.52321852	1945.0498	16.357991	15.497339	-0.24357947	0.59594283
2864	0.032712879	-0.24164007	2.8124848	1725.0482	21.921962	21.672647	0.064580759	0.63980175
2865	3.1449832	-0.55243769	2.117502	794.24191	22.07331	14.110014	-0.22067158	0.58997821
2866	4.0477929	-0.29917241	0.96413264	1859.6694	40.169679	28.605835	0.64545073	0.094470446
2867	0.57254015	1.1979284	1.9649098	3503.6398	88.004151	42.997981	0.57607524	-0.0080886304
2868	4.6833475	-0.39041642	2.5286352	440.76595	7.8651793	7.1058678	-0.38753705	0.14408899
2869	2.4804834	-0.098091907	1.293665	782.4963	13.647632	13.165594	-0.29699406	0.42788711
2870	4.2236816	0.71492434	2.7573967	7269.505	89.756169	68.068822	0.76818191	-0.036342726
2871	4.9446864	0.068029492	0.76776853	2332.737	48.477389	33.461562	0.13638919	0.071314337
2872	4.7654671	-1.1212024	1.2352677	1370.2407	26.328027	21.484973	0.74102741	0.1120827
2873	3.207303	0.22306287	2.0747352	2048.4561	24.31309	24.309885	0.0057815082	0.62131929
2874	0.50621395	0.10718405	1.3685907	1627.6172	41.065662	25.101736	-0.035937792	-0.037053886
2875	4.7752227	-0.66483844	2.9224391	3557.9392	52.668649	25.384086	0.17892512	0.065775502
2876	0.82274286	0.19627809	2.4212636	3109.6896	84.862124	71.913647	0.74276918	-0.41957396
2877	4.5708733	0.98661396	0.56975152	237.37127	2.5760885	1.4229202	-0.10558052	0.015581813
2878	5.3408331	0.36613492	0.70483759	982.71763	30.835543	11.702664	0.28537559	-0.21664294
2879	4.3860752	1.1933014	1.8063332	1557.4553	55.726827	33.031697	0.4680143	-0.037419372
2880	2.4077505	0.63600216	1.0893979	349.67149	32.436497	27.959434	0.2735829	0.71422684
2881	3.9170838	-1.0980057	2.7290366	2922.5128	108.4951	51.061856	0.22296483	-0.44857017
2882	1.7075437	-0.62311337	0.10508336	9813.0314	132.39314	109.62275	0.28771902	-0.02574094
2883	0.67008164	-0.077259411	2.8000613	3115.8394	33.369985	28.974755	-0.15900334	0.35152755
2884	3.5585942	1.4054017	0.24468464	238.53243	1.4288332	1.422328	0.024593115	-0.013434221
2885	3.1107562	-0.87481108	1.6509934	1799.4613	65.846388	28.040841	0.44542159	0.20420582
2886	1.4750634	0.70412092	0.90057231	1810.7012	48.279652	43.775279	0.38521928	-0.20381278
2887	2.1840546	0.86366723	0.40695325	587.78263	11.507874	9.7950897	0.050799668	-0.049758671
2888	5.2850852	-0.15480597	2.8165038	4770.8184	38.697938	34.150287	-0.14409577	0.32445103
2889	5.5390144	-1.1743093	0.44194767	2848.7804	69.617573	68.564821	0.33477897	0.019938839
2890	2.5404207	0.012252391	2.2353665	1883.6703	66.337523	23.211402	0.40821946	0.46406975
2891	4.5269201	0.63013036	2.3350029	2832.3441	37.851056	18.32247	-0.099597552	0.0052660292
2892	4.3557958	-0.8324657	2.2896312	5974.5113	64.707246	54.588668	0.89838545	-0.0079324329
2893	4.0622172	0.60462284	2.1554085	2154.0194	64.263683	39.842323	-0.23258457	-0.48657053
2894	3.839573	-0.60575849	3.0499143	1183.0484	17.976372	10.235885	0.027712192	-0.42139676
2895	3.2550286	0.53595753	2.6074313	4584.6962	83.099096	79.682255	0.0074943632	0.6077061
2896	2.9127983	-1.3723666	2.2567616	805.10635	18.883233	15.425961	0.13068468	-0.65622738
2897	0.61989761	0.37781398	1.0753115	1324.486	40.63613	15.32793	0.25312466	-0.010191139
2898	5.1824477	-0.2649584	0.71555152	1008.9985	35.827537	19.215197	0.63351764	-0.42873653
2899	4.5480667	-0.55485934	0.43364675	651.53985	13.935077	7.2054824	0.20652979	0.12551496
2900	0.45751955	-0.56203846	2.7767165	1405.0043	20.629309	17.826832	0.2611884	-0.43914812
2901	5.4584074	-0.72421571	0.38147902	4547.9188	62.138485	55.815101	0.80404845	-0.13452035
2902	5.7828216	1.3085869	0.47633291	6759.6689	114.92006	92.997743	-0.43258177	0.065095954
2903	4.7973708	-0.58887095	2.3752737	1716.0341	18.34202	15.404341	0.1320471	0.53979573
2904	5.999311	0.5560688	0.66858304	2359.773	48.390913	30.116745	-0.70655862	0.53035154
2905	2.2466071	-0.67435975	2.5192235	4671.4817	35.262802	21.299281	-0.054788654	-0.42282862
2906	0.37223558	-0.40869603	2.4632593	1617.8247	48.760389	34.831035	0.010799003	-0.045121885
2907	5.3079965	0.093096146	0.60269618	2279.8338	29.817951	26.072581	0.089150491	-0.33264895
2908	4.4905265	-0.30444877	2.488111	673.3604	31.493787	25.608131	0.012520334	0.37537367
2909	3.7474964	0.17524359	2.3412865	2516.1416	18.843864	18.735403	0.071343362	-0.024885791
2910	1.1895383	0.075694494	0.60400997	1663.8626	31.879652	9.1579148	-0.060494646	-0.27656117
2911	2.5304625	0.22059096	2.662103	4320.36	70.143978	42.101794	-0.12139194	0.0032966802
2912	2.3391945	0.71950059	2.8611872	3730.2639	51.158832	49.467425	0.012024429	0.087320244
2913	1.3662986	-0.26611	0.42312366	1666.3696	14.113989	14.058976	-0.20080893	-0.60480848
2914	4.7032073	0.18393813	0.43328952	2846.0141	48.648802	48.273103	-0.51724043	0.14317132
2915	0.87372772	0.35973181	0.53618216	1458.8978	19.185877	15.589885	0.54453624	-0.24752491
2916	4.8635467	0.91558843	1.0755395	1016.5694	39.722942	35.069223	-0.25127802	-0.011280373
2917	3.6563494	0.78905431	2.5063055	371.37109	1.6996999	1.6677339	-0.15995571	-0.15527008
2918	5.8580859	-0.33450307	2.3336606	1395.8247	39.531652	9.1480108	-0.072377679	-0.20539674
2919	1.0045023	-0.24854718	0.69962187	354.85852	1.7409807	1.5501845	-0.044116541	0.071019224
2920	1.4105034	0.63589246	2.3461775	1619.715	39.382446	32.586543	0.43817367	0.15088111
2921	5.8100948	0.32834299	2.7690921	1871.9558	32.293672	30.102878	0.22535801	0.033134475
2922	2.740775	-0.80684736	2.4469856	3199.5304	33.719638	33.338457	-0.60841853	-0.22917542
2923	2.534779	1.1956186	0.8057994	1363.9901	23.600003	20.363084	-0.23242929	0.0013929982
2924	4.4695546	-0.61709189	2.5522235	5864.4369	68.425398	43.492974	-0.086341137	-0.0010809724
2925	3.0804581	0.046316196	2.5858619	4930.867	60.263818	37.500494	0.082933738	-0.14505131
2926	2.5584945	0.30972096	2.3382882	995.3649	44.309322	29.313658	-0.27605882	0.25009607
2927	0.3965603	0.17209568	2.3440468	2439.839	71.123149	52.670845	-0.0004810337	-0.16784139
2928	3.2411039	1.4194705	1.7045972	647.65217	33.452645	28.980089	-0.92898806	0.19668354
2929	1.6226522	-0.29625174	2.3121945	1483.0341	29.310289	17.163529	0.06332109	0.26730382
2930	4.0331358	0.84578557	2.6445095	4972.9152	87.43477	70.128821	0.4264719	0.34735652
2931	3.1154386	-0.079173316	2.5828834	1762.5086	68.948905	18.525409	0.0351084	-0.1480954
2932	0.70266825	-0.16125269	2.2311057	3400.6948	69.356462	56.434203	0.31507388	0.69931493
2933	2.951842	-0.38148463	0.43606704	2050.6478	10.916678	8.7181804	-0.37736844	-0.55429303
2934	0.77545053	-0.17770287	2.0023032	498.36415	19.205429	18.921436	0.70062746	-0.096015992
2935	4.9565586	0.20310555	0.55933338	3033.3074	20.690215	19.201637	0.23629977	-0.0056054033
2936	3.3004701	-0.51702545	0.81236856	83.403538	2.3117316	1.8013284	-0.0015781189	0.18582767
2937	6.0284995	0.32593142	2.4945082	8924.3676	102.77841	96.079158	-0.09443458	-0.077745868
2938	2.7901468	0.94287256	0.74616858	580.79181	14.060439	1.5619296	0.432712	0.029279202
2939	4.8958834	1.45251	0.29405843	6463.5711	87.195005	67.557044	-0.24813178	0.36942082
2940	4.0289593	0.22333301	0.49316033	1725.4503	16.206976	13.294924	-0.33638307	0.29887477
2941	0.62000921	-1.4204336	2.7723962	1591.0716	22.368942	19.444624	0.79167919	-0.22693713
2942	3.8374593	0.84740933	2.4454035	226.2888	2.2090194	1.2454556	-0.15062058	-0.063916234
2943	4.8932156	-0.11101226	2.1749337	505.78033	38.407194	18.418352	-0.096676756	-0.46712237
2944	4.8701218	0.94276526	0.44699926	9579.0537	77.0885	75.378378	0.029974728	0.46784892
2945	0.029240009	0.25507356	2.2341888	961.71618	33.028797	7.3969561	0.13841345	0.82292319
2946	0.8471614	0.016836239	1.4195833	67.107575	2.1025805	2.0532709	-0.062806174	0.0048196868
2947	5.1174082	-0.80396508	0.56326359	1688.6799	72.463419	51.470344	0.23997295	0.615072
2948	4.4429528	0.33006601	0.76498881	5306.6939	93.058072	60.547681	0.12003019	0.39208004
2949	0.12028456	-0.25230182	0.74000548	329.99082	2.690247	1.7872836	-0.019974484	0.011148192
2950	1.0674761	0.84332906	3.0271803	5429.5508	48.946655	23.717868	0.25465519	-0.080796331
2951	3.2096624	0.75696734	2.818669	713.98021	2.9129211	2.3066631	-0.085023798	-0.10003084
2952	2.5273684	-0.38998796	0.86765152	1424.1292	37.275429	26.059843	0.31941835	0.32158696
2953	4.1610716	0.59789983	0.57229653	1798.7236	23.575269	22.772836	-0.53503231	0.62294476
2954	3.5618401	0.3380277	0.60903644	4079.0293	82.158647	31.14071	-0.54163126	-0.59522627
2955	3.3670485	0.9755467	0.5500366	4773.968	68.777657	38.285206	-0.01382041	-0.20403016
2956	3.7901859	0.67220136	1.5186477	612.87618	10.778492	10.17951	-0.00093288108	0.0012959538
2957	1.1689619	-0.24839072	0.98836151	2352.0432	68.443222	65.650759	0.10853505	-0.2102303
2958	2.8933858	-0.72358163	2.5674103	1865.7797	41.455055	22.146949	0.066139849	-0.28801724
2959	4.2450386	0.1578805	0.53792063	1706.8275	23.136038	19.575892	0.25175968	-0.059861967
2960	0.91555365	0.14069836	0.5206599	429.31423	9.006581	7.7145275	0.090806676	0.097782762
2961	3.2203335	1.1816222	0.15246465	225.95549	1.8794191	1.4422531	0.17939918	0.0034799403
2962	0.61894832	-0.35256991	2.6597989	1893.6471	21.862933	10.959406	0.050241499	0.1739715
2963	4.540282	0.030096794	2.5559849	1943.1038	25.234044	18.091452	-0.049604535	0.044311733
2964	1.029599	1.1361497	0.13123585	2740.1255	98.487382	25.991975	0.24473539	0.1626158
2965	2.5510566	-0.37183119	0.60890132	155.54069	3.0860533	1.627937	-0.034233438	0.12105705
2966	1.7145612	0.52584887	2.2863021	975.12523	19.647979	18.03376	-0.13085124	0.20284125
2967	1.8525213	-0.054801325	2.5869233	1767.5961	12.218698	11.849401	0.36106221	-0.71944831
2968	3.8026294	0.47164541	0.19055353	559.78227	7.619077	2.3682751	-0.1903343	0.25070647
2969	1.4178483	0.40057204	2.4869657	689.90578	15.356232	13.434529	0.097115744	-0.56511536
2970	0.52120484	-0.0055302548	2.7213171	3413.0088	76.296425	53.159767	0.083261105	0.099930406
2971	1.1665296	0.15906853	0.97840627	1268.9163	34.742924	31.649402	-0.59365235	0.0030409134
2972	2.3158347	-0.72432992	0.58135358	6215.2985	71.732668	59.77782	0.45013514	-0.37619869
2973	0.25417921	0.8469062	0.59136053	2779.1394	44.428966	34.637286	-0.35559395	0.026206357
2974	2.996554	0.1524845	1.0966346	2995.378	57.049213	22.992964	-0.048757212	0.17682279
2975	0.71287911	0.51613962	0.62193611	3253.9469	36.225254	30.537782	0.22220771	-0.022831545
2976	5.9698746	0.52042812	2.278338	525.92359	2.7531656	2.4537454	-0.017060717	-0.096233655
2977	3.0365537	0.11979584	2.6949387	2097.0885	77.0476	68.834426	0.51902965	-0.011065634
2978	5.2463435	1.0619872	0.67082382	3287.2637	39.871306	22.060146	-0.21160194	-0.4683091
2979	3.229972	-0.54111362	0.3948827	333.47573	1.7070888	1.3169114	-0.012844963	-0.034846803
2980	1.1052495	0.15206662	1.2773455	3056.2511	70.11178	46.875279	0.0038895134	0.51886278
2981	5.6793715	-1.0937095	0.42560323	300.36385	1.481316	1.4057025	-0.023730104	-0.003116345
2982	0.12692526	-0.92535465	1.4064272	308.49278	41.265302	28.103754	-0.23695887	-0.42431855
2983	0.37398334	0.66816452	2.7602768	648.48749	7.8205515	6.944082	-0.041783193	-0.18726306
2984	6.1599071	-0.63943822	0.33550838	396.57541	1.7235037	1.5305576	-0.0054223907	-0.01058722
2985	1.0113102	0.57123434	0.35874534	9262.7583	100.30231	93.728888	0.55794594	0.42921404
2986	2.0000947	0.18337296	0.41914416	1714.2522	62.474885	23.43057	0.025716402	0.0064076983
2987	0.59201369	0.17299869	2.3130403	1464.303	33.279346	15.005129	0.86033314	-0.11554787
2988	1.3522787	-0.10108536	2.6068974	6816.5828	148.28853	102.53565	-0.32555038	0.1183365
2989	5.0589508	0.018050748	2.1646409	1682.9792	60.737385	45.223964	0.095233475	-0.06844792
2990	5.5905414	-0.75090351	0.30424203	1348.784	21.838004	21.103382	0.090016965	0.14765674
2991	4.2998818	0.40020055	0.49319508	760.95072	2.8197747	2.3459317	-0.14053362	0.0012626914
2992	4.6888494	-1.1862241	1.8828389	174.65337	1.3010355	1.1989521	0.34099562	-0.24009012
2993	2.5489172	0.69800139	2.9102168	3765.2826	39.065556	23.526554	-0.18158066	0.44469626
2994	3.647926	1.0898109	1.0239119	1346.9143	36.745461	32.120656	0.039135376	-0.41853936
2995	1.4232236	-0.62736495	2.5986563	1343.0605	12.252982	11.962885	-0.14947066	0.25586771
2996	0.35434054	-0.67048552	0.86000945	478.4557	24.532757	9.4195149	-0.68218516	-0.12923893
2997	2.1121503	0.16057889	2.8781849	1669.6234	28.571298	27.86341	-0.1116948	0.10567078
2998	2.1920035	-0.069431502	2.2209676	837.65823	58.104902	11.865236	0.6949016	0.018794388
2999	2.4934984	-0.71522699	0.87476053	1510.411	54.128118	40.822652	0.054861376	-0.24387128
3000	4.3919694	0.55695686	2.7556482	9327.7078	123.16647	113.81255	-0.2326629	0.79428259
3001	0.35489223	-0.041589413	0.62995759	8835.7348	114.52282	112.67811	-0.66745269	0.36468496
3002	0.40189546	-0.96131225	2.650044	4384.6818	78.815805	70.908867	-0.31937395	-0.18171172
3003	5.6256262	-0.29584026	3.0190096	7891.5714	79.068365	67.039414	0.025348035	0.015995198
3004	1.7262706	-0.37208984	2.0340202	1314.6997	41.165355	35.474309	-0.0067204545	0.018550694
3005	4.9858296	-0.73661299	0.038534771	3814.6588	75.497264	67.653037	-0.19141486	0.00015104361
3006	1.1102586	0.20354361	2.0442379	2792.5251	49.045915	26.744981	0.00735652	-0.37928673
3007	4.3951618	0.12628948	2.5350011	206.76199	2.2079115	2.0042033	0.049339751	0.12980996
3008	2.3784859	0.25351372	0.68841728	102.37193	8.3470844	2.7279884	0.061537899	-0.087803016
3009	4.1285907	0.42518501	0.45626359	6473.1243	28.638246	28.168437	0.38089188	-0.38554897
3010	0.82685198	-0.44526649	2.2415256	1291.4746	45.965216	35.700813	-0.0024463594	-0.021793086
3011	2.9778866	0.3466027	2.9952758	2287.3208	58.895197	40.872621	-0.02202341	0.0068227732
3012	4.8555666	0.40860209	1.9170692	3164.7249	92.699	37.248665	-0.02364457	0.28149896
3013	4.4046205	-0.72823902	0.48934195	5390.0995	71.899292	63.789471	0.10562142	0.21604765
3014	5.5638225	-1.1004412	1.4637706	1739.0411	42.954191	39.080315	-0.81715759	-0.037148549
3015	1.838126	1.0853045	2.8310369	1472.4489	60.231406	59.568562	0.16270363	0.012381014
3016	3.3357897	0.075249147	1.4556894	2128.0149	59.329507	27.072236	0.0036558381	0.13530657
3017	2.1293825	0.83077729	2.9383141	3941.0975	24.249593	15.430816	0.033312158	0.031347031
3018	5.048921	-0.92020986	1.3142665	1353.1392	39.243354	19.958588	0.68908652	0.26231809
3019	5.1788708	0.152351	1.6046907	1968.6153	37.050648	35.31839	-0.0071325996	-0.0054339102
3020	2.2358939	0.42629635	2.8310685	519.96926	38.177907	17.682627	-0.092318669	-0.59639395
3021	1.7326398	0.36117182	1.9213363	771.73456	35.542575	27.430541	0.050759562	-0.59688739
3022	0.19914211	-0.51168294	2.3102224	2092.8818	36.498259	23.269722	0.51813121	-0.16901178
3023	2.3319125	-0.64775425	0.75221028	1215.4515	17.803192	11.819163	-0.16053759	-0.4043225
3024	5.0167188	-0.28361626	2.3374287	1231.913	39.999748	27.238544	0.67466405	-0.029143932
3025	2.7223277	1.5483525	1.0783889	1666.5992	52.609957	34.628892	0.13898446	0.30259249
3026	4.1975356	-0.25226527	2.6771664	297.81449	2.2730105	1.8185374	-0.077975273	0.057860416
3027	5.2881245	-0.40794671	0.95376107	2474.6097	25.344389	16.249514	0.024407617	0.68477367
3028	1.746247	-1.2679228	2.5325628	4309.0584	109.05729	70.24684	-0.13102973	-0.3731668
3029	0.31435895	-0.52526792	2.7716335	1867.7253	36.358307	17.855621	-0.2579837	0.49374053
3030	5.4809295	-0.55210244	1.0218044	1522.7726	37.729702	35.806998	0.5763539	-0.44092038
3031	4.7675572	-0.57685756	0.56139732	2808.5571	39.424418	27.326384	0.16723289	0.29820374
3032	2.8489895	0.81698068	0.56679749	2296.3563	52.553479	43.208525	-0.34381747	0.25231748
3033	2.9173982	-0.40417085	3.1103022	586.63263	1.8312608	1.8190949	-0.043489067	-0.075987074
3034	0.0085396875	0.42782861	0.74618572	1236.5231	19.288183	16.32964	-0.11473863	-0.39269847
3035	1.5617553	-0.25298895	2.3184772	2544.3916	27.742645	27.587997	0.67315562	0.049858869
3036	4.6568435	0.27925298	0.63525913	1348.4159	23.384326	23.043701	0.22958047	0.22629693
3037	1.789546	-0.15037349	2.7962061	3001.9386	29.673679	29.437019	0.431508	-0.28092598
3038	5.5873786	0.67185826	1.5727107	668.64073	27.881932	24.355483	-0.046063273	-0.13719264
3039	3.8326098	-0.94436731	2.0310435	5158.8693	82.683346	48.419185	0.54401487	0.0085920608
3040	5.3786179	-0.014502225	2.7066386	6106.7552	76.482721	62.550762	-0.67625375	-0.15573652
3041	2.6917898	-0.21907744	2.2196378	5571.1244	89.92985	84.348546	0.61211609	-0.035167781
3042	4.0312627	-0.26187985	1.0317867	1320.987	25.650879	16.888004	-0.015631585	-0.035770931
3043	0.010727561	-0.78835748	2.5372298	960.57353	56.134544	22.129716	0.41325307	-0.2961485
3044	6.2253126	0.32441428	1.2876259	1693.7795	57.695995	53.914825	0.55794594	0.42921404
3045	1.4838424	-1.1296369	0.52322795	2956.6667	42.889387	40.171626	0.14129235	0.11762947
3046	0.16871451	0.45081007	1.9120578	119.13736	1.8966111	1.3830181	-0.12116547	0.0043952868
3047	5.7760501	-0.32784678	1.4296711	1068.4036	9.710825	8.6610348	-0.13732637	-0.19367525
3048	3.7317402	0.49333243	2.0732924	148.70293	1.6805654	1.585994	0.23775523	0.085816267
3049	3.5171132	0.26799512	1.270249	2985.2358	107.41968	79.014834	0.056302321	-0.55098844
3050	3.7264908	0.41399392	0.71058126	1619.2812	72.153242	45.756768	0.8164521	-0.10643744
3051	5.2498172	0.072879125	2.1787064	3109.377	60.171252	50.261151	0.10456237	-0.59660349
3052	0.90774744	-0.093933857	0.89213624	131.99874	2.6555306	2.4809528	-0.089513885	0.075335247
3053	5.5456122	0.1601721	2.5492362	6112.4925	56.838713	54.177115	0.04315998	-0.098773643
3054	2.0741383	-0.79075149	2.5709069	1709.7378	24.257883	24.166962	0.075938978	0.29425201
3055	5.5272626	-0.94533089	0.51153143	604.56004	2.6335014	2.3100208	-0.14724811	0.040917693
3056	0.73023024	1.2518211	1.1942399	1923.1258	96.853388	94.246962	-0.13905476	-0.0065048392
3057	3.8396863	-0.96829287	0.48692193	2963.4909	40.935076	38.403565	-0.32733602	-0.10180723
3058	1.8652937	0.67562412	1.9494604	1559.004	64.585176	46.700156	0.29631739	0.69417661
3059	3.6873929	-1.2162497	2.6185365	6392.7538	68.571562	58.830937	-0.18585483	0.0011751521
3060	3.12264	-0.91899854	0.16919561	1349.9602	58.008918	54.545028	-0.399834	-0.48934244
3061	0.72903142	0.4588665	2.5394531	1225.2728	29.784095	18.410875	0.11974438	-0.083360189
3062	4.867667	-0.83861681	2.575569	1673.9768	16.012892	12.19288	0.52747309	-0.20519141
3063	2.6082808	-0.5589386	0.88685241	4727.5164	56.322719	32.609122	-0.25843476	0.71761101
3064	4.2066602	-0.25709757	0.9748086	2022.0923	68.498523	26.441099	0.4026368	-0.22339829
3065	3.4723771	0.10472313	2.8357283	3061.2179	26.866168	22.513304	-0.32066766	0.49704003
3066	2.1937517	-0.58789443	2.8355172	5912.1672	62.318901	55.581188	-0.044102831	0.087662979
3067	3.0177989	0.97628152	2.4513293	5505.5209	111.82918	102.88172	0.40930697	-0.090253965
3068	3.7367399	-0.84469235	2.7380827	1060.2623	31.3988	28.530909	0.13374893	-0.56843929
3069	2.6939154	-0.81417743	0.3514952	3359.6767	54.566074	41.590245	-0.40564747	-0.11979912
3070	1.9315632	-0.46626489	1.632007	79.365419	2.6079244	1.5287589	0.24123653	-0.13579364
3071	3.7069246	-0.57844839	0.48548426	1643.0532	18.228756	9.431545	-0.026607479	0.45183521
3072	2.6820293	-0.04252856	1.8656274	1446.3049	60.577789	41.917862	-0.51495714	0.0052338887
3073	1.9672897	-0.77466629	0.75885999	1806.2076	63.170037	40.364656	0.33881834	-0.21302709
3074	1.0316371	-0.45272874	2.5611944	5742.0274	47.014581	45.51677	0.0057243016	0.30598667
3075	2.7198321	-0.74733088	1.3835898	725.65681	29.368172	18.781983	-0.447916	-0.4236931
3076	4.4676419	0.74155163	0.54204222	300.26359	1.8137968	1.4922798	0.0032195671	0.014392341
3077	5.5242707	0.046106001	2.6943221	866.29806	11.495276	9.5512915	0.06868524	-0.37377226
3078	2.2812744	-0.72291721	2.2564197	3437.8816	84.084136	55.634886	0.21051918	0.18298879
3079	2.982169	0.73993563	0.29572806	5220.5307	88.283879	67.001405	-0.0072758016	0.092472758
3080	3.3274644	-0.12063113	0.51675618	2382.7359	36.851186	25.226096	-0.9705695	-0.022085868
3081	3.4018203	-0.78604786	1.7733804	771.57264	23.218702	13.743075	-0.13596492	-0.21296293
3082	5.9177763	0.55987768	1.7264297	1034.2665	27.54668	20.632368	0.10534391	-0.26043439
3083	3.3770873	0.017869213	1.4833147	3053.3129	66.156045	26.77469	0.079246014	0.036237238
3084	3.4547307	-1.5204451	1.2837833	473.71093	41.359139	37.541497	0.24721369	0.028243584
3085	1.2631596	-0.31869381	0.62889233	1839.3908	41.695613	28.276038	0.27098758	-0.23939775
3086	4.3252819	1.1667785	1.7339237	3854.7808	75.032809	69.431342	-0.2540939	-0.32593793
3087	2.2125902	0.35259104	1.4407947	2060.2598	52.404147	48.546636	0.03041851	-0.020160862
3088	0.038321677	1.0469616	2.737101	2063.1063	13.685046	12.11038	0.72647609	-0.055387409
3089	6.1175053	-0.36341957	0.40469147	4135.6653	66.390793	45.516984	-0.0040937093	-0.39029025
3090	0.39794747	0.054532884	2.2994393	2178.1666	68.212462	19.198398	0.24893854	0.15666802
3091	2.3654991	0.1062174	2.1287841	161.6555	2.1862345	1.5021881	-0.11071771	-0.046343811
3092	4.5430402	0.069447318	2.831281	5318.0424	84.825022	67.345666	0.37263963	-0.13243273
3093	4.338869	-0.78231051	0.99183565	2703.276	56.456289	42.330419	-0.19863826	0.42611923
3094	1.4768427	0.38055101	2.2332122	1759.2492	47.46839	37.477284	-0.72213496	-0.47344788
3095	0.91462905	-0.76316301	0.34691258	1851.1345	47.048976	40.72713	0.20657273	-0.25284244
3096	1.8287074	0.10769584	0.81046511	2871.0311	23.632369	21.551769	0.29413116	0.01060919
3097	4.4529192	0.57937195	1.9587894	301.71484	2.0337194	1.3678709	0.11750113	0.010012347
3098	1.4464351	-0.92270286	2.6111923	320.6756	2.6429893	2.1267076	-0.079178887	0.10496636
3099	2.7290092	0.76915867	1.3231971	990.67061	24.856271	12.920493	0.79379017	-0.5901387
3100	2.6842422	-1.3061763	2.3788044	1745.7779	45.208577	24.589564	0.2457603	-0.40225022
3101	5.8357005	-0.43497982	2.8663694	5707.1411	62.051539	53.268597	-0.21759484	0.0091178328
3102	0.30826153	-0.53688645	3.0321268	2792.4478	23.275689	19.439673	-0.092968737	0.27280582
3103	3.3321384	0.21138671	1.0114114	1266.2517	44.809926	44.807139	0.071725865	0.26184624
3104	0.96883836	0.47613805	0.28962223	3829.9575	89.495494	59.158488	0.042148159	0.022152973
3105	4.0957244	-0.23597512	0.75502468	3049.9997	49.88958	37.393812	-0.034799799	0.0078333601
3106	1.2556446	-0.70044576	2.1049438	2956.0615	49.973722	42.774927	-0.049279758	0.020005015
3107	1.2349547	-0.095534458	2.3725664	1317.2212	22.866969	20.248116	0.45411645	0.02429958
3108	0.8330509	0.63418145	2.3353022	5667.2512	61.253612	46.202365	0.042448321	0.19504937
3109	0.039670203	-0.12636832	2.9994516	2036.3555	55.923934	42.876425	-0.54681478	0.010415173
3110	3.1438805	0.44593483	1.1580866	554.82059	13.206065	13.107708	-0.15402336	-0.0054980746
3111	4.0546839	0.049555388	0.64229742	5955.0876	62.59981	61.681538	-0.28142218	-0.027562377
3112	1.2761662	0.49810287	2.4864597	3265.9558	61.79158	51.001735	0.71737632	-0.011254872
3113	2.4990223	-1.4092069	0.95609435	144.90387	2.4665376	1.8329264	0.034239053	0.014698028
3114	0.74085384	-0.98439703	3.0122918	2897.5556	52.678717	44.930697	0.16878312	0.20361914
3115	1.6970604	-0.52109122	2.485849	1160.7233	8.3948688	3.216896	-0.23701804	-0.34270666
3116	0.31089411	0.81831012	2.0301026	544.75682	21.905232	18.598944	-0.27933242	-0.15940969
3117	2.9155077	-0.80915966	1.388866	5256.6224	130.55002	122.51583	0.26426587	0.03493469
3118	4.539576	-1.0000836	1.6456088	215.1975	7.0010088	1.1457782	-0.18520644	-0.15190376
3119	2.4815299	0.83191378	0.64047834	4664.604	79.172651	47.42179	0.057807256	0.37839314
3120	2.0585264	-0.063671668	0.28255121	3863.7891	48.18108	19.006993	0.51876066	-0.0026064928
3121	3.6656858	-0.025436931	2.697223	2906.2894	19.131511	18.617828	0.59117804	-0.017739583
3122	5.2761339	0.31467119	0.90167524	3464.7387	42.249555	27.137889	0.66322488	0.12656614
3123	4.9450263	-0.83502483	0.93882772	635.841	15.323771	14.147565	0.15995188	-0.018130982
3124	3.4954209	0.093729958	0.98748916	56.419432	2.3935206	2.2228304	-0.0084735566	0.10442793
3125	2.4154406	0.41153168	2.9188827	8707.068	62.701711	61.661348	0.40777458	0.078867677
3126	0.85084779	1.1384773	1.3646976	1166.3426	43.227323	35.181922	0.060605356	-0.7659714
3127	5.6837901	0.86276841	1.0909049	1351.7666	25.869318	12.560258	-0.28371376	0.23377803
3128	4.1686651	-0.35754995	0.45956954	2688.469	28.970223	28.448276	-0.033443013	0.40591861
3129	1.6623764	-0.35992481	0.85400967	2875.966	69.597817	29.188114	0.24547711	-0.28754077
3130	0.56765211	0.40953837	2.3539458	2667.8606	76.592752	71.89611	0.06895941	0.017225104
3131	3.2528342	-0.99121176	2.683848	3848.4207	108.30497	68.441841	-0.56107104	0.14884241
3132	1.3138026	0.014408374	0.72847529	868.97338	15.386757	13.681767	0.44535045	-0.078757969
3133	2.134552	-0.41035431	0.4179976	3876.7648	66.348963	34.739603	-0.010246901	-0.052898379
3134	3.9032352	0.24173203	0.78444483	1130.2678	22.657315	15.243831	-0.0015310539	0.43234697
3135	2.1137093	0.58579413	2.4202324	264.17599	2.1456083	1.9966819	-0.034339119	0.010696655
3136	5.1798823	0.490185	2.3364326	240.94612	19.90911	13.13984	-0.17499324	-0.047489982
3137	0.92088574	0.53883783	2.5490138	894.57176	7.122089	2.3394265	-0.083912351	-0.052626618
3138	4.6748796	1.0442543	2.6725336	2524.202	46.09467	8.6469857	0.21875247	0.014244879
3139	3.4675842	0.6296075	3.0607525	2357.5634	26.132393	24.002647	0.64976815	0.014486457
3140	2.2639117	-0.23908486	2.6177922	2539.1916	54.560125	36.746466	0.0015865277	-0.1575309
3141	4.0355752	-0.45265451	0.1469732	629.1146	13.507909	9.2920816	-0.3535819	-0.67429874
3142	0.96720705	0.1735352	0.99376655	950.60411	81.333919	34.924842	-0.091320885	-0.74031541
3143	0.43656238	0.95555674	2.6742428	367.6504	43.865512	31.573875	-0.62315158	0.027383425
3144	2.9987407	0.7588112	2.4011118	1515.0957	19.609262	13.316811	0.11041789	-0.047736241
3145	1.4971392	0.13368182	2.786823	1443.9145	27.628756	21.883012	-0.028252212	0.21385332
3146	5.8238003	-1.1795583	2.298664	1710.8813	22.891856	22.115239	0.22290837	-0.090965492
3147	3.2754776	0.84275776	0.68617364	1514.0374	17.993316	16.899089	0.11929946	0.22519815
3148	6.1465032	0.28722252	0.53471116	945.8678	14.01275	13.496465	0.011601133	0.44552959
3149	4.572333	-0.17090385	2.6539057	722.04874	23.772513	9.7251162	0.0036120799	-0.26016378
3150	1.6434006	1.2377045	2.7554168	2063.2583	13.808014	12.981876	0.81683626	-0.0064502152
3151	6.2289951	-0.68606491	1.455176	990.33119	29.36998	11.649613	0.0558177	-0.86921551
3152	0.13246352	-0.67461142	1.7560972	939.61124	52.390243	19.526949	0.40607668	0.41343857
3153	2.1644362	-0.64686721	2.4790161	1225.0001	13.474627	7.9951769	-0.27107744	0.071994152
3154	1.6923398	-0.53089244	0.68931842	1620.6421	29.830471	14.621125	-0.03796026	0.19779404
3155	4.5968992	-0.017916293	0.59368934	2899.0836	38.283036	35.119369	0.35784151	0.26535832
3156	4.5652855	-0.60796605	1.5533124	3052.6509	52.721622	42.521008	0.17918091	-0.023133761
3157	1.6022293	1.2822035	2.0334754	1998.2614	39.180182	20.725305	0.019092414	0.019796209
3158	1.1172986	0.54185591	1.9924439	3115.6387	83.327141	66.795647	0.8302312	0.40397659
3159	5.6324961	-0.25254006	2.0357902	713.88705	14.585005	14.449782	0.11225457	-0.068222926
3160	1.8344725	0.038390925	2.086372	1016.724	14.915696	13.764538	0.271589	-0.13308163
3161	4.9408212	0.93126992	0.63122757	347.98102	2.4460625	2.2399293	-0.043594693	0.20508722
3162	3.5473775	1.3066932	0.38800289	3270.4651	28.773278	28.052359	0.052755135	0.0061118885
3163	3.600614	-0.038317425	0.35014378	2269.0396	40.533431	35.157103	-0.37324299	-0.81078922
3164	1.5847567	-0.91446353	0.58686528	1819.3585	25.974837	21.141544	0.40235725	0.0064218199
3165	1.7360414	0.46478467	0.27263771	1088.5897	29.338363	16.593491	-0.1480778	0.0045054449
3166	1.9071321	-0.39072988	0.99891393	631.78407	33.079275	18.07383	0.082882929	0.052718976
3167	2.9432016	-0.62536241	1.8606366	1147.024	63.401239	21.754095	-0.065982559	-0.20114259
3168	3.174896	0.83519614	1.120812	2107.8783	33.939427	27.437948	0.62707312	-0.18341732
3169	3.8729977	-0.12766785	1.0025772	1674.0415	29.543175	17.556547	0.028227332	0.10432097
3170	4.2985317	0.97105104	0.77327196	1007.9337	14.960254	14.003278	0.28563785	-0.57514927
3171	6.0259483	-0.17841777	0.56097693	7364.3265	112.81458	107.46124	-0.20504111	0.021409044
3172	3.1440324	-0.30935365	0.37171474	2052.9838	26.685048	25.414549	-0.35775138	0.61226202
3173	4.8873767	-0.77203889	2.7673	4229.2211	55.946232	54.452671	0.034692428	0.13237134
3174	2.3441856	0.97340873	2.5324493	1015.4308	17.082934	15.527081	0.011982124	-0.11034235
3175	0.058507117	-0.88723248	2.3497412	3102.3835	47.249184	46.797109	0.01380096	-0.33574717
3176	2.4871665	0.056670743	1.2121105	989.79438	42.698169	31.13348	0.45763379	0.037509847
3177	1.5926825	-0.35353597	2.0305234	628.90431	9.1361331	6.8530002	-0.080393069	-0.021564522
3178	2.9274442	0.63870463	2.3549963	1539.2786	15.094225	10.744219	-0.80444415	0.63065544
3179	5.7228475	-0.97962187	2.7280681	4645.7908	87.743124	86.665741	0.29711972	-0.080695466
3180	2.150127	-0.14716472	2.137025	1140.4858	36.068786	27.993634	0.22045486	0.058864262
3181	5.9829057	-0.84797849	2.5715195	1278.0002	20.228823	17.895529	0.027058173	0.050929038
3182	3.2202545	0.50980015	0.87716153	223.38103	1.3586887	1.2333148	0.051162554	0.17080018
3183	2.1691059	0.05535635	0.55965475	1650.558	34.688783	22.68127	-0.22947906	-0.43465679
3184	2.1940194	0.58859658	1.416251	1440.6655	33.39292	23.198325	-0.2592584	-0.18049638
3185	1.16585	-0.59078712	2.9357135	1546.8054	30.157371	17.309072	-0.023460161	0.20214164
3186	3.0525567	1.0034372	0.49296806	202.72757	2.1136012	1.6074934	-0.026962782	0.017853355
3187	3.8419717	-0.81459125	2.7880516	7238.4679	112.61029	70.371899	0.077090704	0.015180022
3188	2.7860165	-1.1235125	0.30670718	3216.0082	31.039047	28.44871	-0.12124373	-0.16182126
3189	6.2395945	0.48773509	1.6991129	1243.6362	40.739604	37.876566	-0.68045253	0.57340898
3190	5.940345	0.54206325	0.66418679	3424.1321	56.809289	40.411482	-0.12172936	0.49411229
3191	2.298828	0.45762185	0.98336847	486.81305	33.624156	31.649445	0.1581903	0.0076383588
3192	4.6524923	-1.3022816	0.85944179	880.14805	40.471728	36.938973	0.16778261	-0.80667621
3193	6.0867909	-1.0355262	0.31317909	2436.8692	28.692177	9.0796704	-0.31346681	0.66565792
3194	2.3558659	-0.70164081	1.8325516	150.99737	31.133711	25.27253	-0.21447175	-0.66930685
3195	1.0215053	0.96762022	1.7795216	4703.0545	84.574715	81.608766	-0.080363992	-0.063657712
3196	4.1984202	0.02919769	2.4428553	777.72646	13.086157	9.7303659	-0.24795221	-0.3075415
3197	5.9347926	-1.2810582	2.2088649	3722.909	78.633846	58.399797	0.31003693	0.2614918
3198	3.9249218	1.4944141	1.8922257	2104.7018	67.021094	56.412326	0.14705954	0.0088885177
3199	2.5716555	1.043623	2.9492426	6486.3031	94.298738	76.392339	0.048193137	-0.25352483
3200	2.9071653	1.3493461	0.67194253	1516.5078	25.096417	22.772915	-0.51127156	-0.228784
3201	3.4257703	-0.49219593	2.9165948	1129.1521	10.380459	9.0735553	-0.11768348	-0.2869164
3202	1.499529	-0.91417394	0.79999859	2519.4241	50.639551	27.77004	-0.75376474	-0.11533929
3203	2.6929584	0.25531267	2.6046626	287.51467	1.4963568	1.4416427	-0.30671003	-0.030413118
3204	1.0320832	-1.2586592	1.7618077	3573.7898	63.85088	43.888132	-0.16588671	-0.0042196169
3205	3.2754593	0.99765515	2.0459393	2468.2254	35.779689	34.717495	0.22112138	-0.59630955
3206	4.2682005	-0.10442567	0.42046966	1949.4788	38.686527	17.010698	0.084166682	-0.0043016338
3207	1.2531222	0.23891202	1.066272	3314.2569	29.540926	26.643175	-0.015733343	0.14775049
3208	4.1214438	-1.0927131	0.91681387	2965.9898	52.880478	34.824084	-0.057587596	0.31865526
3209	3.4331239	-0.43651765	1.2204613	1160.4191	34.803119	21.26403	-0.0071450897	0.29166995
3210	4.0649818	-1.2473176	3.0086924	3194.5375	46.395864	44.123877	0.171195	-1.1109597e-05
3211	3.4999359	-0.70467088	2.7968936	2756.6294	23.949913	17.670997	-0.15612937	-0.015704846
3212	1.6565789	0.48621755	0.80332118	2859.5954	45.453706	24.501129	0.20313074	0.43457912
3213	1.2953936	-0.53935541	0.96877794	1717.1254	29.992082	15.828774	-0.0056055425	-0.41936563
3214	3.4782508	-0.92974207	1.2364521	1107.6097	31.017438	26.804924	0.66942755	0.21465622
3215	5.6925647	-0.84877852	0.59173425	4484.3125	119.19673	85.803673	-0.040716296	-0.10995593
3216	3.4496905	0.10381293	0.94971625	574.54977	46.911728	32.370895	-0.078990735	0.0088659286
3217	4.5636755	0.8794169	3.0996114	2428.1951	25.34017	22.058715	-0.13742558	0.40086887
3218	1.6850573	0.22753151	2.5193665	1383.6804	10.995287	10.711339	-0.47826091	-0.091842705
3219	0.82188411	0.57203947	1.2881567	394.38421	20.79069	18.672395	0.49274235	0.11370163
3220	4.4005876	1.339807	2.4273776	5095.4743	76.597667	65.467061	-0.19059461	-0.57508997
3221	1.1528462	1.0906881	2.1435866	1799.3669	42.719372	31.319787	0.071827806	0.010722647
3222	2.7128418	-0.030288668	1.1994592	3718.4282	112.09141	105.03026	-0.11583587	0.10212026
3223	5.4218415	1.3718308	2.2173137	1073.4401	68.115776	42.916081	-0.081620913	-0.11201275
3224	4.2214981	-0.29992648	2.4483967	788.78258	14.698449	12.264581	-0.10461275	0.26159231
3225	2.7677979	0.31768583	0.83932367	3241.7148	59.727072	59.717933	0.15929693	0.095618638
3226	6.2087825	0.32111415	2.2949016	4716.0997	81.377487	26.40166	0.41025126	-0.17808382
3227	1.8456801	-0.38658843	1.9414639	2316.3463	57.113763	44.926783	0.42692105	0.42464775
3228	3.9916004	0.783943	0.79750379	2450.439	48.010473	43.406951	0.011020464	-0.090573854
3229	4.9936315	-0.84156054	0.8235225	1209.0622	31.170792	24.519098	-0.086567972	-0.066017372
3230	1.9741789	0.35921076	2.2285184	192.03417	2.1524426	1.3982879	-0.083596653	0.087907792
3231	3.1861112	-0.71798319	2.2283086	2306.8484	34.306115	33.718045	-0.85468039	0.18352169
3232	5.6481464	-0.89661824	0.29701212	6772.5278	62.861269	56.154074	0.030387263	-0.36021506
3233	3.1560534	-0.29519359	2.3475949	3471.3697	77.352743	41.471012	-0.15427588	0.1954762
3234	3.889126	0.079022893	2.1895803	587.28851	27.641992	18.238568	0.36737906	-0.97084504
3235	5.2284393	0.35516729	2.3644063	2945.9371	72.501928	38.490832	0.25912612	-0.45089548
3236	0.31570393	1.0702736	2.03781	2669.0256	96.526484	48.850647	0.71623476	-0.41986896
3237	0.20552296	-0.19852949	0.14192989	1228.3447	51.744179	37.388418	0.075005839	0.27698949
3238	3.7307022	-0.20156936	0.43884189	2549.8282	58.051599	27.531437	0.51084321	-0.28017841
3239	0.66022731	-0.36450231	2.815911	4004.8897	52.264667	48.363835	0.38248564	0.0040612268
3240	2.2679035	0.27027784	3.0746811	2765.244	31.430524	18.000826	0.56310229	-0.28792851
3241	2.8028958	1.2497319	2.6654446	428.33685	2.5809566	2.5797934	0.3658416	0.00029982862
3242	5.3415175	0.97711074	0.69878625	907.73662	20.011991	15.020472	-0.53443368	-0.1747702
3243	1.0509788	0.78075748	1.2108532	938.63999	48.214325	43.240602	-0.052669439	-0.027900609
3244	3.3905993	0.68507224	2.6231829	422.35639	1.6851825	1.6168722	0.033351756	0.17878781
3245	5.1549111	0.61394198	1.23412	1575.9356	74.509082	49.690301	0.042520203	-0.25563802
3246	5.0261576	-0.29184037	0.46359758	395.3231	2.7859885	1.4427989	-0.21178862	0.025258994
3247	0.67197185	0.7371954	2.7066147	2161.9813	25.241415	22.135285	-0.64777124	-0.7973427
3248	2.3006122	0.74031918	2.2218989	2719.0219	58.515582	54.289096	0.042471697	-0.11043345
3249	3.2861919	-0.60451976	0.27717596	4408.5785	92.885266	50.95839	0.090345351	0.20283102
3250	3.425955	0.90026505	3.0607674	1176.7196	33.170614	11.427135	0.12656075	-0.18994935
3251	0.67556777	-0.60865156	2.7928757	3546.4431	32.357386	29.542018	-0.10938158	0.5642525
3252	3.4607832	1.2846585	0.70666097	6539.6821	116.51293	67.747805	0.24657604	0.048928116
3253	2.2820748	-0.47187644	0.52117802	767.83295	11.246852	7.8653172	0.49995689	0.92688507
3254	3.9362829	0.8241682	2.395128	1288.744	32.728823	20.524436	-0.4717248	0.073203315
3255	1.3806061	-0.33367272	2.2605897	1292.6107	12.561901	10.193951	-0.013483113	0.068329154
3256	2.7423468	0.89675995	0.38479497	1745.3442	15.102309	13.448446	-0.26136912	0.29435667
3257	5.3285135	0.57102248	0.444263	1775.2761	21.610124	19.634296	0.2224022	0.22154434
3258	0.0074217694	0.16467606	0.3687851	598.03102	32.080351	18.297437	0.22370091	-0.32641441
3259	0.97731683	0.016173351	0.81618136	5982.4035	72.227923	41.633902	0.39885494	-0.25310602
3260	5.6492186	-0.87840671	2.2420248	7666.1111	49.879845	41.150646	-0.10939705	0.44488266
3261	3.9402536	0.12478135	2.3977252	1968.4718	40.007234	25.652539	-0.095632931	-0.0075282443
3262	0.52741976	0.7989498	0.944584	3738.342	36.782507	31.226784	0.078046585	-0.31367801
3263	2.4635028	1.4739321	0.12201702	5817.3734	92.080661	61.455363	-0.12235036	0.033298171
3264	5.7575663	-0.038186759	2.7074741	6392.6005	64.961867	64.875062	-0.27824779	0.082426967
3265	0.036063668	0.43689477	1.1663152	2637.8487	75.365532	44.809455	-0.00031271441	0.24235494
3266	4.5039881	1.2099784	1.1148774	1058.5178	11.59864	8.2436423	0.40021384	0.19189696
3267	6.0014958	-0.57773785	2.0625463	590.6554	1.6429088	1.6379769	0.17999696	-0.028695627
3268	2.222374	-0.071969754	3.0038437	2701.3109	96.356943	63.124677	-0.62881901	-0.62948168
3269	5.7138281	0.18692021	2.1099221	1366.7349	13.465773	8.6330059	-0.3139941	0.13328005
3270	5.9145292	-0.34750524	0.22840047	737.5032	21.914063	14.612569	-0.15649757	0.29935486
3271	5.1735177	-0.76446008	2.3961117	2831.4629	32.381991	31.709965	0.1792821	-0.50189423
3272	6.1015709	-0.72288118	2.1674954	1175.7436	52.325531	31.23062	-0.20621238	0.21790601
3273	1.9065745	0.48549267	2.5668554	4769.1835	81.656568	63.957543	0.12100347	0.27399106
3274	0.4532823	0.66414172	2.2123242	310.72454	2.5007947	1.5362681	0.14861155	0.096581879
3275	1.5233007	-0.61985886	0.36726896	2261.9402	31.442016	15.298624	0.68635569	0.58727512
3276	2.4517796	0.48241507	0.73206521	1818.499	51.68224	23.453769	-0.28122571	0.079682695
3277	1.9280234	0.5966573	2.1162566	603.17867	10.841118	7.6532977	-0.02250425	0.087217721
3278	3.2086975	-0.47200237	2.8463412	1408.504	32.902807	25.390822	-0.35420899	-0.04338064
3279	0.11046231	0.73071774	2.7189561	1969.4033	39.851633	21.181905	-0.041853131	-0.53111884
3280	4.9035073	0.65300744	0.4477821	1830.709	36.015511	21.543309	-0.25717905	-0.17659301
3281	1.2264834	0.65949711	2.8259268	856.07187	20.292887	15.282349	-0.077913725	0.33549804
3282	2.4346787	0.29948983	0.86879587	3508.0187	112.6218	82.841368	0.056302321	-0.55098844
3283	3.4661303	-0.95995313	2.4825927	2699.9462	23.986951	23.861327	0.045557754	-0.24554538
3284	5.6100457	-0.73716075	1.0435281	1739.4378	38.909048	25.803567	-0.60032417	0.31556067
3285	1.7479472	-0.80507016	2.8831222	1344.8125	9.3519928	7.7413758	-0.35649949	-0.096898414
3286	3.7916611	-1.3827347	1.8180965	965.36785	62.065695	28.975105	0.19091991	0.18559355
3287	1.4516695	-0.40528581	0.27949517	7884.8724	63.32538	61.155075	-0.027465043	0.044175864
3288	2.0872831	-0.30361843	2.8842341	775.36798	8.7916548	7.7039143	0.47408079	0.13245542
3289	3.112328	-0.0097110771	2.1139566	2576.7547	36.883436	24.36799	-0.0048374001	0.4605824
3290	5.5493626	0.42743489	1.0709333	748.78563	12.390813	9.138159	-0.045200686	-0.10570242
3291	1.2158295	0.88486974	0.37470737	6710.5173	109.22899	84.073498	-0.052885043	0.37723123
3292	0.26471671	-0.58824949	2.5246909	167.33281	2.2913057	1.5272155	-0.014136199	-0.042752299
3293	2.4329787	-0.59071085	1.3373469	943.81138	56.704095	13.265644	0.39705616	0.26629682
3294	6.0650579	-0.80271019	2.7061669	832.84171	21.882012	19.444865	-0.37890049	0.47985649
3295	5.0657143	-0.28484577	2.8145789	2271.3536	58.859217	50.157481	-0.08204643	-0.45284201
3296	1.5363482	-0.51287152	2.4756015	6327.1862	75.696543	56.428135	0.0065970667	-0.44936203
3297	5.2802203	0.15222277	2.3223707	5717.1384	137.55835	89.367872	0.27488678	0.040514505
3298	3.4814032	0.61681576	0.57330906	366.94596	2.6568181	1.3740138	0.076072349	-0.061863059
3299	2.5599826	0.20624608	1.1997083	171.4861	2.6906033	2.4477529	-0.44376535	0.0041899529
3300	0.61866378	-0.10389867	2.1814645	1763.5878	58.167134	40.280466	0.64535689	0.43069643
3301	0.70956687	1.206029	1.6315693	1268.2396	66.624464	31.476141	0.92917569	-0.59259184
3302	5.8646275	0.7462645	2.6593285	3321.6258	36.809231	34.595291	0.12964732	-0.60900252
3303	3.097991	0.51390311	2.1115908	2990.222	51.995325	28.653144	0.39862446	-0.61908492
3304	5.6281057	0.49856681	2.3069122	1145.5426	21.384031	11.561901	0.091820956	-0.25643815
3305	4.7898172	-1.3431474	1.7645473	2441.8548	35.308884	24.504627	-0.16649607	-0.16323112
3306	1.5404515	-0.92160332	2.6813104	1878.4873	32.208266	17.500155	-0.92610503	0.12543018
3307	6.2357337	-0.47563331	2.0140115	641.83402	12.014351	10.340366	-0.77011046	-0.06893732
3308	1.666247	-0.35809245	2.5106083	1422.8598	13.76668	13.326098	-0.055303502	-0.046943672
3309	4.0569295	-1.1339708	0.53949028	2668.1747	66.840787	46.782409	-0.78234034	-0.38773296
3310	1.4257877	0.79342125	2.2834774	619.6962	6.8486087	3.2212581	0.0096084588	0.65491267
3311	3.9080367	-0.99538477	0.076756665	254.712	1.9653691	1.5068999	-0.069730057	-0.010770311
3312	0.1121596	1.089976	2.1868957	1193.2716	8.8885991	8.6155468	0.47174096	0.3837107
3313	1.9815257	0.4147772	0.48754433	2020.9366	17.10376	11.043159	0.10472799	-0.10546984
3314	0.96281816	0.82638898	2.2158033	5218.2151	70.062192	51.853211	-0.26724651	-0.019632447
3315	0.51351237	-0.1307834	0.81882424	1504.5401	56.690608	51.821046	-0.18953378	-0.055715044
3316	2.6443424	-1.0927614	2.4537812	720.25413	31.399973	28.192882	0.16670376	0.25107463
3317	0.13096961	-0.24510136	0.46250582	1847.606	34.107777	12.970934	0.031667985	0.030103066
3318	3.7780298	-0.32770858	0.39089915	698.47873	8.1291924	8.0764178	-0.022843491	-0.19054771
3319	1.9145923	-0.1689601	0.49677682	1168.9411	54.100673	25.27551	0.055507865	0.084646996
3320	1.264979	-0.54844324	1.1072535	2769.2005	46.567675	40.1564	0.12696853	0.073933129
3321	6.0410719	0.49696838	0.46757919	1365.5673	10.498397	2.2359177	0.58237768	0.30117272
3322	0.62183324	-0.9323011	2.451826	1701.33	16.204519	10.14384	-0.27297176	-0.65972199
3323	5.479658	-0.40508634	0.76280119	900.61886	31.799823	25.156858	-0.019529792	0.75789197
3324	0.45742439	0.56391056	2.959954	2799.8372	30.812025	16.016343	0.79379017	-0.5901387
3325	2.6560224	-0.86398164	0.82352172	2315.2175	25.573666	24.048663	0.0016016474	0.061278218
3326	5.3604085	1.1118897	0.76175951	484.76285	31.436025	30.099308	0.59608027	0.3907014
3327	1.7132232	-0.24307686	2.5558109	4498.0879	71.398973	52.221174	0.073430248	-0.24141713
3328	5.7102018	-0.11673967	2.4794226	808.54175	51.276962	16.66132	0.71061617	-0.10079029
3329	0.71039007	0.50974891	0.91218748	721.47002	55.238726	25.121291	0.72206859	-0.13146043
3330	2.8133462	0.28826475	2.031614	1866.4618	21.171312	20.494433	0.098427188	-0.3903919
3331	3.5709763	1.4171729	0.27900264	9837.0826	91.582671	87.417716	0.66173212	0.27468481
3332	1.7980421	0.78299995	0.06913186	466.61077	16.782399	10.424126	0.058178436	0.50620784
3333	0.31970007	0.95997587	0.3941828	3313.4613	92.951381	31.881999	0.50872674	0.0095924304
3334	5.0036323	-0.30081296	0.099035055	405.4023	2.2471238	1.5225879	0.22843771	-0.017964802
3335	5.6808551	-0.60246872	0.70095329	1117.1944	58.922169	27.969146	-0.15070863	-0.52587638
3336	3.6578928	-0.11040455	0.47331293	2058.1871	26.472751	16.689736	0.055585725	-0.0011972546
3337	3.596193	-0.70101027	2.5111561	1866.9322	54.272534	19.671169	-0.95969245	0.39689935
3338	2.5810853	-0.046731977	0.73628504	1694.0704	23.648729	15.665059	0.13914362	0.3891475
3339	3.8291956	-1.2561028	1.2152661	3730.3931	67.534216	61.95743	-0.11300348	0.014552423
3340	4.2323054	1.1010487	0.38701815	6514.8137	52.88382	40.148337	0.015488433	-0.23359141
3341	5.8795599	-0.68680363	0.72928788	612.43052	10.134968	6.8962914	0.76456134	0.67560366
3342	2.4006855	0.62164632	2.7658462	4134.8809	56.933694	41.472204	-0.27340724	-0.29019362
3343	5.823544	0.96829259	2.3736535	1383.769	27.552874	18.876289	0.90367787	-0.36787592
3344	4.9555818	-0.84227865	1.5499997	2786.0202	59.627002	40.102388	-0.2034745	-0.50190965
3345	3.9765742	-1.0430506	2.4964119	2445.6815	23.774911	19.340118	0.36085771	0.60568324
3346	3.7816534	-0.91800863	0.20510627	1372.336	35.38637	34.833701	-0.4365098	-0.1758613
3347	5.5631423	1.0972765	2.4511231	3199.0837	40.732554	26.944159	-0.51082592	0.18429989
3348	4.3826952	0.18413137	0.24301948	1145.8186	14.618596	9.7597395	0.022183219	-0.57833627
3349	3.7506527	0.18350866	2.3532031	1743.9143	30.155753	21.918815	-0.0012134094	0.10720741
3350	0.23100971	-0.60388802	1.8782091	526.02625	32.975902	30.019491	0.42190685	0.034148352
3351	5.1560021	0.48120173	2.4048713	2940.452	86.203976	69.227521	0.32874086	0.12465379
3352	3.2245246	-0.14704399	3.0027375	2956.0475	32.106451	21.229009	0.16566087	-0.20192732
3353	4.7978067	-0.52989783	1.1029302	1015.6657	8.760112	7.4059402	0.32996147	0.29492205
3354	4.245732	-0.043039769	2.5684063	2010.5684	34.166343	29.691407	-0.06652921	0.31579939
3355	3.2140959	-1.0010052	2.755148	6311.5076	58.023771	52.174816	0.051649145	-0.27945699
3356	4.2623397	-0.78682361	0.35270332	5389.0543	79.188376	55.149539	-0.18813293	0.013895168
3357	1.2151084	0.24639683	0.56016814	547.83988	43.416842	32.214065	0.36062506	0.068577054
3358	0.73118392	-1.1287884	0.92771238	2325.379	52.592835	37.535666	0.044489407	-0.50313299
3359	3.821342	0.036500057	0.11254388	6610.1979	43.556103	39.228382	0.46687189	0.1353682
3360	0.78891674	0.60236777	1.6372481	1281.8086	53.361568	23.085258	0.3570751	-0.13458314
3361	3.3324168	0.52796778	2.9823036	4812.5918	45.900267	17.662292	0.44058091	0.0045521288
3362	5.4636732	-1.0435284	2.3561078	343.98268	7.4113064	1.9379432	0.19469687	-0.11360336
3363	2.126033	-0.98850731	0.21780903	4034.9863	88.670127	32.411393	0.37552448	0.39697801
3364	0.69958241	0.84860257	2.1748166	1338.9197	24.680617	20.535214	0.086044449	-0.98572022
3365	3.0965465	0.086618797	0.84850286	677.16308	8.873503	8.4829131	-0.11637078	-0.099758494
3366	0.37520687	0.9072266	0.25871291	2807.7944	45.372043	31.606584	0.33606368	0.49279504
3367	5.704085	0.97051847	0.43489791	5834.3845	72.309047	66.833442	0.57603784	0.24962755
3368	1.8469168	-1.297854	1.4622052	1407.6466	38.553547	27.556509	0.29687671	0.16184151
3369	1.1115944	0.84636517	2.0788238	1093.2567	59.623921	12.548283	0.043434851	0.07237138
3370	2.248567	1.515814	2.5445562	2204.1842	82.776219	68.574498	0.60378144	-0.54960012
3371	1.1588897	-0.094355025	1.8213895	730.75606	15.419321	12.146895	-0.13097403	8.995299e-05
3372	2.3173735	-0.33377522	2.7975746	1527.5213	44.885369	8.0412318	-0.11550547	0.19373577
3373	1.2572201	0.80732887	1.3310097	1239.9296	39.326922	31.781671	0.020611909	0.17548694
3374	1.7007133	0.11107908	0.70709824	686.2178	10.04478	9.1129852	0.053019582	-0.24647237
3375	2.4000499	0.88844471	2.5211168	686.16396	2.9914693	2.7201078	-0.16913962	-0.12696611
3376	5.0463221	0.55908719	0.81294461	8732.182	138.51133	80.455154	0.082089012	-0.19299782
3377	2.9408596	0.50854621	0.66275003	638.48618	8.0382452	6.9440168	-0.78260123	0.13556177
3378	5.7260674	-0.18868826	2.3161226	5179.1888	74.245657	34.96788	-0.11121187	-0.15170168
3379	0.62455344	-1.1409014	0.56132442	396.30301	1.7616406	1.628076	-0.035166231	0.0024787565
3380	0.018788266	0.31530047	2.7952987	1640.0144	25.131356	14.292758	0.24882741	-0.15806284
3381	1.8795618	1.0383747	1.0898794	2521.3045	28.143352	11.536694	0.17969651	0.18223197
3382	3.5439955	0.1366325	1.8629198	1044.7062	21.417785	8.6111662	0.78932622	0.29689931
3383	5.5608447	0.74024994	2.6608983	7555.2626	93.396083	69.102905	0.10230662	0.42456084
3384	1.1577295	0.30151521	2.8949762	2680.6284	32.443815	26.773365	0.031294934	0.54741112
3385	6.1721843	-0.088509089	0.7021078	7265.5834	98.149005	68.259606	-0.24144245	0.20380062
3386	4.8666881	-1.2751234	2.6611039	9184.9002	130.23315	120.18657	-0.5627797	-0.11793743
3387	3.5290533	-0.0021404391	0.54915014	290.71524	2.8453362	2.0169272	0.075949594	0.036253348
3388	4.9830554	0.56908224	1.3849408	2134.2673	45.429237	39.985635	0.18005956	-0.73439652
3389	0.43968367	-0.0033811803	0.46644853	2291.1987	30.408572	29.840242	-0.080479585	0.1791562
3390	3.1232777	-0.99503176	1.9499498	2365.231	50.732787	19.341828	0.064164413	0.49184314
3391	2.6158585	0.18764139	0.76442524	2742.177	70.427455	39.250806	0.42235236	0.31561782
3392	1.4579145	0.2364022	0.65403279	1303.5713	62.462644	45.165398	0.29631739	0.69417661
3393	5.6198539	0.2330651	0.95566913	868.11776	20.83984	19.745381	-0.34123016	-0.076122727
3394	2.4523426	-0.19326564	2.2241925	625.53733	7.4419243	3.3750525	0.79491755	0.11955278
3395	4.0332794	-0.28660888	2.0502542	519.27343	31.583803	26.730838	0.0021134916	0.071376614
3396	5.1595427	0.49890749	0.50916254	598.96904	18.008941	11.360383	0.2423001	-0.060558897
3397	1.612307	-1.3884182	0.85975688	1383.48	21.43158	21.054038	0.077752322	0.12078557
3398	5.4142505	1.2187914	0.75657812	2525.848	34.921639	34.53485	-0.028614735	0.64127137
3399	2.8654497	0.69558729	2.4900994	4686.6754	71.168437	55.461282	-0.0080155231	0.076450894
3400	6.2359043	0.36885151	0.63581967	3443.2414	47.76836	46.514761	0.28143417	0.041844651
3401	0.52322918	0.30450631	0.77279465	1755.6987	37.380977	33.182032	-0.0032278473	0.30339415
3402	4.9632147	0.98081201	2.7875854	424.32713	2.4349521	1.6339247	-0.013340626	0.25506699
3403	0.89737053	0.75625064	2.361297	1600.2386	43.227233	22.929393	0.27977858	-0.049798054
3404	2.7437651	0.63434953	1.0438638	2179.0978	95.977248	65.414216	-0.02930223	0.10965892
3405	0.37166503	-0.59228118	0.91790614	848.13572	42.373804	20.312592	0.025143804	0.05310329
3406	6.2019664	0.18917546	0.54340036	6490.1203	106.07426	51.879232	0.22876822	0.020496526
3407	5.7296109	-0.75814397	2.4593407	6011.9493	87.829529	70.04201	-0.041255424	0.0091980622
3408	0.81022177	-0.70428318	1.9397776	4383.8757	90.808048	65.298791	0.1370369	-0.064335743
3409	2.6862892	0.69477719	1.4025729	3720.0327	74.974935	74.303091	-0.13900193	0.004382702
3410	0.44611968	-0.6605018	1.1427788	733.15843	45.496989	26.528411	0.13507963	-0.20564906
3411	0.83388613	-0.89208551	0.73249328	2394.7403	67.859191	31.776469	0.36792867	-0.20067061
3412	5.802617	1.4549841	0.43038266	4258.276	77.92142	61.365349	0.064816317	0.37786266
3413	1.2049982	-0.63456856	2.8317364	2436.5899	74.610472	47.961757	-0.15451121	0.42051929
3414	2.6166558	0.35883366	0.44061167	1108.2276	15.161169	10.589608	0.0015116132	0.0099022728
3415	0.85740393	-0.47615535	1.3498474	308.04727	2.8259537	2.0225128	-0.048222553	-0.22804981
3416	0.54263824	-0.01478574	0.24186456	4667.9436	62.068404	58.989081	-0.17291805	-0.0097274182
3417	2.6057802	0.56590466	2.5118561	8505.1506	100.64027	54.327552	0.43245508	0.021230921
3418	1.1371263	0.16005667	2.7026101	730.46778	9.5844294	9.2587842	0.34810294	0.59629254
3419	0.21816473	-0.010029883	2.6818563	2815.1548	34.39618	31.051959	-0.092428883	-0.1510294
3420	4.7947339	-0.69502457	2.9580938	290.88042	1.3088496	1.2424978	0.1056007	-0.31773641
3421	4.5648384	1.1033871	0.73008657	1308.9078	28.16663	21.388839	0.038963785	0.25519236
3422	5.0639318	0.26776637	1.112356	1993.0083	46.916335	35.449325	0.089679298	-0.036028911
3423	4.2604369	0.60303677	0.62169308	716.97005	21.747611	18.457368	0.05036469	0.064251647
3424	4.1478452	-0.86899229	2.2832379	4523.8776	73.310412	62.172674	0.32758529	0.27395298
3425	4.4442315	0.84937227	2.3042054	2945.3907	40.113275	33.762769	-0.042465445	-0.16991075
3426	3.3559982	-0.47611545	2.5159263	1581.4263	20.996681	18.039265	0.74389349	0.020241418
3427	0.76222637	0.37985146	0.50439808	2077.2864	32.279728	28.870773	0.021545559	0.24913371
3428	2.1945492	-0.17082987	0.65412334	758.27387	43.655546	13.9159	0.97625092	0.023087718
3429	1.6311921	0.8041661	1.3034292	1550.6811	31.7834	31.774653	0.78230454	0.34764408
3430	6.2337527	-0.48132392	0.53160318	321.53121	1.5744417	1.3751184	0.091640843	-0.0042246555
3431	4.7214607	-1.325634	2.6077386	2600.7561	52.346873	32.499277	-0.49380276	-0.056027994
3432	4.1995752	-0.27436219	1.2095082	1724.7068	58.366818	41.000664	0.029069448	-0.014543768
3433	4.931131	-0.84633882	2.5538585	2848.0424	33.285838	13.392914	0.67999643	0.070412813
3434	5.5047512	0.83775422	1.2028316	960.7723	42.045181	38.578604	0.036664766	-0.059925321
3435	1.4062267	-0.14689441	0.45196017	3392.6903	50.908662	39.417312	0.030157621	-0.48007101
3436	5.4761692	-0.63915706	2.123005	746.47122	17.02468	12.153782	0.42986365	0.36498322
3437	4.7210142	0.51344889	2.1995628	3198.1897	34.725912	25.283129	0.26092006	0.47503963
3438	3.7109499	0.3429574	0.38638644	907.29169	37.05158	24.221753	-0.62114669	-0.12922948
3439	2.7888103	-1.1298331	2.7832751	4434.5858	85.167137	76.118011	0.27886958	-0.54718989
3440	1.2874335	-0.81581625	1.2180419	1316.1718	22.300485	19.976053	0.74383867	0.11157609
3441	5.109518	-0.77343668	2.7227233	2832.8227	30.941595	28.320324	-0.14288072	0.3238294
3442	3.1962647	-1.0273351	0.98228663	619.49301	29.610474	26.832481	-0.67972216	-0.25155256
3443	2.6441876	0.59619185	0.52100636	142.37705	1.8919243	1.7469937	0.023909795	-0.2611305
3444	2.4149739	-0.11278327	0.90179382	3834.5267	64.71341	60.039265	0.042471697	-0.11043345
3445	3.0005598	0.39443917	2.4368233	1306.102	26.199757	14.01739	-0.15474735	0.25891841
3446	2.6831139	0.70472151	0.61971586	2171.4316	64.683191	24.600072	-0.10161937	0.15513488
3447	0.078127286	-0.29617263	1.7720262	816.22839	33.838892	26.167973	-0.67062006	-0.19029435
3448	3.6281083	1.2832972	1.1386464	2939.4315	63.386634	45.336646	-0.14301242	0.55685646
3449	2.0162427	-0.13512039	0.39948222	2220.3286	23.417567	13.244776	0.089459586	-0.074151272
3450	4.2169508	-0.013716059	1.0093605	372.00484	13.796615	11.887834	-0.34284583	-0.42086143
3451	3.4271955	0.61705098	2.316223	3549.7375	41.751958	32.728874	-0.18767743	0.022401214
3452	3.8337278	0.73688549	0.80397539	2161.0951	45.377478	45.34413	-0.28183587	0.093739846
3453	2.8207592	0.51786603	2.8348527	1959.2964	40.455603	27.233509	-0.57437125	0.78070347
3454	2.0018914	-0.46790062	2.5336833	2433.1792	64.643806	50.314933	-0.28223409	-0.73314343
3455	4.816842	-0.79070384	3.002836	527.81912	2.2429352	2.1020562	0.20841667	0.035667039
3456	3.851374	1.1350174	0.72238579	262.57482	1.5323619	1.3714462	-0.091443626	-0.22747404
3457	2.1902372	-0.91020121	0.51878403	3132.7598	53.299153	34.709435	0.37079668	-0.14613785
3458	1.8521261	-1.0310547	0.98763736	2195.4045	47.63905	29.741663	0.084226039	0.3622565
3459	1.2136844	-0.96921747	1.5593517	624.90184	58.652145	35.136511	0.072343579	0.02330305
3460	0.67900419	-0.83410221	2.180401	1018.5963	52.946724	17.203873	0.71061617	-0.10079029
3461	5.4843669	0.41639793	0.53425072	2958.6244	31.260054	22.583042	0.027059502	0.043330176
3462	1.060193	-0.63799441	2.8075744	5882.2578	112.1591	92.916229	0.60378144	-0.54960012
3463	1.1825715	0.48387217	0.49545442	1399.0176	11.291181	8.3919595	-0.051793934	-0.15781386
3464	1.4769036	-0.10788523	2.582442	1542.6659	18.957121	12.933617	-0.15120884	0.38886949
3465	2.5271705	-0.6866947	2.4946702	2419.7386	25.117385	16.453428	0.63238812	-0.041990102
3466	1.6019293	0.84527711	1.9438721	2137.7127	29.658455	21.983079	0.045327965	-0.07321075
3467	0.33708684	-0.14948982	0.27478172	1353.446	18.187228	15.632443	0.14887361	0.070036951
3468	4.9725773	0.56819875	0.43169673	3195.3346	22.226903	17.136408	-0.44883243	0.11901232
3469	5.9146454	0.64198082	2.257649	1817.1702	26.800073	19.811881	0.10454822	-0.10310715
3470	3.6103074	0.8655479	0.31233847	1511.6354	16.901394	16.168191	0.0043277764	0.050294739
3471	1.5309117	-0.31861787	2.1903842	847.57288	35.741321	34.660944	-0.019971558	0.12151703
3472	0.71086322	0.36500112	0.579991	1306.058	48.633557	25.791352	0.078056247	0.11630487
3473	3.2312896	-0.53494206	2.3421507	1537.5206	27.960327	21.401254	-0.22878313	-0.19480924
3474	0.27395699	-0.58187005	2.5951836	523.84942	15.029098	10.179555	0.23098875	-0.084263896
3475	5.583195	1.3749192	2.4315312	2299.7353	45.957884	45.487477	-0.38612053	-0.079201553
3476	5.6053723	0.796707	0.77060969	1529.2343	19.573987	18.359682	0.072635397	0.23888425
3477	0.20064213	-0.019930038	2.8396133	2615.1153	30.301482	27.847863	0.10950645	-0.31451141
3478	1.3090633	0.44423551	2.7964577	2528.2528	35.033413	8.8734538	0.84683775	-0.03342671
3479	3.4825343	-0.34602282	2.0437131	1507.634	60.528039	46.206369	-0.0032135429	0.44178287
3480	5.6272858	-0.14064246	1.3713824	855.52532	28.567539	27.379892	-0.16675339	0.24360861
3481	1.1383608	-0.20357608	2.560112	1044.5983	32.122811	18.780163	-0.21143561	0.013849696
3482	0.67375152	-0.49574256	2.7247054	436.61737	2.4477238	1.845269	0.02498441	0.059552994
3483	0.61344845	-0.53730687	0.78793178	401.32145	17.370128	8.6235557	0.43069027	0.59171097
3484	3.9803392	-0.32493865	0.85976769	2078.5552	65.077851	49.479656	-0.11124426	-0.13003958
3485	4.5050393	1.0149587	0.87598476	5058.5007	65.076099	62.857499	0.14963586	-0.040005905
3486	3.7599497	0.0079581417	0.71017814	1006.2124	51.966389	40.057713	-0.0087523037	-0.08654446
3487	1.8830374	-0.03802473	2.473125	438.99717	2.3655756	2.269681	-0.11033131	-0.097228257
3488	2.3424693	0.32857526	1.0483946	2710.5161	53.63577	38.191819	0.034513789	-0.57634131
3489	1.4398134	0.43174651	2.6587579	3584.1325	23.955093	23.217203	-0.040499378	-0.031691023
3490	3.6685212	-0.90934327	2.7595271	4142.9535	92.818182	53.676811	-0.0008401937	-0.080962096
3491	5.7574519	0.14195682	0.62300352	894.29013	36.502	36.152753	0.01380096	-0.33574717
3492	5.6255722	-1.2107847	0.16278085	2846.4874	31.009682	30.769336	0.073210128	-0.004867676
3493	1.4557292	0.16980982	2.5957712	2747.5986	66.362942	44.850574	-0.47820107	-0.52620841
3494	2.6525145	0.20567022	1.0321763	90.945432	1.8953915	1.4105506	0.039845931	-0.36497236
3495	2.6093924	0.8889686	1.0911235	3608.7023	97.550304	49.249035	0.057149718	0.25778253
3496	5.1071774	-0.93910484	2.7365795	1507.3328	22.079586	18.153387	-0.33335215	-0.020733568
3497	4.9731187	-0.68267317	0.56647695	5395.2061	127.84052	84.313461	-0.00060847772	-0.30706437
3498	4.4143462	-0.54207285	2.4251866	2189.355	41.562561	41.248307	0.1630406	-0.19734364
3499	1.6427458	0.093646742	2.8475815	845.23927	13.514227	11.064073	0.16110428	-0.37307329
3500	1.4109872	-0.44181589	2.1291204	3882.0181	69.436645	39.569098	-0.10913286	-0.077873585
3501	5.9565547	0.4157445	2.9778807	2718.4971	18.207795	17.830328	0.55372633	0.15597582
3502	0.94053692	0.44862241	0.59542849	242.38275	1.3929387	1.3322757	-0.13387406	0.011343442
3503	0.24475484	0.38829045	0.30860159	2311.8261	16.362347	13.574058	-0.43613105	0.28108415
3504	2.6986731	0.44045564	0.71611554	1034.9244	33.96212	33.950174	0.21047154	0.0060496226
3505	0.81065064	0.75519841	2.7921412	417.4186	17.114309	11.104079	0.44307223	-0.040802065
3506	2.4252131	-0.55185444	2.1600848	1580.9924	106.381	48.334052	0.1670401	-0.45754752
3507	1.0050128	0.15188488	1.8348763	866.23269	70.687098	66.315698	0.55342172	-0.0030787368
3508	1.5277048	1.3900167	0.45650264	523.38204	17.943282	17.558254	0.82039419	-0.34939088
3509	5.1705771	0.92333181	0.16500178	3029.6202	81.251408	77.679307	0.010585849	0.20439139
3510	1.9058224	-1.099244	0.52610056	7272.7482	84.835368	43.272317	0.48452371	-0.082634807
3511	3.2273721	1.2926812	2.894672	241.53213	1.45203	1.1955108	-0.116549	0.14074022
3512	2.5559373	0.17134726	0.75314618	731.45628	19.16512	19.062311	-0.0051148187	0.032185078
3513	1.1053963	-1.1137473	2.5119968	3378.726	43.859265	15.508278	0.50003595	-0.20541773
3514	0.58926778	-0.32311804	2.2447954	6737.4709	137.13792	59.023374	0.22626197	-0.19704406
3515	0.86775659	-0.36017692	0.65446227	901.16307	12.186592	10.823028	-0.05149697	-0.14375195
3516	5.0782473	-0.34507525	0.79321765	1888.6677	25.501275	11.494464	0.062535768	0.17407958
3517	5.1308968	0.64306669	0.50017223	5107.5456	42.607864	42.406878	-0.3309393	0.049031636
3518	1.9979092	0.039906209	0.9289787	111.23854	1.5106138	1.2750688	0.053664328	-0.016905515
3519	3.3203545	-0.27436238	2.4266382	1197.4282	8.3105438	7.6724653	0.12549895	-0.22775325
3520	4.80965	-0.78214463	0.21896082	3684.5691	32.846068	26.522324	0.17816147	0.11894745
3521	5.8224752	1.3340548	2.7826723	4166.0052	86.820457	69.972252	-4.9979695e-05	0.033150873
3522	0.5427609	0.53200667	0.13628501	1178.5652	2.4981836	2.3403796	-0.18425056	-0.0055518649
3523	1.0596161	-0.84830254	2.2490745	1557.2785	74.14043	59.539692	0.32874086	0.12465379
3524	4.8997938	-0.15159242	2.9282008	832.10575	11.550096	9.1566165	0.095837804	-0.42330587
3525	1.9718946	-0.88438018	2.6626824	416.8889	1.5291061	1.4261061	-0.1985889	0.10431641
3526	5.3475388	-1.0530899	0.23380371	2552.3732	22.800473	22.573945	-0.38128169	0.2082804
3527	0.38251804	-0.35355464	1.4314594	2699.51	33.756532	32.475879	0.4603968	0.62202266
3528	4.1753556	0.11572929	0.68633859	943.47499	19.248482	18.939702	-0.23545787	0.0026591745
3529	0.095079293	-0.35429045	0.5639443	2731.1994	65.709432	38.642614	0.59827442	-0.036371826
3530	4.7105724	-0.67776985	2.7042123	2814.1047	53.469221	33.583695	0.40294565	-0.72051652
3531	1.4578427	0.15346252	2.2524599	889.78312	16.495287	16.424123	0.15443662	0.25950076
3532	1.3114554	0.73160442	1.1390196	1271.9072	12.072371	10.868461	-0.17413391	-0.24756904
3533	5.3751156	0.45693351	2.2680868	2862.7758	79.03274	70.995846	0.33399401	-0.50027639
3534	5.2576699	1.4085946	0.73698094	136.98242	1.4422432	1.4366008	-0.012627366	-0.019671695
3535	5.0341162	0.12519909	2.6478093	3249.3781	34.689698	29.539128	0.09294551	-0.32011566
3536	1.7934582	-0.087751624	2.7696372	1097.5815	9.5491743	9.2480795	-0.021892506	0.62109662
3537	3.7414964	0.53952771	2.1833836	1007.7582	58.796092	40.911272	-0.41378283	-0.15420444
3538	3.5093789	0.20781741	0.93885322	2276.946	56.22228	49.269749	0.24829146	-0.38759144
3539	3.8058058	-1.1980457	2.0963731	1111.6524	14.308812	9.9396679	0.21427849	-0.18102611
3540	4.4111346	0.41095959	0.4301614	1848.7414	32.71913	29.987517	0.045738137	0.26885132
3541	1.4450194	-0.27283292	0.6046622	1799.3571	45.12513	30.187698	-0.34375807	0.32322651
3542	2.4623531	0.31609676	2.9185268	417.86365	10.256357	9.4954706	0.25922176	-0.043529942
3543	6.0776813	-1.1166768	0.3606336	2595.4765	20.957505	20.892906	0.38385505	-0.036351673
3544	4.7896866	-1.0848144	1.9422081	3293.3115	63.645711	56.461689	0.40798147	-0.060083711
3545	5.9598517	1.0573526	2.1117717	621.63643	38.046627	14.325776	-0.099645858	0.028327715
3546	2.6367805	-0.97106729	2.5704827	3885.4998	24.094013	20.789381	0.79947771	0.1588768
3547	3.2132521	-1.3255915	2.1764688	969.04838	50.615434	37.143084	0.13921995	-0.59393439
3548	2.8587312	0.0088052749	2.4938955	2750.4013	53.782944	48.277845	0.034853019	-0.36678291
3549	5.4402084	0.075043003	1.6731354	1252.6847	32.962851	25.98444	-0.16989489	0.081145366
3550	2.487585	-1.1092998	2.8886807	3541.607	32.125767	21.595852	0.22046679	0.15623391
3551	2.999878	0.0091050931	2.7608069	2968.2612	22.619486	16.682592	0.41394841	-0.49337115
3552	6.104161	0.18547557	2.5917394	1663.9539	19.234966	11.36311	0.57795625	0.11054547
3553	1.6051483	-0.85668797	2.8247429	938.29053	9.5641204	9.47606	0.32417135	-0.00053655113
3554	0.60857351	0.47145878	0.47660479	3909.3643	43.414463	30.698063	0.30004107	0.31825889
3555	3.7995438	-1.289152	2.9221845	229.33428	2.4261117	1.6573294	0.031973195	0.052904671
3556	1.8415678	0.89806733	2.2003928	4764.6914	100.66353	97.033469	0.14131215	0.14279156
3557	3.1578422	0.64550809	1.0755269	4077.5453	74.763043	72.616667	0.55970324	-0.14573011
3558	4.7960387	-1.212862	2.1649607	1505.2017	31.113804	23.530802	0.26074264	0.42588527
3559	1.6246383	1.3582607	0.38022567	2819.3109	75.194436	24.706806	0.099318922	-0.0035868599
3560	1.4838606	-1.1188927	1.0142604	663.15065	24.471225	21.333089	-0.038948962	0.72155432
3561	5.3342278	-0.52278365	2.6155142	1692.3695	46.134145	22.241393	0.54029554	0.14426475
3562	4.8824521	-0.38478071	0.65756021	1945.7096	37.933582	34.522615	0.55589631	0.70187371
3563	1.8847758	1.1402001	2.5384734	3750.3666	51.187004	21.696081	0.18791991	-0.020362234
3564	1.5345056	0.75616399	1.5576931	736.97792	47.108522	14.214971	0.033678233	-0.046162523
3565	3.7012908	0.34632251	0.59750655	3209.2754	17.095389	12.381642	0.04246258	-0.0028450141
3566	5.4173707	0.90400559	0.52917693	6765.6124	66.199876	63.426795	0.57946748	0.026298546
3567	5.5080949	-0.12984214	0.30856698	1370.588	39.970433	19.182502	0.33463727	0.046042523
3568	2.9260044	-0.65927276	0.33168885	804.87161	42.172199	11.946527	-0.57879645	-0.89803118
3569	2.7094787	0.038918717	1.9149007	2826.5312	50.250328	19.156938	0.032415379	0.0044351672
3570	5.1412364	0.19246527	2.4117749	2181.0144	25.130481	15.183886	-0.36748682	0.16533259
3571	5.8012648	-1.0252914	1.9924291	1149.8053	18.365358	9.6270845	-0.42025143	0.063299392
3572	2.2977504	1.3370008	2.4588416	987.18765	21.325234	10.093475	0.43876075	0.16636179
3573	3.1721638	-0.58211019	2.2059572	3382.197	93.922749	46.98482	0.55656569	-0.064370417
3574	1.6456859	0.083911297	2.131445	4255.6577	67.078405	45.500175	0.0069326021	0.0059068446
3575	0.24258036	-0.84515971	2.7830783	910.02875	25.657694	18.010576	-0.33279135	0.63449985
3576	3.8143278	0.68899192	2.7608814	4491.0977	41.106333	35.100738	0.12065081	0.09903706
3577	3.4784248	-0.42147217	0.88900464	5913.85	59.560018	41.433575	0.1638586	-0.016274966
3578	5.1794625	0.12324138	0.28628818	4066.6102	53.660377	42.814899	-0.21940855	-0.18386062
3579	4.3438604	-0.24506585	0.73450455	254.51277	2.4220797	2.0498558	0.07146276	-0.094371919
3580	1.4576356	0.87139888	1.0201332	1694.7245	26.73378	20.369907	0.35569652	0.18671918
3581	1.6945796	-0.59729059	2.8093375	922.56301	50.183476	29.262127	0.068712204	0.82676837
3582	0.20974741	-1.4599238	2.3074557	2115.6249	27.538262	21.05761	-0.0047962578	-0.49707972
3583	4.1292082	-0.020685475	2.3630248	2391.2649	78.033444	65.746299	0.049547876	0.24000303
3584	5.317895	0.94465447	2.6893338	5806.6528	46.517708	44.606326	-0.18424881	0.060225502
3585	4.9683082	-0.0066406543	2.4280308	2727.8813	83.175958	44.062072	-0.30882341	-0.18392322
3586	5.9480689	0.56215619	1.135363	1117.6713	38.503704	22.363547	-0.052433991	-0.10610681
3587	3.2062383	0.76270016	0.3672739	5618.7326	58.510698	50.208716	0.1446366	0.049329444
3588	1.8258333	0.38206026	1.9129444	560.93918	37.735698	34.893862	-0.23759028	-0.11364133
3589	4.7747751	-0.042740593	3.0144183	5292.5743	81.333346	55.576697	0.045253763	0.26529701
3590	1.6557017	0.71795252	2.1858597	748.30607	14.681605	10.876504	0.078909201	0.078204922
3591	0.3588168	-1.3697756	2.1600935	2187.4234	44.198829	38.124681	0.32704458	-0.19924471
3592	1.2016804	-0.13465689	0.46655421	3904.3833	36.508491	17.751876	0.22926518	0.2017455
3593	2.9876183	-0.024701692	2.9182814	2660.3435	65.257704	60.920636	0.44650616	-0.55648083
3594	3.0263655	0.13641244	0.040922636	1863.9509	29.51968	24.371742	-0.62393037	-0.69121189
3595	4.6703234	0.16300135	1.2354757	1161.5538	52.207663	25.604289	-0.031816025	-0.12383286
3596	0.55872102	-1.5113892	2.6631505	2033.6193	48.02838	31.628767	-0.057587596	0.31865526
3597	5.4157247	0.2565629	0.25818943	349.12183	1.4951586	1.365696	0.021451795	-0.022581059
3598	5.954763	-0.43953947	2.8228954	2535.3753	13.376596	13.149967	0.03680762	0.080006876
3599	5.363207	-1.095261	1.0374676	2745.8423	39.482527	25.016357	0.071300764	-0.00019382703
3600	1.372872	-0.0085459061	2.1504574	1114.6258	33.069404	22.700812	0.20030389	0.14791203
3601	4.8994308	0.74396497	2.7249658	3606.4607	23.588822	16.114718	0.13359993	0.059925605
3602	4.5500214	-0.051451414	2.6696256	2762.4668	57.17048	50.527467	-0.50998042	0.0044552101
3603	5.5642605	-0.70477258	2.4179599	465.59129	26.676371	18.483129	0.42957673	0.13322552
3604	1.8243946	0.32269971	0.49480119	4039.8383	47.414442	39.2316	0.48225241	0.37644854
3605	5.4582792	-0.032818325	1.3422543	934.86285	45.413653	38.589893	-0.21214475	-0.1145513
3606	2.7160842	0.80912255	0.95598327	1958.6216	86.811207	48.30042	-0.67472051	0.68746874
3607	6.049905	0.30763939	2.6716758	1234.6624	14.246738	13.341872	0.2255976	0.037094246
3608	1.6876489	0.60278526	2.2304279	4820.2503	92.849648	22.149635	0.72540556	0.0030163978
3609	0.34634104	0.77893029	1.6761152	3193.7132	45.609154	45.535547	0.73597372	-0.22335369
3610	1.8554153	0.83564612	1.8966201	4209.2389	83.808021	53.504354	-0.1053127	-0.017395544
3611	4.9775108	-0.89062661	2.1772413	855.07396	9.2119782	7.6584534	-0.35105286	-0.33621373
3612	1.3529377	0.51596638	2.2477929	2009.0848	69.270396	52.279748	-0.29869726	-0.39651843
3613	5.5025953	-0.36551237	2.7791636	3829.839	95.197465	76.730303	-0.015330981	0.7670602
3614	3.9943235	-0.43018065	0.35230793	2904.5742	24.785657	20.210094	-0.38138921	0.78362096
3615	3.8448365	-0.40452745	0.52440752	1252.7837	22.817469	19.216239	0.48629246	0.3230947
3616	3.2611565	-1.4062439	0.85221757	6229.2715	124.8037	107.49346	-0.20024167	0.00085809775
3617	4.9316695	-1.1726448	2.4273776	1633.5518	42.923174	40.149904	0.078586422	-0.12604248
3618	0.25055446	-0.47281701	0.80370701	1875.9555	31.830871	14.759138	-0.15765673	0.10200767
3619	1.563286	0.12178092	0.47909561	200.00243	2.7230139	2.0976033	0.14445646	0.15577284
3620	6.0403736	0.92254075	1.4093839	1529.1031	30.775143	19.087997	-0.37222643	-0.7449673
3621	4.5547829	0.13633314	1.6169016	2733.4977	61.380875	53.707251	-0.56326859	0.74004864
3622	0.86686151	0.96675535	0.86379182	1942.0813	52.73803	47.821929	-0.12548866	-0.047020106
3623	4.7373656	-1.4119125	2.7328962	1415.2046	39.293428	19.130922	-0.03038165	0.63112449
3624	5.4894483	-1.2078617	0.62918081	1010.6648	77.049801	18.971157	-0.19934151	-0.31186797
3625	1.1739652	1.2980038	2.305551	3253.8045	50.284647	45.966782	0.29001423	0.0968914
3626	4.9828568	1.1430414	2.2489044	2189.7304	26.608815	16.807117	0.076876763	0.20509076
3627	2.8835827	-0.76115373	1.0825118	3851.617	63.411159	54.390462	0.05876452	0.48105624
3628	3.1768734	-0.50000824	1.9579978	943.38391	40.628538	21.601021	-0.41216485	0.57382153
3629	5.2879164	-0.083111339	0.46060198	3036.5654	52.986244	30.087826	-0.11016787	0.065917765
3630	0.19602281	0.53504955	2.6899584	205.674	2.8155774	1.5557201	-0.80073415	-0.01394818
3631	6.2444628	0.073973696	0.56996283	5878.7939	67.327478	48.871622	-0.15673723	-0.015838987
3632	0.53210734	-0.56441766	0.63917186	3459.4571	27.764927	12.529042	0.32514736	-0.075910897
3633	5.7419736	-0.83781697	2.9566515	2298.0991	67.4476	20.927985	-0.14229208	-0.16343501
3634	4.9126657	1.4505305	0.27873345	1922.3238	32.480762	26.342031	-0.10773475	0.25476795
3635	0.3120094	-1.320079	2.6707277	3831.7785	71.117178	64.740638	0.10763559	0.38923537
3636	0.10252753	-0.20151704	2.9708923	1565.7702	42.776842	42.170698	0.68294697	0.64903117
3637	2.8934161	-0.043474662	0.87170809	1699.5203	14.612094	13.729501	-0.050570669	0.1050643
3638	5.4595303	1.096979	0.50422645	4445.7247	56.204959	55.908542	0.10500577	0.20204842
3639	2.8565732	0.039142001	1.934076	1425.2224	39.403375	28.942363	-0.06798802	0.30754453
3640	3.5811135	1.2416837	2.1481258	1938.8569	57.276603	39.05947	-0.049412407	-0.067128055
3641	6.001564	-0.042375584	2.9170948	1602.8465	37.795395	13.419053	-0.029710988	0.055560252
3642	3.0636651	-0.095645628	2.3796262	1485.0079	12.129308	11.346391	0.33311363	-0.10238022
3643	0.76771382	-0.41178557	1.0100529	1389.4666	26.061949	8.2705386	0.18222379	-0.057292436
3644	2.0415039	-1.0886391	0.49629628	1854.143	40.287087	27.755507	0.22960416	0.47106713
3645	3.1244265	-1.3208706	2.1065303	867.57816	13.641162	7.9200955	0.33340229	0.0074311585
3646	3.2676436	0.22785484	2.8931399	2299.1999	53.780504	16.967112	0.20543758	-0.054347485
3647	0.25064633	-0.017916176	2.4795668	1979.9781	41.467331	31.106685	-0.14517387	-0.085696753
3648	2.1754526	-0.32434553	0.60051284	672.02526	21.438352	13.338787	-0.033378412	-0.1659929
3649	4.0284506	0.020458866	1.9026426	1667.2726	68.93794	63.695427	0.32087672	-0.7185585
3650	2.6107088	0.34136205	1.4363267	243.86311	18.000282	1.7510206	0.017739913	-0.20151405
3651	3.1024508	0.91333967	2.3089315	1053.7664	14.819746	14.419294	0.28601816	-0.083807253
3652	5.6319123	0.24138537	1.0702742	1522.4877	27.771378	21.663394	-0.060224897	-0.30640086
3653	5.1665928	1.0812983	2.3071369	420.28743	12.454358	1.597499	0.070183264	0.178507
3654	2.163952	0.8498581	0.475648	2191.6594	20.979442	11.469744	0.1986205	0.15956201
3655	6.0514723	-0.23255508	2.729184	1840.1468	14.200808	12.222179	-0.77011046	-0.06893732
3656	1.2769279	-0.22145861	2.4793913	5103.5699	49.509495	42.325272	0.65498256	0.73732192
3657	5.0023708	-0.21023859	2.5654607	1549.3877	36.321687	24.862268	-0.75118985	0.17369263
3658	1.8968562	0.13544165	2.0968007	760.60911	23.259354	12.065883	0.18039123	-0.13652773
3659	4.0034987	0.32302738	2.1407856	1116.9096	39.988071	25.678669	-0.25660961	-0.015317047
3660	2.7277476	-0.43195549	0.93486994	1431.8863	54.96761	23.092979	0.067906961	-0.15389917
3661	2.6494288	0.59510017	0.85753726	2457.3898	61.47427	32.444876	0.0094192449	-0.41056366
3662	0.91626347	-0.75375702	0.62728589	6684.5899	83.088228	74.332454	-0.21243219	0.028267821
3663	0.6936198	-0.16889132	0.99514475	5060.9734	65.034941	56.413557	0.5842101	0.3090272
3664	2.1360191	1.1100703	0.8277314	5028.1563	52.359582	42.155231	0.48312738	0.10363866
3665	4.4895115	0.64056101	2.870024	9417.4031	56.149332	47.065113	-0.64626047	-0.087773032
3666	2.4435467	0.90570863	2.5657118	2888.6226	67.094625	53.898302	0.0019273944	0.70959516
3667	0.21486722	0.49986801	2.5321467	2239.4803	49.729655	20.291979	-0.79779595	0.03144002
3668	4.2206562	0.86780244	1.0961632	241.48478	2.1061106	1.4717273	0.060259606	-0.095510612
3669	6.2673156	-0.59449899	1.4136772	692.26779	11.585147	8.9698728	-0.19910119	-0.068738942
3670	4.7624763	0.81603902	1.1822594	1237.3582	54.164405	17.967354	0.51733595	0.8947492
3671	1.5928098	-0.611959	0.93661268	1192.5389	40.605641	40.01	-0.28142218	-0.027562377
3672	5.4859743	-0.0077896166	2.7156795	1286.7022	21.098179	10.092843	-0.2103426	-0.23359952
3673	5.9834201	-0.73282105	2.0312004	221.63104	2.9502779	1.4440426	0.037636459	0.30399281
3674	1.2298667	0.98178057	2.756631	7784.1084	87.348272	67.954503	0.60514782	0.34507685
3675	2.1346544	-0.66942944	0.39043001	2010.421	56.013011	18.397393	-0.26309811	-0.013528314
3676	4.9146101	0.30817127	0.52420211	4307.5094	48.778659	38.918475	-0.088005155	-0.58052254
3677	3.9915939	-0.7734048	2.1688245	1795.8034	35.99241	23.314216	0.79277708	0.45244519
3678	0.60054631	0.10247671	2.277447	4814.9302	71.35945	53.553562	0.60860441	-0.12724526
3679	6.0294898	0.10253565	0.18674765	2854.8024	34.27311	32.972859	0.4603968	0.62202266
3680	3.8773587	-0.081575053	2.4438808	5358.8304	106.30476	88.806256	-0.071311814	-0.013490916
3681	3.5928606	-0.57903975	2.7276554	3787.1841	47.085434	36.089811	0.7883862	0.14974854
3682	2.9963837	-0.16497133	2.2322257	1996.6237	60.665119	48.166366	0.024578787	0.58952369
3683	1.3351984	0.52288696	2.5918547	3830.2103	35.211628	24.429944	0.46648441	-0.23568322
3684	0.59728086	-0.24632353	2.6607677	2745.1736	23.98395	23.40771	0.21992407	-0.14951197
3685	5.9723098	0.15956381	2.8699899	549.81867	40.284587	7.0858739	-0.076334855	-0.074215038
3686	5.5793161	-0.51155623	2.8850658	1097.0124	42.726959	19.655737	-0.20138518	-0.11483572
3687	2.4618489	-1.0379971	0.38571417	246.62014	1.813436	1.3417894	0.010928378	0.098291554
3688	2.9594366	1.2361639	2.5210572	2208.3002	38.656444	37.630466	0.33274612	0.27121198
3689	1.7374694	-0.1293316	1.1572473	1195.9643	14.838395	12.320535	-0.53547767	0.24066133
3690	4.0232125	-0.61350866	2.7395132	4385.8275	40.829546	26.376288	0.11935642	-0.064218712
3691	1.8143835	-0.4734691	2.1207033	497.05698	17.278311	13.905896	-0.087171179	-0.035225928
3692	3.3595715	0.3050908	2.7595106	2664.8601	34.431568	12.895218	0.78221904	0.67893275
3693	4.4292003	0.24157442	0.83099588	1177.2327	10.219757	9.9007191	0.3057735	0.080477756
3694	0.67878368	-0.44150996	2.8155429	1578.5383	19.969488	19.843293	0.28451857	-0.37142208
3695	3.1423054	0.79853368	0.55037656	2255.9233	20.545979	18.517035	-0.17257143	-0.29242289
3696	0.25747594	0.36572934	0.76949017	1084.8647	29.970034	20.25159	0.30784879	-0.16410319
3697	3.8870037	0.86533752	2.0567495	2061.7361	40.424723	18.133005	0.15464082	-0.14018728
3698	3.5296754	0.69864536	1.9383737	895.46737	31.360952	25.758503	0.1918863	0.08768902
3699	3.8692328	-1.1365528	0.24807814	2097.9105	32.049715	19.376022	-0.034917832	-0.035661658
3700	2.6258015	-0.32241168	1.0920931	1407.2061	10.266694	10.181179	-0.014203047	-0.033336294
3701	4.8042333	-0.79049618	2.7196187	438.82221	1.7781083	1.235641	0.019764258	-7.6266061e-05
3702	5.3824059	-1.0853857	2.74542	6251.9505	54.997723	50.445565	0.17330979	-0.49151909
3703	5.9659677	0.54305304	2.6228003	2804.2525	82.713287	18.108032	0.47662667	-0.39869453
3704	1.7270371	-0.29315767	0.72399815	3738.1389	70.052756	37.10939	-0.058786686	0.053345447
3705	1.8392451	-1.438211	0.86553949	3642.1633	43.040021	26.035818	0.015799282	0.34774667
3706	4.0085337	-0.52293941	0.70013499	3000.7166	24.074403	22.42132	0.75807862	-0.13086783
3707	5.3938877	-0.83176074	1.7926355	2335.2653	67.949083	28.708275	0.01284028	0.022771758
3708	0.58563363	-1.3308283	2.6899449	2385.4754	89.334428	13.333806	0.1684534	0.086359043
3709	2.8135473	1.039634	3.1004186	2902.4188	119.67599	56.772137	-0.43878992	0.64925362
3710	5.0125039	0.85894371	0.4296619	1321.5759	25.143972	8.9785602	-0.014793451	0.33130463
3711	2.8529329	0.25183372	2.9229162	2437.8156	60.62869	48.868015	-0.12681797	0.37487151
3712	0.095487886	-0.66861541	0.81496474	3738.8987	71.259369	65.138391	-0.18953378	-0.055715044
3713	0.23483458	0.77241612	2.5631681	1177.1342	20.269141	16.651982	-0.31305699	-0.24034171
3714	0.27860553	-0.86625632	0.5757421	2311.7393	31.596561	13.426095	-0.13424509	-0.16996739
3715	0.37344432	0.4014215	0.81086456	430.698	2.4984034	2.2993324	-0.12398981	-0.028373513
3716	3.7505296	0.70090655	0.30836638	791.92147	11.42238	10.223863	-0.12429571	0.37017326
3717	4.902458	-0.56342519	1.4380128	1750.1626	60.98354	38.889869	0.44304907	0.62324764
3718	1.2717043	0.40217494	0.91915766	693.76828	18.576581	9.4910326	0.086466218	0.48648655
3719	1.5646456	0.35433974	1.0041246	5405.6079	96.971099	87.110041	0.33399401	-0.50027639
3720	0.51860918	-0.35518813	2.845526	7889.9584	166.5068	108.46463	-0.048526033	0.55671629
3721	5.4665008	0.3655676	0.45364793	3145.5855	102.70241	50.480904	0.091150491	0.018710722
3722	0.48111007	0.87429863	1.2126204	1177.8456	49.082899	30.743591	-0.080689417	-0.039793414
3723	4.8517898	0.27531663	2.3026459	1199.0117	27.79059	21.987125	0.028558145	0.22370617
3724	1.3246246	-0.88320322	0.52693422	1014.2751	45.378654	31.268144	-0.013688255	0.13148964
3725	5.250245	-0.13621597	0.55791524	4185.195	64.638569	48.161659	0.03447929	-0.35044908
3726	1.2547244	0.41805441	0.88543697	266.9493	2.7549417	2.5577901	0.25424903	0.16969773
3727	5.5732067	-0.65683876	1.8637621	1541.5736	39.106401	26.745269	0.43644987	0.094779287
3728	2.1228964	0.90572234	0.31613325	2211.8806	32.769152	18.180441	-0.31665788	-0.054564506
3729	5.5841284	1.0891474	2.6343779	2601.5007	39.2862	19.098566	0.41739378	-0.042071775
3730	4.2226595	-0.45463868	2.3170028	1494.0436	33.550624	19.03442	-0.37896463	0.51082058
3731	2.8977709	-0.22348995	0.91910075	3944.4101	55.600163	20.352466	0.66199346	-0.14084343
3732	1.8080733	-0.29227976	2.2981768	826.94996	14.395398	11.881137	-0.29668279	-0.053742823
3733	5.1003647	0.48501316	0.39066651	1798.0766	21.714678	13.824673	-0.69012997	-0.23066867
3734	4.2057117	0.95518845	1.9849206	4882.0495	60.215062	56.768219	0.018862658	0.10039891
3735	1.849199	0.35964748	0.81189144	2343.0088	16.884478	16.815768	0.066072158	0.072653576
3736	3.8958102	0.79794945	0.088828556	5521.2048	111.25383	67.040098	0.18893133	0.035794711
3737	3.3025971	1.0831086	0.40019296	2273.4144	76.67256	58.732548	0.14397189	-0.47763273
3738	4.6738481	0.74024573	0.89888107	2485.9792	38.153966	32.869151	-0.24822332	-0.061367626
3739	1.4324453	-1.4896031	0.88720747	3179.6025	47.374395	32.246548	-0.16057205	-0.062570497
3740	3.8127919	0.77343829	0.23524978	1666.4117	25.004844	22.439672	0.0068312189	0.24317298
3741	4.6966493	-1.2061549	0.97136587	921.1591	28.038536	26.035371	-0.18200611	0.14957354
3742	3.9514435	-0.8893946	2.3902609	2390.2118	61.328207	36.351877	0.4680143	-0.037419372
3743	2.6690988	0.032813792	0.83533594	908.53881	33.802711	23.855119	-0.0057231194	0.28016534
3744	0.32395003	1.131733	0.59793299	6921.149	64.973045	59.791751	-0.91306155	-0.47745373
3745	6.18627	0.49334932	2.2977828	329.54705	8.605931	2.6360269	0.0085937284	0.25562282
3746	4.8099023	-0.37466208	0.74240078	1293.5293	16.91968	15.620977	0.15995188	-0.018130982
3747	1.2621427	-0.64066446	0.36189271	2666.8632	32.71202	30.247308	0.29307254	-0.09869516
3748	2.2762336	0.76236463	0.66716013	3133.943	56.149435	23.178092	-0.22884397	-0.033591087
3749	1.5366428	0.54572107	1.6011795	807.86564	8.5617725	6.8362464	0.22451516	0.32837072
3750	1.9771642	-0.076970385	0.15614087	10625.671	171.1755	141.20777	0.22063893	0.40429264
3751	5.478946	0.42349455	2.8843555	2397.3487	50.876314	44.397211	-0.18832804	-0.077541409
3752	3.8210148	0.82322	2.2835666	1458.8188	52.13361	46.536778	0.076186646	-0.0027181468
3753	1.6827079	-0.55329371	0.67603636	6310.3939	80.820374	55.61295	0.35602236	0.34739211
3754	3.7573315	0.20414292	1.6614222	1028.6138	36.938651	32.397135	0.013957125	-0.1246697
3755	4.5458656	-1.1008008	2.49117	1181.7354	28.423596	15.184909	0.43193963	0.14902622
3756	0.016168573	0.58221365	0.82800078	6433.371	63.124462	50.756581	0.33202689	0.3706973
3757	4.0950706	0.88508735	2.6583539	2437.1552	54.078536	53.246306	0.021187412	0.13000102
3758	3.6185762	0.90233591	2.4828923	852.69897	16.0854	7.8793404	-0.036034592	0.026640146
3759	6.2684163	0.51760097	0.23254028	2466.6737	23.555137	22.676749	-0.48198292	-0.33962503
3760	4.3508636	1.0134659	2.6960723	1778.773	28.333067	11.04391	0.20627322	-0.64124764
3761	3.6070341	0.62843361	1.9874168	3859.6923	63.838827	29.631628	0.11492085	0.71257595
3762	5.5212738	-0.071186611	0.21783579	1571.8189	34.683314	30.099947	-0.050426344	-0.83832135
3763	0.33226582	1.2138381	0.54499801	1233.5857	23.16114	22.131933	0.14517537	-0.14401198
3764	5.8714126	0.48945293	1.4747113	2333.6222	40.441699	34.582704	0.58809427	-0.32920484
3765	5.2145683	0.72936516	1.9164517	328.27747	10.935816	8.4404365	-0.10354565	-0.0802342
3766	0.41308339	0.27840213	0.55672377	1279.6737	25.566687	25.415836	0.778313	-0.45030129
3767	4.2119404	0.56552799	0.21877151	1281.9663	22.908744	19.293108	0.48629246	0.3230947
3768	4.9616923	0.82864106	0.50731131	2540.3049	27.268649	11.142745	-0.036599014	0.12416785
3769	3.9014003	0.2458531	0.53026972	637.08279	24.657007	16.862191	0.11169304	-0.52754469
3770	4.54285	-1.2254971	0.82261627	2463.023	33.210304	31.847188	-0.32801511	0.087848471
3771	2.3562826	-0.96537918	2.1610077	2024.2634	38.321139	15.509944	0.011470607	-0.20005744
3772	4.4897402	0.38446077	2.0806705	2184.8722	117.43367	92.188531	-0.0077394472	0.10877225
3773	0.84967254	0.2454112	1.6505641	1576.0258	34.950301	32.544192	-0.00064365205	0.048302155
3774	4.9595831	0.18515947	0.94901223	1244.5009	37.195209	13.204011	-0.063448679	0.018898991
3775	4.4058452	-0.64862661	1.989279	313.75469	34.85299	16.657068	0.21742956	-0.08066212
3776	5.9734514	0.011740955	0.59996888	2333.6933	19.937167	11.900605	-0.090558758	0.4461265
3777	3.2805118	0.33659898	0.47578022	940.30033	23.209585	18.46619	0.27528515	-0.18862796
3778	5.0659187	0.37629035	0.38963185	1109.9398	23.143548	22.509517	0.26396443	-0.10050249
3779	1.3854283	0.19031071	2.4869506	2826.9347	73.576249	63.167913	0.55020048	0.4203845
3780	0.95707598	0.93093711	0.39364058	2309.8145	89.298282	58.512122	0.5922762	0.32522481
3781	3.2634811	0.18666961	2.4137027	4369.8301	48.863902	45.989447	-0.1972019	-0.21999184
3782	1.0168241	-0.15312721	0.57499411	2715.637	26.770015	25.225134	-0.022698562	-0.12980332
3783	1.6391413	-0.18224924	0.83003661	3003.8933	76.122068	57.141739	-0.33351366	0.12143509
3784	3.2179435	0.72777441	1.3583111	598.86681	33.388352	32.363299	-0.074441491	-0.33452758
3785	4.0625704	0.31888466	0.55043804	760.83262	18.729913	17.941205	0.16614593	-0.016677837
3786	4.4362395	-0.19996714	0.52510083	201.74842	51.560806	27.512448	-0.70146971	0.10160271
3787	2.4896116	0.41195966	1.8470349	736.41962	37.144131	12.770038	-0.75715761	-0.036710665
3788	2.0168353	-1.1010109	2.0764715	2528.0931	45.80542	19.582723	0.40255841	0.071966756
3789	5.4583429	-0.35881727	0.71578805	3581.1838	56.577919	50.558326	-0.31815954	-0.277739
3790	1.573279	-0.18411808	0.63033948	1125.6259	22.433718	10.700822	0.13879732	-0.15100972
3791	4.742671	-1.3193248	0.52086761	5432.5928	86.497543	66.947953	-0.48341058	0.59871345
3792	0.65691609	-0.34824212	0.71791829	5298.3907	47.406614	35.036065	0.20433661	-0.023175147
3793	5.5691934	0.53226441	0.7263824	5492.5434	80.504973	71.420815	0.75142042	-0.1431175
3794	0.50035817	-1.2358795	0.21442002	931.65086	7.188038	2.300157	-0.032786074	-0.19399993
3795	3.1067796	1.4497811	1.3551546	31.67835	1.36896	1.2859694	0.19836968	-0.095349703
3796	4.5617515	0.56289593	2.1472338	602.43244	7.8100321	4.1920178	0.22520827	-0.51234971
3797	4.0682898	-0.20185106	2.3192381	1602.2207	17.90299	12.631945	0.053842558	0.23207091
3798	0.89406832	0.46421084	0.79539922	3638.2758	106.51955	102.21601	0.19510664	-0.2456648
3799	2.7578857	0.4392656	0.65197345	3058.9588	42.267761	24.558761	0.49630964	0.085571032
3800	5.1260508	0.55587943	2.2351736	701.51498	17.981303	16.040012	0.20885623	0.3993033
3801	4.6777375	0.38167147	1.8248045	2115.4307	80.464485	74.364243	-0.12872101	0.16080143
3802	0.13980727	-1.0652634	2.4913819	1935.6232	32.710669	31.439302	-0.052865806	0.71744524
3803	5.9224109	-0.44688648	2.4674949	3400.2272	66.862844	42.674942	-0.37369484	0.5408079
3804	1.4470403	0.95609348	2.014409	3452.2389	88.379709	32.190365	-0.36881326	-0.095318174
3805	2.9573194	0.54587827	0.59487178	441.75448	8.5382157	1.8510599	-0.49762466	-0.19030895
3806	4.930932	-0.24278807	0.79767016	366.1617	2.6475511	1.9206616	-0.0053556554	-0.13043282
3807	2.1927325	-0.30251971	2.5981426	2347.4446	39.748134	35.528202	0.065260197	0.24805383
3808	5.5794602	-0.14299361	1.1131192	720.42703	27.611458	19.583448	-0.14251283	0.027547313
3809	5.2403262	-0.245496	0.80116289	1874.0265	36.055124	34.065631	0.52869186	0.19517315
3810	4.6206959	0.46013167	2.6183304	2078.784	43.331589	18.396885	-0.070558749	0.39970381
3811	6.225236	-0.60096368	2.9722276	2087.4608	38.926339	22.446398	0.15886517	-0.11935912
3812	2.7596122	0.11979148	0.41934537	3445.31	46.052651	24.404115	-0.49804709	-0.19538573
3813	5.3221753	-0.39141773	0.53815014	1439.884	27.707896	9.9568054	0.56168785	-0.051404833
3814	3.3292066	-0.90461036	2.679845	7178.4368	109.0187	80.086698	0.40888092	-0.34757538
3815	3.0498791	0.96509467	2.1463664	1058.9356	13.881773	10.592113	0.078094395	-0.088179081
3816	5.3265871	0.77973751	0.70002522	1436.234	12.471407	12.372148	0.0020414464	0.44621272
3817	2.0801908	-0.47118142	0.65738083	2474.4944	29.877109	24.30802	0.1612964	-0.52346664
3818	2.2028454	-0.24201711	0.73976648	364.13975	1.4290988	1.3832521	0.0090837994	0.0061900384
3819	3.0389839	0.0083053036	0.089442915	1838.9893	13.190377	9.3345261	-0.05706878	0.010093942
3820	0.34675352	0.71264101	1.8794005	1317.0179	66.145009	62.023986	0.023112888	0.25056024
3821	3.9812598	0.73701536	0.25124978	545.1474	40.904627	39.224376	0.075138189	-0.022817053
3822	2.2045044	-0.55516807	1.1517163	3520.8501	67.562351	50.88892	-0.48140158	0.25405279
3823	5.7180145	-0.69324714	1.1556091	254.9419	8.7332664	6.5344797	-0.016415196	0.23199112
3824	0.57709892	0.35373132	2.622164	1204.0195	19.080848	18.560891	-0.15442768	0.16095673
3825	6.1572397	0.63209054	2.7839781	5213.9805	91.744969	69.584343	-0.037503968	-0.2398214
3826	0.33938407	0.74514478	2.7769667	288.78878	1.9959584	1.9896383	-0.059425283	-0.15860696
3827	2.3549687	0.10144299	2.7812141	2746.6312	47.115871	32.683297	-0.3315061	-0.0023345193
3828	3.5154156	0.06479417	0.735782	2883.2709	52.612248	43.795791	0.36644959	0.32936136
3829	2.2489576	0.46673311	0.57987323	4676.6729	74.774832	72.338012	-0.057286868	0.38611297
3830	0.088284725	0.42239845	2.5130333	378.60358	1.7147765	1.3662064	0.042534476	0.0002712905
3831	5.9076456	0.28029452	0.31909462	407.27173	17.209616	9.9991675	0.75185861	0.11176237
3832	5.9120696	-0.93574615	0.76467741	1118.4029	19.03101	14.751769	0.041538868	-0.433435
3833	0.75851997	0.94419466	2.7050884	3536.7352	31.922689	20.765627	0.611141	0.046304224
3834	0.62648542	0.92685563	2.908112	3265.1412	15.269378	13.766	-0.0082760605	0.095103054
3835	2.2406826	-0.8375946	2.1929971	2534.1662	37.893392	19.680591	0.38951055	0.36799643
3836	4.8017647	-0.69142236	3.0807278	203.34299	1.7403192	1.7209916	-0.15767744	0.02020744
3837	5.86156	1.1806911	1.3405346	4282.621	78.457987	66.053238	-0.034928012	0.10518828
3838	0.56180289	-0.44661078	2.3379587	1777.8127	64.278161	21.828172	-0.4986899	0.19917784
3839	0.63682234	0.48051291	2.4000123	2080.3344	30.501757	18.269061	0.19834598	0.12712456
3840	3.8239096	-0.71825515	1.1189291	3231.5869	63.257121	46.842595	-0.097822661	-0.46151802
3841	3.6360829	-0.39281937	2.4184856	1712.6055	18.089649	12.863475	0.32046402	-0.11340436
3842	1.1258226	-1.0284207	0.21772039	1738.5408	20.584703	12.960235	0.4249164	0.10651603
3843	3.1497866	0.83465439	1.8960155	186.07362	1.5094835	1.4442874	-0.17519327	0.083889776
3844	5.9449903	0.06097573	2.8357611	5692.856	79.767008	63.396069	0.035042986	-0.50489081
3845	3.3783075	-0.96289878	0.7113748	1494.1952	27.443156	22.720168	0.42261101	0.24549695
3846	5.7281066	0.80263398	0.89917932	2640.7071	27.104033	24.382264	0.61953293	0.41998334
3847	4.8036843	-0.18170233	0.41798366	3494.2735	28.457464	21.566532	0.086108199	-0.15544071
3848	3.7732532	0.61386675	2.5530669	2157.5094	71.774147	33.848597	-0.15363205	-0.18645341
3849	2.3429116	-0.45714898	0.20829795	6056.6612	68.027355	43.369605	0.022874369	-0.20919019
3850	4.4702872	-1.0440127	2.4289427	6327.3937	81.469289	76.996678	-0.79090414	0.27009092
3851	2.1194758	1.2825386	0.78244419	1819.7446	23.50199	21.996821	-0.48067325	0.098413254
3852	2.7442775	0.30502809	2.3738797	1027.5537	51.139845	38.642577	-0.56957293	-0.13514005
3853	5.427774	-0.60138476	2.3898543	5729.3424	60.793274	47.070723	0.030157621	-0.48007101
3854	3.8010002	-0.65314163	1.9355064	1544.4204	55.769773	47.667473	0.22172361	-0.12277426
3855	3.2062121	-0.97089688	2.7218176	3818.77	50.019546	40.23703	-0.08015051	-0.40331223
3856	3.6289406	-0.22503287	2.9183497	4612.6883	58.278564	36.960932	0.4428378	0.052632742
3857	1.3307938	-0.33996245	0.22735396	5667.1756	76.161986	61.55711	0.15306504	0.69051567
3858	1.8626556	1.4760088	2.918038	6532.9332	86.371155	48.288749	-0.091990273	-0.086048407
3859	2.3515721	-0.52742617	1.2039277	3383.147	51.660614	48.281395	-0.60640922	0.72670746
3860	4.9682941	0.74989704	0.50967512	5559.9827	84.745004	78.85072	-0.10312492	-0.2361695
3861	4.1940265	0.067397194	1.087121	2242.2767	65.547478	44.058767	0.83076415	0.75940655
3862	1.368815	0.3449008	2.6853485	1215.7069	34.600334	16.927013	-0.0021727488	-0.0082772243
3863	5.8923136	-1.0348962	2.6489608	9413.486	102.1003	57.729053	0.21350549	0.12932456
3864	6.202824	0.80051044	2.8475452	3497.0533	44.536618	43.600813	-0.47695341	0.45176884
3865	6.2748079	-1.2737691	1.4164889	908.61306	53.294287	37.816888	-0.34843276	0.0081378455
3866	2.6711196	-1.0755272	2.2814029	6858.5399	72.782868	67.888834	-0.011592674	0.48675819
3867	2.8442577	-0.055613822	2.7703311	6258.7349	127.3738	53.736097	-0.087885202	-0.42158894
3868	3.9394708	0.50417791	0.60270687	1893.4631	31.134404	17.119391	0.086442583	0.10529892
3869	0.2982628	-0.80532884	2.6268305	1084.9613	17.199291	9.7814425	0.31878211	0.71473305
3870	0.32076953	-0.7390109	0.7378871	3493.3424	61.196453	35.373579	-0.13477744	0.030141955
3871	5.8714013	0.74442459	2.3961715	3760.4164	22.402806	18.660351	-0.08602619	0.10526911
3872	0.67509281	-0.60571362	2.5114195	1642.3298	22.165338	12.057558	-0.57259924	-0.56456065
3873	4.7429554	0.25865818	2.5816085	4064.4409	44.231246	24.454565	-0.15166952	-0.044501474
3874	0.058953244	-0.70962791	0.53197587	2754.2457	45.135233	31.441619	0.33606368	0.49279504
3875	1.5229823	-0.61817472	2.6378497	948.08437	38.057031	33.023422	0.081796208	0.20589928
3876	5.4288319	0.27942715	2.6751135	2274.9712	38.095383	26.261185	-0.36289443	0.64483314
3877	4.8174374	-0.38177077	0.51429227	1415.0151	24.279079	20.044916	0.18893725	0.0050012435
3878	5.4661115	-0.32342518	2.5599352	499.6063	26.206275	21.954192	-0.039066686	0.74303786
3879	5.8225796	-0.77800687	2.0848364	4489.1598	90.932389	78.775962	0.36010086	-0.04878992
3880	1.858783	0.54369721	1.1545331	666.42083	13.01277	11.624278	-0.051188719	0.011870377
3881	1.5607356	0.49641401	2.3853244	348.51614	2.6508972	1.3381941	-0.10089754	0.27015299
3882	3.1722394	1.459405	2.0563698	628.65815	13.680667	12.468372	0.019036128	-0.26472548
3883	3.8616116	0.53880408	0.48329253	2604.8587	75.069245	60.262761	-0.012319105	0.33038386
3884	0.95925515	0.79488015	0.52199675	3231.2457	81.787447	58.539917	-0.13184349	-0.17119948
3885	1.1540677	-1.4525284	2.0141806	715.83158	14.427235	14.370251	-0.45406238	-0.041478699
3886	2.8082373	1.1748682	2.1483826	769.96139	20.657706	7.7633048	-0.015355997	0.37222578
3887	1.358932	0.63254912	2.1878062	402.45842	2.3282635	1.73646	0.03654956	0.15692339
3888	2.4139641	-0.096057564	0.7157314	5783.3598	72.864927	43.314795	0.23347685	0.18378083
3889	2.8528729	-0.8306575	0.61715314	1790.9398	10.862178	10.66882	0.92397772	-0.027991914
3890	2.4196098	0.076330844	2.7564387	1164.6998	11.062382	8.7989072	-0.15037518	0.73442877
3891	5.1457409	-0.53993069	2.878539	6456.9013	146.55031	131.52132	-0.19521731	0.15008685
3892	4.0470818	0.62574439	0.82822645	1960.4015	15.194332	12.745629	0.051455723	0.022895351
3893	3.5127266	1.011462	2.5088734	323.62768	28.218307	28.053574	0.0037957515	0.079880273
3894	1.1804154	-1.1491216	2.2911902	5657.7413	98.518073	97.876908	0.15865456	-0.072909202
3895	4.1376625	0.5866234	0.48528988	2444.9146	63.691069	24.065422	0.79709477	-0.038452494
3896	5.4681095	-0.99287192	2.4071867	6900.7424	63.61235	61.694524	0.57345574	-0.25966504
3897	4.959928	0.24258882	1.2631878	2064.0709	39.850335	31.371488	-0.068721997	0.13073521
3898	1.0287794	-1.007817	0.73871323	2445.8848	19.243625	10.025137	0.16071657	-0.35136963
3899	0.26057266	0.64208572	2.489361	3292.8706	55.160974	44.67829	0.17929944	0.081501266
3900	3.1047484	0.578226	0.38272154	745.99383	14.377767	2.8464944	0.19072777	0.25677821
3901	0.90570168	-0.30763596	0.68614193	2921.9414	22.355844	18.99523	-0.2436373	-0.45844321
3902	5.6848647	0.38722599	0.96723295	1488.8017	27.579238	22.713151	-0.10180889	0.11824653
3903	6.1181031	0.74941618	2.493002	3669.1085	24.425305	23.687354	-0.2413137	0.22019267
3904	0.53516314	0.47009033	0.41116972	4218.9437	52.865968	50.758216	-0.18851399	-0.43170117
3905	1.4232292	-0.98912912	1.2996627	52.924014	1.2582352	1.1895188	0.02185845	-0.15678306
3906	3.3592741	-0.58533444	0.7686798	645.59474	3.2996561	1.8757061	0.25876743	-0.16485705
3907	5.4125974	0.33289161	2.5834733	2535.4982	78.007285	55.693014	0.13427728	-0.60790234
3908	0.48177249	0.49276734	1.4103848	1083.2222	23.049024	17.504171	0.0014514109	0.021781193
3909	3.1493756	1.1587621	1.6457664	3905.6127	94.231534	55.623945	0.89523923	0.073217552
3910	2.7821227	-0.48241988	0.21096227	502.62432	10.300704	2.0632435	0.46935615	-0.13583105
3911	5.4258051	-1.0614558	2.1373315	1190.894	25.474255	24.207674	-0.13102165	-0.31437022
3912	5.6203589	-0.76567462	1.5503763	1782.9297	18.157234	15.237137	-0.50477474	-0.069663179
3913	4.8233254	-0.67164658	2.4173922	6358.3836	44.125635	30.31245	0.042223384	-0.16614645
3914	1.1586407	0.3520178	2.5337082	1450.5718	51.702202	44.520959	-0.22545886	0.4711387
3915	3.6645916	0.93471885	1.073425	3073.5364	50.344764	49.167287	0.2791281	0.22811982
3916	5.3231894	-0.48085372	0.79371129	1089.3679	34.675576	32.386339	0.50100426	0.066226789
3917	5.226746	0.29155726	2.5939876	7925.3666	100.57788	85.81863	-0.12743532	-0.030438063
3918	0.47575567	-0.14585583	1.5300997	2028.48	63.556847	63.194738	0.24603874	0.48198228
3919	5.8233012	0.66723898	2.6006054	287.00781	2.2408655	1.8868602	0.064014886	-0.3194164
3920	3.4657405	0.26264024	0.35948064	1723.7621	34.386626	9.7029669	-0.17476626	-0.05474514
3921	4.7464077	-0.87024633	2.654899	330.19334	1.7925182	1.4943667	-0.10184801	0.12715532
3922	6.1160329	1.0732311	1.0019948	3435.0353	114.99704	89.829981	-0.33607774	0.34372266
3923	1.3213302	0.5288105	2.6261632	165.31173	1.632205	1.4696173	0.0044889029	0.37284758
3924	2.9719724	1.0646304	1.3942685	944.40333	18.643035	11.137392	0.51082077	0.18404973
3925	4.2072589	1.0905987	0.12171502	2922.3845	51.801315	51.767898	-0.4337228	-0.38442641
3926	2.2679808	-0.65074304	2.4968593	132.91511	2.3581381	1.3420927	0.014418772	0.077674704
3927	0.14905052	-0.81913782	2.9285266	5414.3297	132.47503	88.768705	-0.15238602	-0.17392581
3928	2.9562163	-0.97275239	2.1712636	5765.0508	71.896571	62.378622	0.34163774	-0.54489317
3929	3.5108333	-0.18762344	2.4080669	450.14785	15.685725	9.8935308	-0.75539841	-0.030382462
3930	3.4595954	-0.85310271	2.5095073	1297.732	14.723037	13.809743	0.58466146	0.16336683
3931	1.3315666	-0.65029375	0.14042475	1162.3917	10.051067	9.964368	0.49609295	-0.32157999
3932	3.1578315	0.83534185	2.2390625	4535.8346	76.87556	42.042604	-0.085528867	0.16066701
3933	4.0027323	0.44667263	0.48545622	387.72687	7.048525	2.4025196	-0.0066854129	0.15584643
3934	0.8025974	1.0214217	2.5597789	1994.2525	49.495552	21.708133	0.58771441	-0.0040995541
3935	0.65728918	0.37047965	2.3880598	442.29101	12.239547	11.720817	0.11255518	0.035131406
3936	6.2110003	0.37877089	0.84984948	151.75668	2.2118876	2.1372955	-0.034683808	0.004501342
3937	1.1862671	0.47639298	2.8746522	309.08252	2.6657443	1.8695861	0.24976725	-0.032206559
3938	4.0983272	-1.3204619	0.96623151	7055.0137	101.36927	90.598644	0.27886958	-0.54718989
3939	5.307005	1.2359817	1.3010285	723.5316	26.599273	8.0136505	0.48645639	-0.054012016
3940	5.0298178	0.031030264	2.1797778	235.07654	1.7702491	1.6260359	-0.011653978	-0.1842685
3941	0.22972982	-0.17758491	0.14125651	475.64786	41.056084	29.716372	0.41186279	0.49585748
3942	3.6480865	0.1237292	1.5236795	929.45288	34.70107	28.396588	0.2368834	-0.038649497
3943	1.9118599	-0.99947088	0.9005941	7329.9805	64.312361	56.114589	-0.15361701	-0.017966307
3944	0.85087461	-0.68763723	0.47660403	5011.1964	53.09132	36.354792	0.22045136	0.26498048
3945	4.5617477	0.67912795	2.0602091	6942.8987	129.18645	88.392779	0.02631396	0.56943141
3946	2.4301625	0.56026005	2.5465479	1873.884	24.130041	9.7491779	-0.66372052	0.14002257
3947	5.5602326	-0.20794665	0.43064178	1527.5034	11.621876	10.657353	0.050112576	0.38892913
3948	3.8200415	-0.69558201	2.0149913	379.15293	7.1463383	2.0986946	0.26499878	0.12719475
3949	1.0296114	0.91829763	1.0659831	1058.3475	36.288096	15.218734	-0.50438465	-0.28651682
3950	1.0151865	-0.7218057	3.0357484	85.509494	1.9751228	1.5429135	-0.30905058	-0.0089230759
3951	1.8926901	-1.1859472	1.032564	404.90062	20.992949	1.5797706	0.0041802922	0.0301546
3952	2.2435885	1.0912302	2.0566087	1888.1583	24.782938	21.089328	0.080194794	-0.27471702
3953	1.4451043	0.65997112	2.600811	3885.637	52.819157	46.062285	0.28251477	0.22854067
3954	2.5999108	0.84289554	1.1794223	1335.0954	46.870612	25.25138	0.64454733	-0.22090393
3955	3.4992578	0.65935832	2.5409122	1631.59	60.475489	20.803585	0.1147078	0.14536236
3956	3.625657	-1.0480361	0.52598153	950.46788	15.796758	10.471195	0.68826222	0.37118079
3957	3.7062052	-0.13926755	2.0415383	669.56902	24.959429	13.403634	-0.050723397	-0.24512129
3958	1.595917	0.69546523	2.0535273	3480.6774	64.642129	55.753431	0.0075163454	-0.0037528933
3959	3.8629524	0.12440427	0.34339597	2051.5309	14.175724	12.715385	0.33667896	-0.068224537
3960	3.1673061	-0.76475772	0.473312	4628.7313	98.463039	40.371021	-0.21523519	0.13294919
3961	4.583478	-0.46845007	2.0438623	597.38198	21.429199	19.913656	0.0004702337	0.3245186
3962	1.9051205	-0.27614748	2.7293536	401.11129	6.64102	1.4550277	0.3102781	-0.14606291
3963	0.31415066	-0.096674079	1.027013	3401.4017	79.10744	72.564612	0.21404413	-0.38048232
3964	5.2985604	1.3267049	1.6364375	723.02759	15.305303	14.130637	0.45844385	-0.42766916
3965	5.1265438	-0.73720541	1.9553937	2733.5006	89.36943	78.048462	0.010335229	0.34667798
3966	2.8005844	-1.2086018	0.17920104	7357.4322	103.63312	80.449248	0.35871574	0.016641482
3967	3.3384846	0.57181238	1.3090437	1981.6923	27.136351	22.523806	0.089635176	0.27774777
3968	6.0218913	1.0000625	2.2417427	1854.9855	68.611415	67.506234	-0.66745269	0.36468496
3969	1.6620267	0.50520435	2.8895679	1189.8218	19.845413	18.31826	0.58341017	0.30639782
3970	5.207394	-1.3086167	2.5223791	1754.2825	37.535957	21.977482	0.2611176	0.41221961
3971	2.065407	-0.92682091	2.1864247	870.85449	22.112017	17.621074	0.15995557	0.34207846
3972	5.39623	0.4291143	2.5571154	3195.5199	120.90056	82.34344	-0.096956859	0.083467922
3973	5.7610711	0.50550781	0.3045105	8893.628	136.10327	99.142593	0.091205804	0.065977796
3974	2.1208164	-0.03624131	2.2438416	702.51104	8.4926319	8.3379594	-0.0071610481	0.21196175
3975	5.4286519	0.31288301	3.0647529	783.30985	2.4494497	2.3771795	-0.16043303	-0.058534694
3976	4.2076231	-0.39778913	0.82000841	2009.3486	68.385694	60.138938	0.039121264	0.36171699
3977	4.6589946	0.31085285	0.93607981	4766.8901	89.996757	86.946612	0.41570328	-0.1148836
3978	0.8029188	0.95993146	1.295435	492.00872	16.941283	7.9774217	0.16915681	-0.48530591
3979	4.9515578	0.29258975	2.5508446	1542.339	11.146614	10.352199	0.18471142	-0.64369458
3980	3.9382238	-1.239737	0.34636801	1093.9564	33.089415	29.392535	-0.15052906	-0.33768811
3981	3.3543613	-0.39815433	1.4010362	1158.5553	18.59335	16.186103	0.48772157	-0.23118686
3982	0.98019495	-0.91856036	0.9241435	486.86385	91.359701	50.947101	0.12610179	0.54126701
3983	4.7921971	-0.70782325	1.9206923	484.05695	44.950688	38.081176	0.56260542	0.31255992
3984	0.086668275	-0.25831291	2.752689	4308.9155	57.865717	43.922484	0.0039836827	-0.21724731
3985	3.4584664	-0.35851224	1.1438052	8797.5823	98.939124	95.162984	-0.5318553	0.91273834
3986	3.3561209	0.23438835	2.8099472	5758.2324	132.66679	110.98539	0.10644799	0.18301921
3987	5.4797144	1.0562008	2.2206482	2197.351	32.615838	29.935564	-0.013086394	0.15537071
3988	6.2741561	-0.5341212	2.5116377	2404.5761	24.593267	21.852598	0.0043288999	0.51486087
3989	1.8217713	0.2652553	1.0400773	1171.1272	22.4022	13.165395	0.69650962	-0.43654029
3990	2.6993858	0.02432392	0.43958377	1111.3022	13.073127	7.300516	0.88739128	-0.099822541
3991	3.9217123	0.087265997	0.49544225	332.92865	2.2382007	1.483881	0.13924555	-0.025014708
3992	2.2392545	1.0096903	1.0624873	471.1408	17.754765	17.104007	-0.26536042	0.47102148
3993	3.6458755	1.213335	2.4406431	2642.4477	56.780025	18.569601	0.1611299	0.24805247
3994	2.340928	-0.48441025	2.9280996	1092.2677	86.470544	25.761128	0.33064881	-0.0031819131
3995	1.563682	0.55070042	2.9290546	4010.6083	67.840362	55.898174	0.38606415	0.46771941
3996	0.84114947	0.765498	2.1470298	1157.3835	30.477417	24.515363	-0.2668966	-0.20597345
3997	5.4148091	-0.69723619	0.93604235	1812.2175	78.398812	51.246517	-0.11876776	0.6922723
3998	3.2987264	0.51823105	0.62518588	1367.7684	52.502216	41.874846	0.22935899	0.12579812
3999	0.88123984	0.96471987	1.6074306	174.12139	2.425234	2.0243934	0.023991961	-0.038301284
4000	1.5585665	0.74644058	2.2615134	1373.6127	66.116302	50.834422	-0.2910268	0.30896383
4001	5.9492859	0.31179066	1.5623321	2220.1164	66.17551	49.766762	0.68436906	-0.082198425
4002	3.8449511	-0.056839558	1.0642369	1695.91	37.926574	20.420977	0.27195126	0.14175933
4003	1.7725249	0.078618474	2.195271	1291.7922	31.419869	19.935446	0.44987657	-0.35592834
4004	2.6707477	1.54865	0.28766061	1425.523	18.188182	16.961518	0.29985023	0.83982979
4005	1.6194759	-0.30874389	2.7592581	1085.2898	29.063216	23.578688	0.3597955	0.57177951
4006	0.085090974	-0.18648647	2.097233	152.35024	2.0395522	1.9698666	0.022076203	0.050389124
4007	0.84930326	-0.10483219	2.4698589	1813.684	48.984469	36.302299	0.34067968	0.26836117
4008	4.8170755	-0.77893525	0.85062203	1598.7308	40.794635	11.997249	0.26257275	-0.40352551
4009	0.522052	0.74192041	2.1682891	3365.0644	53.637684	52.158436	-0.33402023	0.46037195
4010	5.5779931	0.55059021	2.8382407	3037.2341	54.681056	45.314409	-0.1470253	0.05515795
4011	3.0187134	-0.86437267	2.2550019	911.74695	18.328431	13.17941	-0.14178492	-0.16259057
4012	1.1957534	-0.20198093	2.9662793	3011.941	77.281013	73.632374	-0.63027269	0.60047994
4013	1.8179711	0.5718355	2.2717239	1245.0375	41.519439	40.975225	0.075170818	0.30554422
4014	4.0701524	0.51177048	2.801624	255.84559	1.7055987	1.6664463	0.041894727	0.2283578
4015	0.21351083	-0.29613526	1.5302638	757.16248	21.702335	21.319907	0.3952806	0.36580436
4016	4.249634	-0.38644422	1.0488899	1800.7014	44.82786	42.507941	-0.79973244	0.13249992
4017	0.96811716	-0.050712183	0.57091927	2957.3541	26.498429	25.998209	0.039775873	-0.039922801
4018	5.0596754	-0.12293458	3.085011	1094.5074	30.127744	8.0936759	-0.064046427	0.096256828
4019	0.72354439	0.54347775	2.3231171	444.69803	8.532138	2.1178328	0.54901437	-0.21027426
4020	4.127998	-0.23588957	0.80948779	3046.6729	35.041083	25.187488	0.14547278	0.15575084
4021	5.8131369	-0.20997278	2.4713583	1672.7617	16.537588	9.9070616	0.1319455	-0.55317398
4022	0.50752318	0.24190414	0.46482442	1369.3688	8.3951994	8.3916697	0.16302034	0.61910181
4023	4.0697257	0.15287068	2.6190327	2975.5174	15.103766	12.036793	-0.18747331	0.43865353
4024	2.1486921	0.20789681	2.7783276	5409.8108	85.78025	77.667419	0.0030345476	-0.24143689
4025	5.8829723	0.030403088	1.269934	2878.8565	43.832437	38.433058	0.17578707	-0.019430642
4026	2.7095503	-0.41403773	3.0953261	5262.3716	82.427753	72.327978	0.61877792	-0.40884267
4027	4.7053694	0.61731194	1.1657045	655.32199	21.493199	10.21456	0.26539305	0.083495103
4028	4.4256048	-0.39013046	0.70794594	1990.372	40.033472	25.348392	0.18995909	0.043983529
4029	5.8067355	1.4060647	2.5475553	281.00379	2.7910363	2.5476663	-0.30380552	0.10881017
4030	4.2834138	1.0004587	2.1496789	344.47428	2.837155	2.2914451	-0.074679769	0.035349297
4031	4.2615283	0.25490189	1.1155543	1063.7622	13.225943	10.884125	-0.43987638	0.093817949
4032	4.6450124	-0.61189994	1.2575879	707.22039	21.260384	6.6201906	0.27050577	-0.57521075
4033	0.73533703	0.76966838	2.4687107	2003.1747	13.357106	12.860904	-0.071469519	0.70936212
4034	1.2354972	-0.58058453	1.953715	1762.2469	23.992947	18.846351	-0.23371006	0.037396285
4035	4.423084	0.96439017	0.82810361	2505.6372	38.531104	15.305447	0.35806538	-0.34577769
4036	5.4301452	0.83893258	2.4109191	857.57803	20.204908	18.286066	-0.39388581	0.030790617
4037	2.9367922	0.91330505	0.9350313	2378.3088	23.40856	15.729712	0.009561174	0.19967413
4038	2.2026601	0.11668514	0.95739267	1512.0952	47.796764	26.123082	-0.075519808	-0.12545063
4039	0.91682922	1.3469258	0.84887478	4629.2877	107.73632	61.516664	0.45631551	0.030762925
4040	4.7470811	-0.005790029	2.0174472	3273.2465	105.45984	96.061424	-0.1123552	0.60587142
4041	3.984951	-0.4437802	2.4475368	1861.2727	37.288263	24.466136	-0.77805017	0.28347141
4042	5.4424872	-1.4817047	2.1092897	256.73433	1.9554271	1.2743044	0.026587375	0.035435404
4043	2.0568291	-1.4865491	2.5176117	2710.8749	31.485739	22.587149	0.05579025	-0.22709499
4044	4.8946002	1.0270067	0.54165367	4221.3113	60.532402	36.635756	-0.59547949	0.38080432
4045	2.2704117	0.36257768	2.8015893	1624.5687	20.626095	8.4466196	0.86349988	-0.08938221
4046	1.8558836	1.0562561	1.3959615	1887.1965	33.179645	14.984747	0.19243818	-0.42700718
4047	1.7092668	-0.78347688	0.27461018	4682.5248	39.627466	28.135281	0.18329886	0.63546615
4048	5.5821	0.89664674	0.75664841	885.78528	12.04487	8.2713113	0.038963574	0.45625679
4049	0.86751839	-0.19708548	1.0982301	743.79517	10.360945	10.070433	-0.52836889	0.17109553
4050	0.33462754	0.77413755	1.4957058	1019.7152	21.703712	18.141499	0.050160305	0.69404636
4051	3.6389269	0.16203112	0.76469701	3807.1018	56.530188	32.647074	-0.59344324	-0.10274925
4052	0.53380165	-0.10449154	0.90754978	3418.3035	94.679414	91.671518	0.80626087	-0.26660002
4053	0.70294099	-0.8562148	2.4727876	141.35664	1.975373	1.6631454	-0.0073952443	-0.012637934
4054	2.3279405	-0.38396419	0.42838598	3370.3424	28.638972	24.367888	-0.27221775	-0.046554345
4055	5.6584944	-1.0053216	0.39407603	4860.1293	71.233608	66.470956	-0.2553088	-0.19215948
4056	4.5092692	-0.2644452	2.4118468	5164.5116	44.657945	41.320927	0.5681773	0.58643599
4057	0.72011694	0.36517986	2.4162912	6922.4213	173.8894	95.118542	0.76840848	0.33361387
4058	0.65263341	1.0110326	0.48796811	1729.378	24.111051	21.848108	-0.28322687	0.041614225
4059	3.5403192	-0.7861445	0.93875867	1737.9326	20.484565	10.313717	0.075221543	0.49688091
4060	1.4024467	-0.8382489	2.551509	5080.1211	57.562226	45.787909	0.012157075	0.06756349
4061	5.69149	-0.96009645	0.83489038	1923.9384	34.520261	15.273834	0.48344287	0.0029509121
4062	3.0864575	-0.15425141	1.049757	864.54469	24.624059	22.506225	-0.58281894	0.053053702
4063	1.9162367	0.39893499	1.1867646	242.94105	2.1136107	1.3311013	0.00092758068	-0.15552717
4064	4.4644385	0.24083501	0.33763404	2018.6052	32.001703	14.869369	-0.06958906	-0.42802305
4065	5.9377834	-0.50617325	2.4682267	845.36602	31.076735	30.540016	0.14718	-0.14523865
4066	4.1718061	0.1404054	1.7080864	898.39444	19.453199	17.353577	0.079697955	-0.72282738
4067	2.3075481	-0.10765905	1.0319715	4122.2899	73.1326	72.850622	0.20936754	-0.1324095
4068	2.8144547	0.97370081	2.5851244	3083.9382	23.200659	19.927869	-0.00061233501	-0.010792604
4069	3.3199386	0.11292824	2.6906725	7542.2937	88.18879	87.240342	0.058244772	0.010337025
4070	0.14772272	0.41437794	1.7445438	460.85133	14.225143	11.771553	0.31368915	0.70289513
4071	2.6412296	0.64936938	2.362651	1280.1063	22.956952	17.105581	-0.34005728	-0.1835043
4072	5.9259198	-0.027526705	1.0427738	1060.6063	25.68357	21.291981	0.27193077	0.4690829
4073	1.1046217	0.50967249	1.1816115	1169.7187	30.652493	18.762112	0.0066608233	-0.069594788
4074	3.5955631	0.45531287	0.46611846	280.48142	2.2063617	1.3324051	0.21758592	-0.004851423
4075	5.7934658	0.19437666	0.9890889	1177.9879	23.087663	18.486202	-0.10046295	0.027322151
4076	5.5924539	-0.030550939	1.1534651	1975.3116	37.530991	33.960933	0.59969728	-0.14397504
4077	6.048527	-1.3342884	1.4480759	1083.0026	30.289274	16.324352	0.37244617	0.077285632
4078	5.2035569	-0.79846583	2.6763964	2186.1619	11.956552	9.1422142	0.18793238	-0.22458259
4079	1.0436395	-0.81973257	0.58344167	2727.8265	24.939882	22.796147	-0.22604101	-0.46659433
4080	2.0872262	0.49572119	0.32764694	3246.7118	34.801051	30.504883	0.51673251	-0.018128809
4081	4.2578648	0.5444905	2.8077846	9928.6081	97.813892	81.31204	0.69194965	0.013860807
4082	0.49828044	-0.028599414	2.3615956	942.42543	54.231761	24.398924	-0.42686966	0.012738268
4083	5.1958048	-0.053720104	2.8801065	1593.9752	35.488759	31.408018	0.061389433	-0.41551902
4084	0.72713979	-0.48743548	1.3676123	2088.9116	31.490089	26.672821	-0.067167707	0.2264559
4085	0.30765559	-0.95288738	3.0394108	325.7564	2.3809686	2.3701668	-0.27303761	-0.038987539
4086	3.2173694	-0.62421023	2.6814566	454.06078	3.0390024	1.4859415	0.055833817	0.039690253
4087	3.9037336	0.38525324	3.0536346	1552.2667	14.066615	13.197315	0.0021541017	-0.097447573
4088	0.98090681	0.69554769	2.2411931	2023.998	25.683448	22.569307	-0.34140445	0.67582718
4089	6.0321803	-1.4827247	1.0154829	1197.9507	38.960275	26.408091	0.061271037	0.005004096
4090	5.8994414	0.41375594	0.53510074	4144.2295	124.86871	41.233833	-0.21972097	0.1083902
4091	2.500039	-0.33940423	1.9235833	358.99584	72.634067	27.051547	0.075037901	-0.060878288
4092	4.2505448	-0.70643603	0.58039651	1711.8666	13.44841	10.102531	0.32199556	-0.13978975
4093	1.7079571	-0.32016192	0.77363796	1802.6522	43.588269	30.7369	0.019939213	-0.057634732
4094	5.8470177	0.2144193	0.87321787	1653.8939	35.800125	23.228214	0.3388226	-0.36865059
4095	1.9179347	-0.048000045	0.90367021	505.43597	18.529413	14.553952	-0.27352484	0.52779458
4096	5.7848322	-1.0252515	0.63635489	1918.136	62.749672	53.793529	0.35093886	-0.28020771
4097	0.59942263	-0.49023553	0.16451686	4016.9238	25.333996	20.095365	-0.30164907	-0.031865315
4098	1.1800859	-0.48928315	0.99774606	2955.6457	87.661968	82.134455	0.083630714	0.017175658
4099	1.7210306	-0.81568928	2.6652102	7003.0262	86.725885	65.746937	-0.26847103	0.021907018
4100	5.3347742	-0.78207926	2.3068667	1287.1496	43.810323	18.078593	0.22429285	0.10856191
4101	0.059476696	-0.29341875	0.25372806	2467.1372	35.593579	34.054977	-0.045685879	-0.10601694
4102	5.3501297	0.74335077	0.85996361	2275.9682	85.379157	38.528384	0.35954743	0.52294293
4103	4.5038039	-0.96990351	1.0227593	848.16302	17.113519	10.340409	-0.66601246	-0.11516518
4104	2.4012145	-0.10223357	2.2892025	820.89861	18.357574	14.12508	-0.34477882	-0.097425814
4105	4.1113419	0.53413795	0.70200488	782.11932	24.679138	19.302256	0.14070158	-0.038055902
4106	5.2441658	-0.39910025	0.58741787	172.52022	2.1763752	1.8248806	-0.019715237	0.062253865
4107	2.6725759	-0.23172799	0.32153567	4322.5645	84.982347	43.317629	-0.050314365	0.27014326
4108	5.1880508	-0.40357237	2.771177	2840.3455	62.241048	52.146122	0.1587279	-0.39804157
4109	3.3324811	0.91132357	0.42775817	1768.531	27.807168	9.2327675	-0.26788341	-0.23731399
4110	2.9293587	0.10210594	2.2578133	561.02044	36.909072	23.149034	0.13799686	0.40181787
4111	1.080899	0.1221817	0.62510073	9438.9879	93.351678	65.712211	-0.10913602	-0.45271874
4112	0.20283999	0.068207548	2.0397958	959.69707	25.123191	13.829045	-0.17691493	0.60037287
4113	4.8020755	-0.66454821	1.667793	1523.2086	37.416342	37.222041	-0.082921498	0.93142363
4114	3.2284728	0.3090508	2.8429287	1543.2052	33.946992	33.079778	0.058092179	0.076981563
4115	2.2425456	0.63522086	0.28907133	472.05142	2.0631967	1.4997214	-0.0032420793	0.067806272
4116	0.45299491	0.85793304	0.8779215	3745.2298	60.651194	49.04125	0.16359952	0.058591985
4117	5.8634981	-0.67788169	2.6976074	1496.1621	25.146043	14.243956	0.086660729	-0.25051037
4118	1.7118437	-0.68966264	0.80551378	1928.4422	20.474742	10.461979	-0.22312989	-0.21364397
4119	1.2408186	0.89625436	0.54960594	3544.1434	48.167375	33.805821	0.44168095	0.24653027
4120	1.2526459	1.0878832	0.48132542	3034.3563	26.073422	12.945745	-0.0056367734	-0.058871362
4121	2.8358365	1.0982765	0.24687802	4800.9373	34.232595	34.131046	0.43616649	0.26015233
4122	4.8212367	-0.5559129	1.1781915	4285.9193	71.148954	61.687679	0.46306766	-0.35416127
4123	4.6294111	-0.53452451	2.9038855	2180.4127	90.17704	68.766179	-0.42856439	-0.8886558
4124	3.8875556	-0.45923124	2.3030158	1381.1365	11.516502	11.093759	-0.48130579	-0.10207965
4125	4.2744349	-0.34333799	2.7282997	2242.6684	20.178129	18.463772	-0.6145321	-0.084384622
4126	3.8949421	1.349804	0.79059353	2206.882	53.656114	26.478664	0.36658611	0.12204631
4127	1.7319119	0.56399737	0.65060144	567.6016	52.984621	25.754679	0.22463188	-0.48541582
4128	6.1474315	-0.47239926	0.82115492	463.13875	14.675506	11.46453	0.62093848	0.36451307
4129	4.395574	-0.04751672	0.78960261	2731.8709	36.738863	36.674964	0.11993917	0.56174178
4130	5.1020082	0.37445364	1.2045977	894.80671	32.317887	7.8160458	0.40754372	-0.60402112
4131	5.3428856	-1.2256578	2.9155075	3464.6401	21.77265	17.66878	-0.24632636	-0.079540172
4132	3.778884	0.21452095	0.87566451	1040.9664	14.550127	11.798658	-0.28159459	-0.23410194
4133	3.9370017	0.24804897	0.6581587	2936.1204	45.294808	40.274814	0.61712795	-0.21529793
4134	1.1986391	0.35148759	2.8395593	664.29092	25.530419	18.301175	-0.11119785	0.136804
4135	2.0128589	0.1896764	2.4547324	1418.3584	22.59021	17.188006	0.49523176	0.13588264
4136	0.35733036	0.17521978	0.80763172	1295.0069	30.524356	18.303743	0.3113859	-0.025423628
4137	4.8602511	0.07147093	2.4387675	1824.4946	24.54618	8.030919	0.23761569	0.10895129
4138	0.25163422	-0.35427731	2.2060541	2022.1575	38.410051	32.60691	0.36030574	0.67815008
4139	6.2632404	0.87825546	0.5182888	278.96118	1.8240074	1.6945243	-0.0014954373	0.0038771447
4140	0.03307695	1.0081697	2.9039471	1629.3974	25.111499	9.1131535	0.23738336	0.0047676659
4141	3.3372042	1.0105322	2.8242197	7851.3775	57.930623	49.992152	-0.21876329	0.54202899
4142	0.0089220066	-0.40476499	0.34191077	923.85105	12.894645	10.745944	0.69479755	-0.08977599
4143	1.0653599	1.3089932	2.4740396	850.2948	14.179197	12.729212	-0.10556039	0.040992436
4144	0.5113498	-0.56456421	0.32528605	4039.1256	54.800621	51.731027	-0.032935046	0.51403581
4145	5.940742	0.19918741	0.20388269	1090.4277	37.984133	11.335968	-0.51273053	0.48752824
4146	0.065148153	0.25457596	0.76676311	2562.9953	87.861834	76.199932	-0.43100367	0.0053642647
4147	3.420267	-0.74963152	2.0432062	3079.2378	34.725234	32.580835	-0.0043861245	-0.32140282
4148	3.6872372	-0.48333783	0.52412727	8379.7106	76.010131	63.946277	0.053250472	0.10587264
4149	4.4076368	-0.63500158	2.5423575	1696.4883	34.15135	29.413133	0.14750009	0.048620422
4150	3.4452116	-0.82850388	2.4015497	1919.7703	39.041667	35.874968	-0.22172424	-0.55668425
4151	1.6717617	0.53894568	2.1156566	677.93969	13.231952	7.5318369	-0.034731335	-0.021363985
4152	1.2292494	0.89502827	2.6683645	1736.0801	31.770996	21.578221	0.07634731	0.1837819
4153	3.3375928	0.46530173	2.5504948	1186.6159	18.815053	10.656501	-0.055881198	0.076506786
4154	3.7290129	0.26632415	0.1806543	719.04556	13.188355	7.8566739	0.079611366	-0.55685496
4155	5.8415386	-0.058343676	0.36305229	207.45377	2.2818908	1.7227048	0.016189878	-0.19071428
4156	2.31674	0.68221894	0.40158885	1997.8727	52.987715	22.078142	0.084574758	-0.04354023
4157	0.98069922	1.242507	2.2695813	79.510634	1.5392807	1.4018571	0.11968681	-0.23682396
4158	3.7901365	-0.54355236	1.087717	2293.6082	70.259652	40.062085	0.034145578	0.25795504
4159	5.5816582	0.31793187	1.0663413	1319.8981	24.325886	14.730614	-0.005105214	-0.46307843
4160	5.2598523	0.97761899	2.5498564	823.76483	33.47935	26.669813	-0.066989834	0.21233684
4161	3.8885467	-0.79562548	2.7985602	6874.5012	72.848166	51.583047	0.106187	0.032167711
4162	2.4898063	0.19466537	2.1257593	1256.4299	42.96527	20.750725	0.36758727	0.51503841
4163	0.64979067	-0.16968987	2.514082	3357.4951	27.764616	23.036586	-0.081967615	-0.042928921
4164	5.4475464	0.69735261	2.3752613	797.26691	9.9140153	7.9717995	-0.37360208	0.012424567
4165	2.3878234	0.54759105	2.683211	3813.8045	90.795665	81.116965	0.51902965	-0.011065634
4166	5.967488	0.13903872	2.8128732	6897.6994	63.446997	62.513101	0.1418835	-0.080881072
4167	1.779794	-0.69877371	2.7433708	5871.5754	57.934913	51.341089	0.49482722	0.57253521
4168	0.082116842	0.72932537	0.59808301	5369.5467	59.170929	45.287409	0.40563384	0.76428388
4169	5.4658918	1.4132828	2.5208692	219.27765	2.3791524	1.860518	0.095974929	-0.0047098777
4170	1.0801732	0.78236528	2.7361773	3408.9651	72.839357	60.836286	0.03514922	0.33753049
4171	5.8909961	0.81607139	0.31773191	3029.6342	36.299233	26.337369	0.078674821	0.089758144
4172	5.9899619	0.12309331	2.0650898	5547.4233	152.53969	109.84579	-0.020543884	0.24774007
4173	6.2190162	-0.76244255	2.2342958	2532.5058	50.178191	44.044445	-0.11836735	0.20264753
4174	1.7489656	1.0884532	0.60227371	3006.7524	60.191348	39.406353	-0.4150142	0.084483418
4175	3.3709311	-1.1457263	0.51026884	610.37166	13.560926	9.2285713	0.49515518	0.1577319
4176	0.38929708	0.17763284	2.2115471	539.92383	21.780551	19.188312	0.077022232	0.12556355
4177	2.190767	0.042346425	2.4834926	3682.7342	73.631687	69.714333	0.013639415	-0.1887293
4178	3.0436747	0.13804132	0.99240156	1300.2796	41.280315	33.04681	0.041596853	-0.28840762
4179	4.8606243	-0.27985378	2.5117983	1843.1272	31.592136	27.745143	0.43302392	0.45855855
4180	0.31661434	-0.03310432	2.4146596	2221.7331	24.094587	22.682731	-0.55550074	0.23036711
4181	0.59246856	-0.24283799	2.5036019	3455.9269	54.041581	26.623627	0.034471019	0.35578737
4182	5.5799865	-0.17733367	0.72900299	878.98609	15.648475	14.026635	-0.02954252	0.43332822
4183	0.69324206	-0.20028715	1.1396963	2794.4963	69.302506	55.917538	-0.0015120849	0.48514051
4184	4.7628525	-0.85213079	1.7543076	1726.1641	22.481408	22.417837	0.068330953	0.020963815
4185	4.7664704	0.69975041	2.3998123	4136.3618	28.5697	27.275994	0.058520716	0.58834001
4186	6.072558	0.91885144	0.10648669	1528.3765	53.189183	18.874119	0.52281101	-0.17015788
4187	3.8923533	0.37076759	0.26824956	4089.7414	40.444708	38.451839	0.50465074	0.83933785
4188	5.8911309	0.89533154	2.5066541	370.493	1.867111	1.5512825	0.040833035	-0.035546686
4189	5.9012093	-0.76836095	2.91486	4462.4807	48.192789	30.046001	0.030247497	-0.14337173
4190	3.6069421	-0.4505658	1.961868	1405.7897	58.688138	25.203342	0.62008963	-0.074884745
4191	2.0558474	-0.63879502	2.7741523	11328.757	160.18267	155.26028	0.31718272	-0.22091009
4192	4.6837274	-0.71025787	0.36611863	1579.5352	60.618684	58.252908	-0.34368413	-0.32165618
4193	0.62888524	-0.20362371	0.36876677	1725.3527	25.724307	23.121063	-0.42869029	-0.093148994
4194	2.9743449	-0.014614415	2.7781658	1813.5462	24.258012	19.696965	-0.47862791	-0.071028608
4195	3.5127877	-0.046408451	2.8079095	396.62607	6.7550567	1.4279042	-0.034894827	-0.065049427
4196	4.340095	0.032438198	0.69060269	522.32444	8.7078625	8.467431	-0.007809196	-0.017472439
4197	5.8918817	-0.57148651	0.64963243	10221.109	94.834837	87.710243	0.45343383	-0.27730769
4198	1.744639	-0.99222717	2.5637077	2165.4054	35.544024	14.647255	0.78313278	0.15151063
4199	2.8295093	0.76597784	2.391161	1554.5314	18.177881	10.387192	0.062517039	-0.087630319
4200	5.0996657	0.74295904	1.0214386	1750.6055	56.904032	50.95858	0.00068390002	0.46563078
4201	0.13824325	-1.1757334	2.372645	670.7102	42.229166	27.339904	-0.3501106	0.16255368
4202	2.024945	-0.32678678	2.5741104	4240.426	66.727693	49.93614	0.29216958	-0.16540242
4203	1.3360408	0.60583016	0.31723138	420.42433	1.7260305	1.6479556	-0.20569118	0.0010158509
4204	5.3736754	0.48186069	0.82082564	2014.7226	20.171679	16.7769	-0.14900797	0.043638692
4205	4.094095	-0.40909161	0.51365193	7546.7314	115.4952	115.07897	-0.10314329	0.48447821
4206	1.0616681	1.2416557	0.71159293	5093.6916	57.354946	56.870941	-0.0030133655	0.48272562
4207	0.83147134	1.1723689	2.8977874	82.612722	6.5415693	2.1816272	-0.13800305	0.11901134
4208	5.4946006	0.67477702	2.2558611	3745.6669	72.246481	44.882127	0.15586747	-0.23032347
4209	1.2880301	0.11535094	2.8219403	4892.7207	125.44341	124.05114	0.38324486	0.14109926
4210	3.113235	0.93729824	0.1261033	929.28664	11.60283	9.1669771	0.15634981	0.14204469
4211	3.3424367	0.22916414	0.58499092	3919.4204	128.6941	87.651496	-0.096956859	0.083467922
4212	4.1266014	0.0837828	2.7160047	4619.3811	41.881049	39.44655	-0.033676502	0.83982827
4213	5.029538	-0.44348146	0.29814201	2036.3899	37.167044	15.065244	-0.11693836	-0.046243672
4214	2.0631122	0.83719267	2.16416	1318.1913	20.97269	9.7368503	0.070775804	-0.49511565
4215	0.49762224	-0.098047638	2.2004925	3648.4803	59.528541	42.381508	-0.45655548	-0.00013222703
4216	1.8931128	-0.25996127	0.79585961	1339.8387	16.736656	15.831566	-0.037051484	-0.20256729
4217	1.2496966	-0.23590884	2.9873623	6552.0491	130.90436	106.5967	0.29839258	0.29457904
4218	0.71630846	1.4630531	2.4423037	1161.7025	44.523965	15.366974	0.18340569	0.11704567
4219	3.0261882	0.2229287	2.564439	1098.239	20.355113	17.688104	0.057252753	0.44598604
4220	5.332784	-0.56385056	2.9116036	2902.2629	34.097412	30.033576	-0.55033691	0.027826564
4221	1.7372365	-0.95891171	1.5901523	2566.5852	52.316183	49.626259	0.40885214	-0.027275796
4222	3.6229094	-0.42408831	2.7492471	8269.3279	95.658052	53.908019	0.39023272	-0.07651068
4223	0.82688897	-0.57213947	2.9387788	1250.5511	20.652082	16.231734	-0.53729101	0.50203768
4224	1.0698302	0.73590583	0.52078116	1592.7483	11.589968	10.078032	-0.011040248	0.32212681
4225	2.681611	0.66187731	0.69161211	2391.4011	24.506711	24.17924	-0.18778685	-0.31179691
4226	5.1872842	0.6055642	0.91033987	593.98394	7.3626318	1.9590815	0.08915395	0.069786017
4227	2.7430062	1.083979	0.22571423	347.90768	2.0188693	1.5789876	-0.15498403	-0.15410736
4228	5.1407108	0.46459419	0.78826512	1058.2251	12.772609	4.2130315	0.20859946	-0.44882901
4229	4.2616721	0.041097703	0.86410201	1135.4986	32.903384	26.694528	0.80561573	0.21675422
4230	0.62359273	0.2332313	0.90001374	1655.29	22.786821	17.458043	-0.25856838	-0.84499934
4231	6.1460185	-0.50440846	2.2114366	144.4887	1.9766058	1.9211956	0.017402988	-0.27800013
4232	1.7968033	-1.4583869	1.5191698	615.8873	31.405347	23.560847	-0.0034450432	0.085956398
4233	1.6097032	-0.40050031	2.8122028	1367.1493	10.413779	8.4108338	0.17816579	-0.21174509
4234	5.8429663	-0.31907155	0.72318933	1373.96	37.420639	30.693134	-0.2129344	-0.25422385
4235	3.8568213	0.17537567	2.8652684	2786.5914	60.98864	55.618298	-0.096148636	0.38237324
4236	0.58755799	0.69645889	0.55598054	3368.3333	47.014779	22.192779	-0.068270762	-0.023481985
4237	2.4789935	0.68412178	0.10964169	4876.733	45.55379	26.764518	0.004134526	0.48539575
4238	0.81589123	0.93953794	2.2517162	2164.5154	51.940252	39.20582	0.24877897	0.26416251
4239	0.41033809	-0.92419989	0.7194316	3015.824	46.827941	46.553691	0.0057221959	-0.13961266
4240	1.6230088	-0.60966677	2.3624671	2136.0292	31.550964	31.38735	0.045252681	0.14689645
4241	3.7906173	0.10994524	0.65150112	2131.4565	55.51714	22.450366	-0.12831754	-0.17375351
4242	2.3418651	0.20241452	2.9917584	5576.923	77.610469	73.349705	-0.79090414	0.27009092
4243	0.46009381	-1.3641846	1.4144134	418.43407	35.532984	18.488366	-0.29380948	0.21088507
4244	0.40242044	-0.85891834	1.5948438	1415.9085	43.511684	41.732398	0.226438	-0.016198662
4245	6.0447292	-0.558885	0.86171203	1005.7074	9.8039193	9.6010298	0.10782947	-0.084602528
4246	2.5760629	0.15640412	0.6018799	1704.4044	22.310781	6.8514665	-0.33285961	0.57578214
4247	3.8121625	0.20605521	2.6579109	1484.942	50.074864	26.021439	-0.12933386	0.23288017
4248	3.9490405	1.4848172	0.096965611	2854.2697	66.633982	50.267436	-0.086120445	0.019885788
4249	4.4940729	0.24104897	0.84437203	2018.3692	33.313298	23.767764	0.0050367986	-0.40948011
4250	5.0685218	0.71946844	2.3537948	2864.6021	26.962953	26.528404	0.37644621	0.0060634232
4251	5.4864192	-0.53217118	0.27639805	2610.7131	67.358672	51.88891	0.0048173072	0.019104199
4252	4.0862817	-0.14941236	0.44517339	2202.3575	33.331423	26.626489	-0.48667087	-0.041741408
4253	2.19848	0.8048947	2.1957005	534.14584	8.6642864	7.2770972	0.41875209	-0.27944476
4254	1.1116465	-0.75111951	2.4979098	12452.542	132.73303	91.547541	0.51545853	0.076062253
4255	3.2808192	0.079809928	2.2808746	2609.8278	79.69532	74.341362	-0.27009678	-0.053722504
4256	0.52711282	1.1934274	2.5284851	1951.5358	45.081939	32.737855	-0.37099315	0.24311421
4257	3.7377082	-0.28776022	0.47856564	5364.881	61.57353	52.822178	0.28352556	0.20257731
4258	5.2190872	-0.25686005	0.42651126	3566.9377	36.858903	23.88371	-0.19382498	-0.63796574
4259	1.037931	-0.38592098	0.71076429	6365.9264	70.363954	66.746074	0.40885214	-0.027275796
4260	3.1296045	0.84881532	2.0047274	361.69372	1.8588505	1.8484642	0.069587598	-0.076287836
4261	1.8830383	-0.056755843	2.616044	2417.6177	41.417141	31.909229	0.57318293	0.059879447
4262	0.30545014	0.35376596	2.633597	1299.4085	13.780413	8.0620536	-0.55683772	0.36135723
4263	2.9316837	-0.4705668	2.7156498	1020.2925	16.550101	11.850082	0.47178723	-0.20315735
4264	2.3549992	0.53116528	2.6276022	626.92675	2.8372708	2.5850264	0.14420911	-0.098303807
4265	5.0539307	0.080948278	2.7605926	777.94657	19.302678	9.2252202	0.36795994	-0.10380919
4266	4.1695672	-1.2038251	2.294293	1252.298	37.298043	34.533593	0.093213751	-0.17162382
4267	0.084617621	-1.4043298	2.9001158	200.04185	2.5956747	1.2405511	0.16344019	-0.09556082
4268	5.635597	0.82097524	1.2459424	3309.3109	97.76305	75.727776	0.29422733	0.17508203
4269	1.5056422	0.34724599	1.3017678	1899.2703	59.923391	24.516397	0.21268522	-0.060606681
4270	6.1079674	-0.0091518693	0.61838856	2036.432	25.076407	17.229717	0.31955629	0.32424422
4271	4.258114	-0.87431677	1.6638121	940.66122	10.569013	8.1591663	-0.24618051	0.38466048
4272	5.92637	-0.1956681	1.2457432	1298.5743	20.00879	17.896566	0.64308879	-0.020613235
4273	3.1658594	-0.10542497	2.3929973	1342.42	13.904397	7.5201386	0.16823321	-0.087911355
4274	5.5496797	-0.32739844	1.8194787	1247.0592	36.686344	33.614218	0.085949637	0.44621519
4275	4.5297419	0.91291881	0.7328974	1227.6046	37.774459	28.593552	-0.5254428	0.38691371
4276	3.5362511	0.40453163	2.1622078	758.47039	35.796978	17.983146	0.26316623	0.067084613
4277	0.54931245	-1.3221751	0.8742765	831.76437	15.060763	11.354264	0.0068354555	-0.016693444
4278	2.414168	-0.24281653	0.8801305	6112.1634	95.56015	63.858506	0.12383126	0.34100928
4279	5.3901421	-0.96092313	0.27249755	1682.7545	24.051864	21.340539	-0.65162568	0.026492557
4280	1.1235413	-0.42933002	0.46477818	1416.4356	11.135526	8.0519546	0.25154124	-0.12300023
4281	1.9087481	-0.93189565	1.885898	142.46228	2.0810578	1.4577766	-0.046303984	-0.27136251
4282	0.84583353	1.0289595	0.23645848	3066.2458	82.892763	82.350316	-0.311108	0.086267458
4283	1.7070333	-0.34684213	0.5950229	2914.2582	26.067327	18.315924	0.31753364	-0.1017357
4284	4.376374	-1.5135863	0.35977181	62.799385	1.7887741	1.3034744	-0.012265276	-0.0012850507
4285	3.9783002	-0.012083413	2.1300371	1926.1554	51.71977	36.931209	-0.09503315	-0.38675837
4286	6.2650355	0.63091511	1.0572179	1647.749	30.110201	11.790404	0.19328217	-0.01112978
4287	2.7139538	1.2391109	2.7170824	1444.3631	28.738898	20.924123	0.26092006	0.47503963
4288	4.9020921	-0.45450729	0.82923284	226.7424	15.651192	10.180808	-0.30210947	-0.18013441
4289	1.0392997	1.0965601	2.2952982	1255.2387	12.603798	11.972299	0.081519121	-0.18306019
4290	5.470546	0.66403253	2.4269133	4230.2461	61.842391	55.099209	0.0060434223	0.051855934
4291	0.19862484	-0.20101197	2.8727906	2210.349	27.443382	26.975369	-0.23195927	-0.48738351
4292	6.192069	-0.41223296	2.7371056	1508.7685	22.145891	13.999113	-0.058700529	0.13522149
4293	3.1528219	-0.43266841	0.33265821	272.70032	16.810383	13.332779	0.86895395	-0.098347911
4294	3.8988994	0.84945232	0.67025562	1190.0739	48.827028	41.9996	-0.052860856	0.38472754
4295	2.4262277	-0.49459587	0.61350854	228.29179	1.757207	1.6877199	0.22349509	-0.10750802
4296	6.037576	-0.062737108	0.58288283	2416.1076	25.06495	17.256659	-0.0086344006	0.38339636
4297	0.037319162	-0.80096855	2.5797652	469.53047	9.6552776	7.9219359	0.12302079	0.66263935
4298	0.35166909	-0.31576332	2.413943	3375.899	56.647247	46.186778	-0.32433294	0.23999834
4299	0.17840715	-0.56423888	1.2749961	2369.1731	94.272964	76.767402	0.29839258	0.29457904
4300	0.23665338	-1.1117837	2.0425722	2459.9976	62.545156	46.585602	0.024051128	-0.24651198
4301	2.9280217	0.7586895	0.36197586	2204.7429	42.564639	40.988088	0.058666201	0.0045066098
4302	0.19805593	0.066748942	0.84426837	2092.9238	25.126971	22.952731	-0.14369271	-0.22328507
4303	0.9096674	0.44842492	0.92863452	1252.5198	25.085662	17.022045	0.15082808	0.11652283
4304	4.5107159	0.74669212	2.8128601	3898.8799	44.752004	42.661294	0.44845241	0.037150761
4305	0.24086432	-0.93836039	0.81430153	2784.1536	41.62323	41.590257	0.018251736	-0.0061456793
4306	1.8006474	0.80578099	3.000535	2042.0808	33.144797	28.860598	0.16547718	0.81101634
4307	5.3110789	0.7561832	0.43418841	8366.1056	138.88264	113.94198	0.17632405	0.58174224
4308	1.0351518	-0.61935519	2.5467407	9671.2369	127.07496	126.24338	-0.311108	0.086267458
4309	0.24853916	0.022557759	2.9308444	1265.2511	8.4063834	7.3835831	0.84583458	0.039654884
4310	1.3584501	0.99803884	0.8941881	306.9957	1.4291155	1.3285053	0.024426466	0.062812288
4311	0.85262048	-0.56442105	1.8758942	1139.3977	26.912596	24.331043	0.19190738	0.73030443
4312	3.8075013	-0.62117798	2.0784378	6250.0437	89.14918	41.684607	-0.024384632	-0.061730699
4313	0.91756905	-0.13617453	2.2062101	551.66051	23.576189	22.413675	-0.057821578	0.00088627521
4314	4.9426867	1.143536	2.5418524	4269.5753	96.694564	61.684477	0.056228335	0.40670455
4315	2.7842975	-0.83015625	1.2107285	139.61027	1.7155643	1.533418	0.0083100659	-0.23726382
4316	3.4810211	-0.64340604	2.7742149	529.70634	2.1597921	1.5651543	0.019284546	0.3009561
4317	2.4518007	0.45075626	2.6511177	3657.9222	51.475921	33.702083	-0.11274984	0.47074291
4318	2.9486731	0.92403251	2.801112	3846.8111	37.686342	31.657244	0.10302866	-0.08127501
4319	1.5211956	-0.10761551	1.2639993	1007.6438	18.311576	12.906138	0.41410494	-0.25426555
4320	3.5959931	0.47908688	1.2383456	995.01965	19.627083	11.447633	-0.29038015	0.45396611
4321	0.26218838	-0.17503559	2.5529477	4454.4892	52.171948	30.468111	-0.34714925	0.67507374
4322	4.1585053	-0.49445039	1.2439652	154.52486	17.706542	15.900343	-0.019739995	-0.040453156
4323	0.14599174	0.68894165	0.72255479	1093.026	15.06583	9.7580899	0.0040213466	0.039523885
4324	3.8634856	-1.3391846	2.8114287	674.19751	2.9078573	1.9230329	0.48007526	0.23356889
4325	2.5039112	-0.29593517	1.6888972	689.21213	38.674509	25.26973	0.26213157	0.25159697
4326	1.592016	-0.58393565	2.2101258	1657.2106	60.224737	39.450659	-0.085889556	0.16823642
4327	0.33771872	-0.63319463	2.8444778	3983.4815	94.135296	32.683592	-0.51919354	0.17213222
4328	2.2213939	-0.0196773	0.65601532	2408.3438	52.417736	47.76233	-0.43273595	0.29542
4329	0.96595013	1.4403108	2.3466413	3619.6921	63.047967	62.674029	0.17435745	0.0053307291
4330	4.1331779	0.29754487	0.64991553	5789.8717	99.135877	53.647759	-0.2765937	0.58997009
4331	0.23930215	0.3681551	0.59482758	571.47493	10.79008	9.6101705	-0.66890392	0.041170034
4332	5.1779043	-1.0020638	2.0940527	1824.1975	33.811355	13.737076	-0.47686457	-0.061141146
4333	3.6356436	0.59111137	0.68955238	2313.1497	34.72637	17.34047	-0.025724736	-0.1531864
4334	0.7955438	-0.89779137	0.82571883	2026.9763	34.046321	23.662841	0.010566679	0.18828444
4335	3.1294069	-0.40248244	2.4958914	250.6143	2.4765816	1.4704027	0.014720851	0.18949604
4336	2.0581502	0.20641276	2.4720319	3641.9919	71.815767	57.690879	0.0019273944	0.70959516
4337	3.4263158	-1.1776261	0.8090608	4488.6528	106.12362	86.974604	0.022521997	0.39955963
4338	4.0190425	0.18331698	0.47987462	190.2477	2.3604741	1.2834463	-0.04800252	0.012879285
4339	0.29575076	-0.036955631	1.9790624	2783.8663	54.310675	46.306987	-0.26180795	-0.16835236
4340	2.8401633	-1.0038683	1.8299351	3405.691	65.016258	26.473303	0.18147016	0.0067416403
4341	0.02656471	0.46795362	2.2894582	3007.9491	48.065321	19.507552	-0.15286738	0.47685952
4342	0.57863446	0.36303618	2.6878809	373.55472	2.4139554	2.3836181	0.21928428	-0.0056063432
4343	3.6046487	0.67879724	2.9384361	3046.5204	36.640919	36.019115	0.21610243	0.35421905
4344	5.4592227	-1.1258672	0.57045451	5094.0473	76.253006	57.898938	-0.27232337	0.071826737
4345	4.6835563	-0.035174561	1.8383801	1132.576	79.078659	73.583958	0.010414571	-0.077062389
4346	6.0732538	0.61019543	1.2589426	755.8932	41.775606	12.738715	-0.02143568	0.63341404
4347	5.4985859	-1.2754716	2.2285772	1477.3684	21.234353	17.454167	-0.22507123	0.011931761
4348	0.88932194	-0.93281514	0.59505811	3327.3291	30.939924	21.849962	-0.15643316	0.17918286
4349	2.1635381	0.65316792	2.0960685	6804.0506	124.63743	82.39401	0.0033445753	-0.24210445
4350	3.2702371	0.76770812	2.9670945	1781.2433	21.608096	10.57563	0.04919086	0.088638485
4351	6.2694535	-1.3065505	0.50101086	5416.0518	66.662894	57.8257	0.5842101	0.3090272
4352	5.3951413	-0.52901665	0.9510678	345.93766	9.7494645	8.9999052	-0.4666082	-0.093324989
4353	4.6243874	0.50632061	1.115761	1541.0515	53.805417	31.449601	0.10046968	0.36106376
4354	5.9843241	0.066683478	2.4788043	1816.792	17.953043	10.897508	-0.14538134	0.18873679
4355	1.9261738	0.35303212	2.3558226	638.99449	10.774044	9.2234064	-0.72611698	-0.21194096
4356	5.8371734	0.50527228	2.3680251	3630.4496	87.318157	78.434294	0.63182489	-0.45509687
4357	1.8877335	-0.37191666	0.54750971	5144.9877	53.864394	32.897498	0.096452612	-0.11331562
4358	5.7651264	0.83413599	0.85832858	2550.2062	49.44714	15.518158	0.015814662	-0.028613451
4359	0.33806114	0.78835178	1.4405626	1772.3998	61.160762	38.532876	0.049036024	-0.01491541
4360	2.3365371	0.66780616	0.61405509	1829.0709	20.776376	14.320807	-0.041026926	-0.19081515
4361	4.1054473	0.042670545	0.48794577	5227.0513	120.89644	39.4819	0.29367281	-0.10371234
4362	3.6218913	-1.350866	0.1777851	446.97063	2.0399692	1.7805732	0.066534613	-0.21912491
4363	4.6977618	-0.062858742	1.998632	446.49662	22.88959	8.6555647	0.099709526	-0.038715616
4364	3.9767342	-0.2438913	0.6228127	572.10781	16.338257	7.8160352	0.42494383	-0.18356358
4365	1.5269479	0.90597638	2.2558336	7410.472	113.52979	93.73935	0.58377008	0.27590005
4366	2.7263871	-1.0909262	2.1277567	385.92277	22.280856	19.835498	0.92667786	-0.3059295
4367	3.9921255	0.23460467	2.2279533	935.81973	38.405483	15.720205	0.032181857	-0.28702524
4368	0.88086336	0.35463534	2.6504707	942.39464	15.764509	14.251145	-0.0057402257	0.60277521
4369	3.2652498	0.24206661	0.68904836	992.62635	89.952871	37.581744	-0.49121664	0.025547215
4370	0.34146406	0.60216518	0.57297503	1680.5551	24.296192	8.896298	0.00024463368	0.058776657
4371	3.5686975	-0.5078693	0.85903354	2009.0242	44.006374	24.921219	-0.75784215	0.14078802
4372	3.4510756	-0.21791781	3.045103	3629.6931	53.46489	30.797271	-0.11019752	0.1675463
4373	5.4899399	-0.99559839	2.5361685	6289.7478	114.19423	107.1584	-0.8374978	0.56857427
4374	2.2740237	-0.47367186	2.9051103	838.07502	2.6546757	2.478347	0.064379295	0.27369547
4375	4.1299554	0.011889266	2.5488536	4191.0368	74.508493	73.796915	0.28519244	-0.49695732
4376	4.7436843	-0.64917236	1.9748435	3650.7338	62.008656	54.811416	0.23803245	-0.088548528
4377	0.010016248	-1.0668877	0.34802521	2944.3757	54.354093	44.52104	0.032866706	0.25742054
4378	1.9941768	-0.55789816	2.2168919	1566.5874	27.80515	20.526403	0.17841778	-0.29114712
4379	1.4028928	0.96094012	1.0200883	257.80842	2.444314	2.3013429	-0.21959632	0.30604237
4380	5.9537194	-0.51177781	2.3616544	639.81386	9.1005203	8.1448223	0.41650785	-0.017863057
4381	3.2054979	-0.63172534	2.2825293	1021.4081	39.374904	18.59249	-0.45373361	-0.1552916
4382	3.7042239	-0.11174249	0.29524274	2716.7823	57.864052	56.541574	0.063164099	0.28431357
4383	1.818577	-0.80621992	2.741163	3163.6153	65.850171	34.754388	0.0094192449	-0.41056366
4384	4.6691818	-0.83290763	2.2000666	1393.8503	57.630321	35.405645	0.61154958	-0.53609661
4385	4.1316134	-1.309454	2.3663624	884.96375	37.410928	35.054888	-0.76230241	0.4454829
4386	2.7212356	0.80058601	2.2974456	2551.945	32.681228	24.165623	-0.043002139	0.065745899
4387	2.9114802	-0.061287578	2.5339281	1321.1453	25.596257	24.43642	-0.050387966	-0.026760409
4388	6.0650892	-0.16443921	0.47481014	1278.0512	13.779651	12.916585	-0.59188667	-0.25207775
4389	2.8383365	0.83467455	1.6065153	1255.1967	72.521993	36.301927	-0.088417566	0.0067963923
4390	0.68669431	1.0426724	0.64354578	205.78922	1.4230282	1.2508676	0.0086777688	-0.32480651
4391	3.8355288	-0.72851336	0.80295694	3762.9774	44.698017	40.249015	0.48052968	0.68376636
4392	1.0055283	0.55860443	1.2887235	2464.0038	74.858726	71.140811	0.12358847	0.35953231
4393	3.4293525	-0.76468495	2.2238242	3394.1711	77.128438	71.355582	-0.15550362	-0.048782791
4394	5.4507126	0.064220442	0.8944702	746.94557	29.652568	8.4480991	0.016532733	0.017527846
4395	3.6845707	-1.1657453	0.60876125	1262.9901	10.640873	9.1145849	-0.023748593	-0.74430951
4396	0.57642768	-0.37011919	2.6609788	9469.3468	63.592117	62.571014	-0.087332801	0.29437615
4397	2.4103318	0.032346073	2.082418	223.69849	1.8668492	1.8663319	-0.022004835	0.13944129
4398	4.7045884	0.25944516	2.4811119	1389.8172	35.765362	13.417983	0.33727897	-0.048247592
4399	5.1428245	-0.39206089	0.73656856	553.67974	44.913714	44.91109	-0.338666	-0.05085935
4400	3.8371258	-0.18430965	0.90155416	804.92152	11.099509	8.5887285	0.0039540041	0.054426097
4401	3.1065044	0.25702003	0.80913813	2768.0127	45.991232	42.647153	-0.17325869	0.08354172
4402	1.5801111	-0.87706795	0.36525549	555.87293	3.0425785	1.8012858	0.11240962	-0.05445247
4403	5.0539216	-1.1989587	0.52194259	2306.4103	45.176097	22.264826	0.13828834	-0.073992243
4404	2.6981289	0.82491821	2.631621	502.20667	2.665432	1.4865599	0.27641312	-0.036798112
4405	2.1786253	0.032241771	2.5471194	3751.3689	59.403279	34.774619	0.0012675798	0.61700318
4406	1.2642835	0.62370545	0.47126144	1009.6161	21.704391	8.1355743	0.0070904502	0.90160496
4407	0.26188596	0.91813497	0.72546109	1566.2537	46.187784	33.272472	0.033372803	0.59526437
4408	1.0702345	-0.42930129	2.4675963	3033.3715	19.972932	17.142238	0.27746724	-0.075208065
4409	3.5877035	-0.21593658	2.7775605	3567.9987	59.739478	39.113272	-0.19753938	0.002138119
4410	1.410248	-1.0641826	2.4308374	1615.9626	54.980271	48.792898	-0.049283735	-0.89857272
4411	3.2549101	-0.052311947	2.3278524	2558.3747	71.272038	29.59855	0.19262433	0.016992095
4412	2.8806706	-0.68809698	0.26409697	3534.2289	37.91622	26.483292	-0.0057130455	-0.163301
4413	1.9808358	-0.56668049	2.1611787	2993.4638	80.810421	53.685253	-0.039266087	-0.011137105
4414	1.743792	-0.96169592	2.1990415	3270.4834	38.774245	36.098257	-0.0070037473	-0.32169688
4415	4.1584626	0.79659223	1.0959186	183.63827	1.8107284	1.4124507	0.049780761	0.014943702
4416	4.2723454	1.03131	1.2719868	1281.1789	37.084965	22.844279	0.44498454	-0.090494282
4417	2.5961369	0.0044625647	0.21009733	14008.635	120.92567	109.20339	0.034924181	0.53562502
4418	2.3194519	1.2255822	0.33246764	2357.2448	50.268031	34.187253	-0.55963588	0.14186793
4419	5.7714001	-0.57100416	2.7279936	2289.8065	36.820333	9.2938079	-0.08336468	-0.052724495
4420	1.1786507	-0.65534444	0.60486145	1352.683	37.522647	31.902292	-0.10421662	0.13898239
4421	0.50832811	0.22989719	2.711735	1160.9488	24.348987	20.823985	0.11558776	0.10589066
4422	1.0644017	-0.4459456	0.9486103	1568.3389	43.929787	14.992428	0.11577957	-0.1807918
4423	2.299158	1.0623838	0.35634211	13068.485	131.71496	93.717533	0.091210265	0.39244369
4424	1.2284181	-0.64473472	0.24279289	3449.1414	73.676335	52.403248	0.078071592	0.44800496
4425	2.1835854	0.24457548	0.99323745	1275.5031	15.802349	10.231081	0.28372271	-0.023479073
4426	3.1228461	0.041783143	0.43451474	342.34017	2.1594576	1.8070895	0.0058215205	0.055169268
4427	3.6654508	0.67689181	0.17810438	1394.914	39.794834	26.97363	-0.359602	0.44782869
4428	6.0600509	-1.3075427	1.6555329	849.70137	26.213989	24.993372	0.063050646	0.03835521
4429	3.7834481	0.72126824	2.6466691	2046.046	49.010986	21.708936	0.44860877	-0.17937445
4430	2.8645697	-1.1084269	0.62792792	257.28507	2.5325498	1.9198499	0.043817572	-0.1886488
4431	5.9482054	-0.50894133	1.9299893	229.21231	2.6367864	1.3705057	0.020672314	-0.059038968
4432	6.2713994	0.55567	1.5748236	346.64831	14.37992	12.193963	-0.37913395	0.099647813
4433	0.79327792	0.24325041	1.9760788	797.34896	32.825906	18.307341	-0.03567734	0.51360032
4434	5.4425323	0.94283477	1.2628195	1911.3163	29.51896	25.81837	-0.025081537	0.72472333
4435	2.3167829	0.18881625	2.9701183	6156.9039	53.294045	39.639042	-0.18794819	-0.16029131
4436	0.91508713	-0.2855496	0.65629353	2069.4249	45.907434	22.97674	-0.30560713	-0.17769004
4437	5.5713375	0.77180556	2.2306044	9263.4382	75.117853	68.716548	0.87294464	0.24629338
4438	3.5235569	-0.16710398	2.5349308	564.59125	19.947314	8.8342484	-0.47960019	0.09685559
4439	1.495154	-0.13026986	1.4684984	2002.6168	48.070106	33.531409	0.0039330811	0.1281664
4440	2.4662843	-0.3047765	1.7788425	729.63261	85.834541	15.068435	0.088052579	0.083186782
4441	0.70485626	-0.3014558	2.7195296	1978.5823	11.988171	8.7217942	-0.090448202	0.10104098
4442	2.4378351	-1.0297269	0.619577	1204.2686	45.874134	25.111187	-0.064817317	0.69088309
4443	3.1195173	-0.036790043	2.1054052	3063.2391	55.821342	52.738268	0.83345583	0.49929389
4444	2.8846758	-0.0082391859	0.69473275	3639.9883	71.85702	57.746503	-0.1890844	0.099242632
4445	4.6010964	-1.047488	2.205876	1033.3345	19.780504	15.94418	-0.89418642	0.52225605
4446	4.7522698	0.20316661	0.58656812	2242.6453	28.725848	28.556357	0.778313	-0.45030129
4447	4.4133102	-1.0231085	2.5921561	3085.5692	57.208655	24.547179	0.0062559184	-0.39090245
4448	5.7474158	-1.4945759	1.1210999	1325.704	47.570969	22.198212	0.010166188	0.037889259
4449	2.1220249	1.3127553	2.9860519	2201.0693	31.400868	18.660514	0.028227332	0.10432097
4450	0.9119306	1.15084	0.6761786	498.59469	2.7828473	2.0806423	0.45772054	0.015368312
4451	6.061439	0.37072478	2.598165	237.18703	1.7842851	1.2402064	0.0065164824	-0.0050442127
4452	1.0998627	0.72534757	1.491734	1340.598	37.629534	22.507031	0.15896889	0.46023285
4453	4.7274524	-0.96463768	0.54313498	6125.7986	135.38401	118.56975	0.024504394	-0.31651072
4454	6.1218104	-0.099600215	0.27632789	829.42203	15.681733	14.418824	0.0075723007	0.0049925344
4455	4.1074478	0.30914246	2.6907279	4160.2236	76.43651	25.959648	-0.021336255	-0.013727587
4456	0.86780914	0.20265536	0.93395826	1480.6384	53.905884	18.942156	-0.033687555	-0.13732143
4457	6.2723342	-0.29429137	2.6263412	4229.2597	57.562699	42.770484	0.070694184	-0.41129079
4458	5.3949229	-1.005436	0.96987954	1203.166	29.003416	21.408081	-0.27162981	-0.38923059
4459	4.2075962	0.3013303	0.7065013	2129.7045	40.060076	39.42047	0.21878144	-0.23310962
4460	2.3385637	-0.86584959	2.5005171	5900.8718	76.118773	66.488073	0.59763081	-0.030270743
4461	3.471048	0.60300415	2.7141709	3892.1793	39.169936	31.778165	0.3597955	0.57177951
4462	2.9087316	0.37028248	2.0734437	419.59577	2.7797502	2.6170847	0.38013795	0.025345107
4463	2.9959081	0.21476512	2.6485894	382.21512	1.6017941	1.460336	0.0026407377	0.12887608
4464	2.863457	-0.64098079	1.4483422	1038.324	28.397652	25.683678	-0.26402008	-0.012106164
4465	0.68476468	-0.67255606	1.9105175	3782.3894	59.067918	52.081698	0.31717275	-0.16658273
4466	1.3458627	-0.60968787	0.52796174	489.27256	10.515049	7.7681504	0.028968739	-0.34165117
4467	1.4514838	-1.0751742	3.1229155	2299.7402	33.793542	29.581576	0.13560512	-0.26826235
4468	2.9209415	0.20265218	1.6976795	2709.8376	56.204227	37.32003	0.14588705	-0.068775813
4469	6.1963032	-0.71149485	1.0370985	1413.6147	60.361784	50.834276	0.47241433	-0.12262971
4470	5.9724862	0.5975657	0.39778967	5217.0982	55.90283	40.595627	-0.93765941	-0.32974125
4471	3.2851744	0.67198561	0.42320426	2094.8929	18.623238	16.562052	0.18322786	0.054162651
4472	1.1667365	0.10106063	1.8907573	758.40063	50.549834	42.535373	-0.53763602	0.47366634
4473	0.08664585	1.2192706	0.5846039	372.23789	1.8844515	1.713036	0.087659517	-0.18853478
4474	5.9456222	0.26041334	0.24842601	2189.9994	22.532143	16.949341	0.37864093	-0.15608729
4475	4.8043351	-0.92055074	2.0055597	1999.6535	40.825347	29.190252	0.73839984	-0.73370406
4476	4.6943744	0.16079764	0.51152961	3389.0099	68.473324	62.333838	0.10763559	0.38923537
4477	4.710615	0.64063983	2.5625282	2294.3198	44.818449	39.51656	0.32797451	0.047721783
4478	4.6974295	0.57795604	1.8573421	296.96748	13.607152	12.056139	-0.0025887935	0.64539699
4479	3.6426857	0.3273376	0.63153193	173.93027	2.3910931	1.5009317	0.027119908	-0.046835017
4480	2.2959064	0.58002919	2.7845711	324.17767	2.8149994	2.6431383	-0.47836702	0.094771303
4481	6.1636299	-1.1847497	1.8845393	2631.0889	52.978484	41.127659	-0.0087146188	-0.052455539
4482	1.1465126	0.70626023	2.5211267	1202.3727	15.721443	13.367491	-0.67578299	0.16496155
4483	4.8974562	-0.53160421	0.51626505	413.8705	29.374636	15.752536	0.29896958	0.20240044
4484	0.55389176	-0.65611139	1.7499818	881.78144	46.282645	18.386912	0.013316448	-0.34414547
4485	2.3699674	1.0040775	2.0883033	3050.061	77.485296	45.136673	0.58984414	0.57204373
4486	3.2122707	0.82825329	2.6636915	3086.9914	24.568033	16.719066	0.38903921	-0.0087459746
4487	6.1238151	-0.52633463	2.5355937	156.73386	1.5042408	1.5018807	0.013917184	0.21441225
4488	1.8629006	-0.87357141	2.6909771	1714.2471	31.721038	27.212733	0.30384675	0.19621027
4489	4.7677929	0.61719799	2.815768	6563.0664	89.490212	41.533112	-0.66643271	0.0071506705
4490	4.5723797	-0.012052676	0.33997041	614.05039	16.831761	2.8194027	0.14244677	-0.031617416
4491	1.5677931	0.052536526	1.9457247	713.14718	39.930448	39.005633	-0.41798877	-0.019006507
4492	3.8779914	-0.14873128	2.5217293	3704.5146	64.347173	30.740706	-0.29892915	-0.75429668
4493	5.9422985	-0.68250335	2.4445564	105.509	1.8156287	1.6742261	0.058731688	-0.0315029
4494	2.7667197	0.1385758	2.473125	1942.0018	23.30925	9.7775238	-0.14712888	-0.51102825
4495	1.6306038	-0.53951948	0.12072558	7532.0087	96.15606	59.470373	0.21620162	0.61723445
4496	1.3214947	0.39200267	2.4942018	1018.983	12.951637	8.9647905	0.011599405	-0.4691238
4497	2.7380873	0.24722706	2.3449933	5826.4898	61.910975	59.95269	-0.078498757	-0.028036631
4498	1.7757096	-0.83637011	1.9402567	637.10414	12.974593	8.8651072	-0.017711267	0.20931215
4499	0.95810146	-1.0682441	0.60551353	7071.517	96.43187	96.271998	0.024930832	0.13667408
4500	0.80341153	0.46434529	1.0018445	1467.4316	34.681139	30.02616	-0.013761941	0.016026236
4501	0.78568167	0.20771605	2.3928136	171.88201	1.917924	1.6206824	0.020186557	-0.016980072
4502	1.8719347	1.140931	2.1405945	982.67567	19.375863	18.423266	0.55305973	-0.044154163
4503	4.0032552	-0.53149358	2.7068087	449.62752	2.9420623	1.681267	-0.42977246	-0.02553987
4504	2.4768046	-0.84350829	0.08038919	281.26116	1.4608593	1.3629788	0.098708122	-0.038210709
4505	4.720035	-0.23916014	0.97350576	1550.1425	75.913222	48.553403	0.10020835	0.590287
4506	3.7888012	1.4469808	3.0462702	1152.9616	8.5647596	7.7906561	-0.10831062	0.070969566
4507	0.26249818	-0.7803095	1.174201	7448.4256	75.180063	54.734781	0.018393118	-0.31510025
4508	0.63132581	0.073347227	2.8513854	2159.036	49.43382	21.349756	0.38565885	0.051235396
4509	1.1127511	0.15595966	0.6816133	1689.5192	45.364798	11.689521	0.13140268	0.23992557
4510	4.0041644	-0.77392922	1.7125065	1082.8275	72.338654	62.088578	-0.016858988	-0.36087258
4511	0.68092574	0.46805348	3.039845	1401.6342	86.627619	68.540373	-0.13349302	0.091232604
4512	5.2173448	1.2991299	1.3015401	1117.4507	9.5530901	8.8970778	0.15349514	-0.017966023
4513	3.8544304	0.72047662	2.3020331	346.25724	2.6735441	2.3439802	0.035333325	0.039219902
4514	0.003251165	-0.27723877	0.64750457	699.20858	23.665732	10.982289	0.40489053	0.086139506
4515	2.9120821	-1.0996468	0.55068105	2508.6566	16.574352	16.529203	-0.15308311	-0.18141869
4516	3.6306924	-1.311433	0.54096002	5979.2415	85.966733	60.686534	-0.39412742	0.088520281
4517	2.4522417	0.19535598	1.4587591	1243.6004	52.435779	47.488475	-0.40883749	-0.40652488
4518	5.6039683	0.71980675	2.6992411	4899.2404	39.974304	32.815778	0.0091050252	0.77901481
4519	1.1492224	-0.23368185	0.61635539	2147.1777	37.078829	25.478688	-0.11111728	0.055659553
4520	6.1717168	-0.18862692	2.7958338	2724.0718	28.485159	27.515677	-0.062424861	0.2088018
4521	3.379295	0.77310766	2.6569608	2401.6509	51.191951	50.494443	-0.00042298283	0.44515006
4522	3.5450108	0.72142034	2.1243367	356.81262	1.7972237	1.6637474	-0.030359187	0.0073061978
4523	4.0080529	0.40731599	0.97326042	1511.5444	65.442345	41.615332	0.17672434	-0.55926212
4524	4.1572	-0.58196044	1.662492	1745.1485	53.271591	30.84705	-0.089200277	0.015336763
4525	4.46637	0.12368119	0.60947897	3111.211	68.488415	56.329988	-0.04992071	-0.10424633
4526	3.582308	-0.60197528	2.5900281	4669.7309	22.616188	21.405598	-0.24882406	0.43881214
4527	2.5493787	0.65612952	2.8382356	289.70422	2.2870147	1.5980195	0.2385826	-0.27964897
4528	4.2911559	-0.53264745	1.8886188	2475.939	48.552931	42.878913	0.34392895	0.2647059
4529	1.7018262	0.77188542	0.53625127	2245.239	45.975522	15.491004	-0.062707942	0.020675458
4530	5.9137531	-0.25635396	2.553097	986.74523	74.583979	57.964395	-0.050455563	-0.39689876
4531	3.5920804	0.46861778	0.39805675	8986.7637	110.50663	56.292213	0.018209021	0.36296523
4532	0.42295865	-0.36607917	2.861524	360.7409	2.2693415	1.4507557	0.0031743635	-0.15684597
4533	5.5987852	1.2189171	0.54085993	1314.2016	93.65174	84.047595	-0.19521731	0.15008685
4534	0.33401772	0.33661605	1.2802983	3609.7162	103.6579	64.96082	-0.12429575	0.39875875
4535	3.5218369	-0.3441541	2.5337143	527.87588	17.461263	3.1423492	-0.43892837	-0.52344292
4536	1.2308286	-0.14199838	0.66939414	1516.7148	14.803315	14.097777	0.4833098	-0.58148346
4537	2.1388847	-0.018886313	2.3263917	4723.0252	59.789257	36.869941	0.078693729	-0.69229812
4538	6.2357873	0.87976766	0.97693364	851.83758	37.025807	13.655071	0.038764424	0.019799992
4539	0.18178029	0.76886855	2.2575374	3100.974	30.551283	29.74034	0.22227054	-0.18392535
4540	4.0404392	-0.47716927	2.5976548	1747.1884	59.966667	56.857915	0.13017022	-0.061211725
4541	3.2672946	-0.73491397	0.65764384	2726.4434	41.378822	26.052533	-0.46596744	0.25587965
4542	3.4421926	-0.79464269	2.4618974	848.31679	29.54772	29.024515	0.63658242	-0.43922379
4543	2.9265496	-0.26172739	1.6589101	996.16974	16.816037	13.772324	0.088227246	-0.044477394
4544	1.0154617	-0.089551948	0.59678637	1190.4307	18.548745	9.4958827	0.28950532	-0.28219747
4545	6.1015459	0.96890125	2.6458485	434.3124	2.9411694	1.6552477	0.17208387	-0.018437631
4546	5.4895411	0.36487364	0.27867808	2411.5799	27.506726	12.864062	0.065606164	-0.078377792
4547	3.3862212	0.16032833	2.8373009	1614.5606	39.494876	19.020453	0.034772874	0.25323708
4548	4.9911345	-1.2422623	2.7980672	331.17872	12.345379	6.7145581	-0.24360622	-0.10292305
4549	3.0908645	-0.11293894	2.851414	8871.4565	99.67468	85.534226	0.31298737	-0.26972329
4550	5.9303913	0.29467038	2.2239189	2347.8271	40.109237	23.411774	0.026141957	0.010327823
4551	4.3918173	-0.18938468	1.8170177	118.04077	1.6565351	1.5238432	0.10577622	0.12318312
4552	3.9575439	1.3021434	2.8250993	2878.3262	131.65672	26.696975	-0.022931199	0.029535331
4553	4.8795146	-0.64570653	0.37802047	6738.1537	62.405002	52.830689	-0.34176205	0.32083268
4554	1.947176	0.5968411	1.4456941	3338.6027	51.970221	48.907584	0.030786736	0.06876626
4555	6.2018357	0.797348	0.86784045	2578.973	35.97071	12.501772	0.11814848	0.017563362
4556	5.8880565	-0.56708908	0.64644745	1647.2947	29.98917	10.147409	0.23148235	0.15504292
4557	5.3012842	0.10909924	0.96141883	1100.102	36.731984	9.7554166	-0.32140008	-0.080874487
4558	6.2103904	-0.82205952	1.1018751	1383.7047	36.189541	27.404866	-0.71945611	0.8088818
4559	6.2487345	-0.48842295	1.3128774	2213.2452	100.63253	62.838672	0.7012723	0.021484627
4560	3.8506241	-0.06274242	0.50536241	1095.4426	54.464166	49.045459	-0.35240596	0.10183282
4561	3.3014521	-0.51981688	0.40594157	3810.6606	62.595388	27.820411	0.083945441	0.71493743
4562	6.2527352	1.0232675	0.57697449	5757.4576	49.12225	29.991379	0.17501252	-0.11673497
4563	1.5161764	-0.83679867	0.43759897	3605.5895	27.681989	16.37287	0.63987329	0.011624692
4564	5.927792	-0.11390725	0.94203708	1402.4314	21.688617	13.797515	0.59588301	0.80314936
4565	3.0087441	0.16353608	2.6898232	305.14031	1.9037793	1.625836	0.086316258	-0.013103726
4566	1.9036867	-0.4294883	1.0809467	1715.0898	26.55342	21.859167	-0.28867466	-0.74541481
4567	3.1214195	-0.91839876	0.80056101	1917.3781	56.949068	49.376071	0.46306766	-0.35416127
4568	4.9343161	0.10930398	2.1778581	1546.6513	86.536395	42.534889	0.091150491	0.018710722
4569	4.9124182	-0.77897956	0.71622902	1765.875	53.965487	50.329127	0.019341882	0.040759557
4570	4.4616587	1.0305576	0.32546345	1088.7914	22.553154	9.8136132	-0.70770332	0.036492275
4571	4.0279221	0.084315419	2.640686	2520.1222	41.41931	23.997997	0.56649904	0.014226547
4572	2.6827352	0.1767356	0.27478866	569.12576	1.770442	1.5836315	0.023449756	0.042018121
4573	2.517973	0.24166258	0.56362449	1427.1354	10.718365	9.662857	-0.38892283	0.30222096
4574	4.025793	0.043136734	2.8399044	3883.477	58.299624	51.854657	-0.68022297	-0.25462983
4575	1.9860535	1.3218438	0.78039239	210.2552	2.6919924	1.6008569	0.37721539	-0.1891359
4576	2.3930683	0.48286996	1.3696762	1668.1458	68.954085	62.288127	-0.02544168	0.28063186
4577	0.081212113	0.44846085	2.8296125	4834.7723	78.439982	46.129236	0.59827442	-0.036371826
4578	2.9974762	0.51922223	2.7660204	1283.729	15.732348	11.553571	0.010532124	0.60441655
4579	0.097872069	0.94721666	0.6939592	3932.8882	72.693297	60.840251	0.22927251	-0.055283407
4580	2.6428186	-0.38672005	2.8952647	5348.2313	62.601901	54.920426	-0.38648959	0.6778239
4581	0.88880889	-0.80800753	2.5781862	4786.0636	73.239446	70.171107	-0.13380674	-0.087650896
4582	1.0891397	-0.40146148	1.7747756	1131.2438	29.985449	14.391339	-0.55637226	0.51546174
4583	0.13833559	-0.05712499	0.53837622	2100.9364	49.495843	41.673803	0.03156549	0.32752949
4584	1.5120481	0.0038685652	1.5384346	384.62851	23.497951	12.81086	-0.15851017	-0.31925074
4585	3.586514	-0.29736081	0.70751082	938.94491	14.983678	10.578985	0.015388575	-0.0032452585
4586	2.074161	-0.35413098	2.464585	4219.8248	28.677911	19.602337	0.70890978	-0.15296047
4587	2.847508	0.95537691	1.8443208	895.17869	30.304587	29.792272	0.10121027	0.058477382
4588	0.83779417	-0.094356789	0.61646199	6632.2217	93.407217	55.256661	-0.40812327	0.15333588
4589	2.5368689	0.45382125	1.8941918	3179.9519	68.119077	57.011883	0.22927251	-0.055283407
4590	5.6405656	1.4158373	2.9753911	1972.3737	19.612621	17.619581	0.64233619	0.15608595
4591	6.113584	0.60421197	0.3259594	3954.1351	38.833032	38.591239	0.13046949	0.46700203
4592	5.244774	-0.01352963	2.9208331	4739.2029	111.03207	91.09284	0.17632405	0.58174224
4593	4.2792467	-0.22150081	2.5304556	4115.8629	37.077591	30.476537	-0.043768457	-0.41001925
4594	2.7690602	0.35996588	2.2599785	2988.8372	50.226442	45.980109	-0.41220769	-0.027973914
4595	1.2453392	0.090771068	2.4237774	1092.9914	22.402565	13.626474	-0.10124074	0.65098342
4596	2.8841605	-0.63838764	2.4503707	231.51983	1.3825972	1.2632499	0.012200591	0.27745272
4597	3.5303023	-0.29255823	1.5410249	404.70027	67.547461	19.371532	-0.31681453	0.32102247
4598	4.5138363	-0.42921805	1.0655269	4311.5161	105.58971	82.54728	-0.2237132	0.31856177
4599	6.0927582	-0.58825452	2.8428184	3134.9733	26.464312	12.56897	0.33040466	0.14047896
4600	1.4632743	0.84392156	0.67764611	4639.8424	80.941583	56.728981	-0.2577623	-0.40376928
4601	5.632836	0.076842239	1.9778848	1826.7918	45.600515	43.159182	0.048165677	-0.12968191
4602	6.0523157	0.26847709	0.26790855	1068.0176	31.047601	12.3854	0.17236378	0.066246682
4603	3.3459153	-0.66551095	1.0718386	1945.0907	64.4333	58.517403	0.14854004	-0.48304647
4604	3.0038806	-0.1517822	0.81502736	1380.7361	21.146452	16.924316	0.11169887	0.16346232
4605	3.1934827	1.2696372	0.56850524	2051.231	30.024461	26.441859	-0.10201955	0.045774231
4606	4.6253558	-0.92238536	1.5736808	584.85923	35.587991	15.21457	0.40255841	0.071966756
4607	1.7759651	0.33777863	2.2692069	477.2486	2.5870961	2.2185648	0.14839538	-0.081901687
4608	5.4951191	-0.45966	0.31273795	1236.4406	52.840326	39.800082	-0.48140158	0.25405279
4609	0.74708486	-0.36579063	0.54637033	1787.7955	15.820852	12.542271	0.34622962	-0.0091613012
4610	1.103535	-0.8960493	0.54373829	4081.3685	47.333823	30.568178	0.4607293	0.0019037627
4611	1.63577	-0.21007221	1.3296234	371.54435	33.796352	32.051108	0.082732962	-0.35584189
4612	6.1127249	0.35773112	1.9295425	1998.5304	36.92358	32.23551	-0.003937392	0.1347697
4613	2.6271634	-0.98724469	1.0484885	185.8574	1.4910926	1.1752908	-0.27709621	-0.091861725
4614	6.0810648	0.62718058	1.9798729	1806.6267	40.196402	32.634359	-0.27011382	-0.65063334
4615	0.086287257	-0.018235616	2.1784833	1393.0886	24.695473	16.390243	-0.22416061	-0.097690346
4616	1.6571094	-0.3514903	2.3402835	2048.9008	41.379494	34.689095	-0.42945621	0.1160767
4617	0.69057966	-0.46884729	2.0230744	2193.4622	70.082462	51.836019	0.15046208	-0.45253403
4618	5.6150081	-0.12511388	0.3337275	5127.8825	65.463922	64.992588	-0.18677779	-0.48861935
4619	1.1497546	0.93737407	2.6656017	1925.0524	30.629311	25.493357	-0.83971109	-0.0015199865
4620	4.1725641	1.0380182	0.42475103	1469.8445	95.875619	37.955004	-0.010406239	0.34450006
4621	6.0425944	1.0949111	2.1184743	468.50164	72.558378	20.167475	0.094509772	0.19672568
4622	0.1901802	0.54779935	0.65226219	197.18199	2.4228766	1.314631	0.0080855505	-0.057289673
4623	1.9673862	0.51493371	0.9532127	5707.5769	91.660994	62.201232	0.14705588	-0.4925071
4624	0.5097984	-0.78270924	0.050185843	11501.696	83.470938	70.596561	0.24808757	0.010430556
4625	2.4124864	0.023680634	0.2908845	7485.6821	143.7796	119.7813	0.066573919	0.8908934
4626	4.0709191	-0.094749711	0.7458865	2124.8556	21.943283	14.41216	0.09644855	-0.033997448
4627	1.006282	0.28668791	0.5681962	876.36112	34.184554	8.3725518	-0.055477297	-0.8323608
4628	1.375664	0.56795787	2.7717871	3687.5076	71.461002	69.780606	0.034039076	-0.030460612
4629	3.3855892	-0.11390749	0.50672103	382.22424	24.480714	7.9067739	-0.30982304	0.021710123
4630	0.65213569	0.28780656	2.5272996	1697.6755	30.620926	19.209419	0.8006192	-0.051750468
4631	0.053353036	0.46481449	2.1166484	99.724288	17.646919	9.9607044	-0.15629457	-0.46916627
4632	0.7459264	-0.14878077	1.7134051	185.23859	6.2391023	2.7386234	-0.68358654	0.078929792
4633	3.9272206	1.297791	0.14523166	110.24057	1.6765538	1.1753452	0.093338535	0.2622266
4634	5.7924272	0.39954682	0.60643332	1092.6503	39.31588	29.718363	-0.37836313	0.44767553
4635	1.896242	0.4239258	2.3822617	754.65519	20.846319	18.706801	-0.42090671	0.53906379
4636	4.5475126	-1.159365	2.7235046	2072.9534	61.066079	35.724834	-0.18344752	0.58488426
4637	4.2551104	0.78384222	2.9107618	1705.6322	16.016238	12.29557	-0.16450347	-0.58884285
4638	4.2196358	0.99989883	2.3391337	1619.1396	20.409229	12.441074	-0.36052257	0.19507347
4639	1.7977349	-0.51512403	0.89870882	3163.5154	74.136094	48.084526	0.033154307	-0.35279032
4640	4.5581846	1.091489	0.33585195	293.46833	1.365328	1.2239271	0.091819516	-0.063174739
4641	1.4850847	0.10567541	2.4973324	9055.2137	111.90541	97.066569	-0.068516936	-0.19233236
4642	3.0191639	0.26342327	2.4058824	2368.3437	25.242615	21.003286	-0.30378572	-0.11145669
4643	2.90494	-1.3080475	0.28851414	610.0202	14.998242	10.037426	0.53565123	-0.52214936
4644	1.803403	0.72755717	0.98237826	802.53754	11.048938	9.4463736	0.71298958	-0.065060267
4645	5.8370261	-0.44633149	2.5870887	4005.827	44.03205	31.437147	0.2390069	-0.26016223
4646	4.0045563	0.24013077	2.3282675	3260.1743	73.826683	73.320297	-0.18820236	0.16649291
4647	1.8892158	1.163558	2.1832204	945.97796	53.78332	14.02974	0.27521414	-0.10511635
4648	2.5098499	0.94825825	2.8215942	667.89985	7.2676822	2.1542259	0.31751461	0.076012541
4649	3.3144938	-0.78796654	1.9893816	3708.0914	95.817663	83.023496	0.04215102	-0.20361136
4650	2.3466732	0.37362074	1.6636844	367.49132	12.787396	8.6300845	0.22876665	0.16423939
4651	5.6093901	-1.4764781	1.1212853	632.27056	38.172806	24.121587	-0.35873056	-0.80563606
4652	4.0367554	0.20805789	2.6502066	6896.3841	93.904455	73.550706	0.12100347	0.27399106
4653	0.038339031	0.83175006	0.87710042	209.17006	1.8993219	1.7412	0.056781311	0.31632393
4654	5.0338243	-0.53545024	2.2221401	3065.6748	61.497925	36.786513	0.14773098	-0.26285483
4655	2.2472332	0.84447643	0.60619074	641.82628	25.763487	18.448056	0.37266529	0.16294373
4656	2.6413225	-0.65939057	1.6747131	6540.061	86.193636	76.770539	0.61788878	0.58003665
4657	2.3115142	0.66811672	0.64734708	227.6762	1.8456596	1.3389891	-0.015867535	0.10972263
4658	5.3641565	0.24801324	1.3552574	916.23572	20.324108	20.136545	0.29921494	-0.89680511
4659	4.0009228	-0.34861677	0.72745225	1902.8937	23.703047	22.905392	-0.13532648	-0.20235938
4660	4.8914732	0.20035298	0.329136	2023.417	31.33935	11.49977	0.12901263	-0.75025786
4661	2.7489768	0.72758721	2.404448	1660.6946	18.328809	14.590461	-0.13507524	-0.22635645
4662	2.0218993	0.58164293	1.4823547	1158.9453	30.009162	21.904269	-0.2201968	-0.089184432
4663	1.5053324	-1.0525969	1.3263247	1947.3228	49.23758	26.296434	0.24116009	0.41629942
4664	1.187549	0.17002825	2.7232248	2550.445	43.513264	27.784334	-0.40478625	0.19659486
4665	4.1793983	-0.22420704	0.94077283	1652.5864	52.099455	42.358488	0.014127075	0.45223388
4666	2.7393503	-0.82161759	0.61075018	4151.3903	119.18082	37.267274	0.10751591	-0.3347232
4667	3.6188814	0.13230411	2.8556013	685.49294	8.1247076	6.9173066	-0.022777543	-0.14308929
4668	0.035382302	0.25305958	0.78323402	2173.608	41.063125	16.199025	0.51876066	-0.0026064928
4669	3.6590992	-0.45114109	2.7294124	579.08733	8.2858005	2.3393082	0.15779397	0.089096639
4670	3.3896014	-1.0607761	2.8097224	2492.4061	44.9564	23.531086	-0.15325766	0.32852574
4671	3.8130627	0.28523208	2.6516589	2727.4245	19.776947	16.073062	0.13057333	0.01811223
4672	2.1330219	-0.72832094	0.70525167	2729.4485	59.5725	34.772548	0.11021035	0.15007616
4673	6.0388373	1.0240665	0.49060345	4683.601	65.53701	61.999307	0.65944321	-0.0076895919
4674	4.0106608	0.78938192	2.7763618	1662.2334	63.087422	57.968337	-0.36777135	-0.38047559
4675	1.0503193	0.87066928	0.34984075	5622.5532	71.616492	67.27144	-0.010155626	-0.3892942
4676	2.9072277	0.48071476	1.4760464	2521.1399	89.570797	49.577043	-0.207105	-0.48425724
4677	5.5432039	0.32433295	1.3282403	2098.7797	45.177205	44.354737	0.40120383	-0.02184018
4678	0.49883955	0.92109943	0.46547664	1001.0268	33.650562	17.016224	0.042819068	0.68570386
4679	4.9378334	-0.42484104	2.7170507	3657.4534	44.643053	22.056366	-0.0040320664	-0.29338815
4680	1.5247529	0.067137119	1.5221283	778.07504	31.656392	31.134275	-0.01696829	0.044930467
4681	2.2902897	-0.20863632	0.34939578	494.88554	23.23235	16.681838	-0.12431583	-0.52799482
4682	0.89790359	0.61928386	2.6911604	1459.7255	10.123376	9.2384081	-0.0014976456	-0.07184732
4683	1.2487103	1.357644	2.809113	5691.5634	46.188344	44.503752	-0.075930806	0.68690809
4684	2.0628516	-1.3483681	2.5525455	2155.4324	27.181975	17.906898	0.34871557	0.42603896
4685	0.98033921	0.71071535	2.7100298	2803.9833	44.005104	42.960036	0.24614064	-0.20036067
4686	3.7221414	1.2686127	0.4727636	1813.9337	77.90847	52.865457	-0.2293864	0.016453686
4687	5.053408	0.68080427	3.0737931	527.31569	6.7660304	2.1744767	0.19789797	0.010297669
4688	3.2227291	-0.67147722	1.1720892	1315.6992	82.00223	68.290882	-0.45351561	-0.1236963
4689	4.9390252	-0.97947768	2.9652109	1757.3239	22.356053	16.27568	-0.0088001794	0.13580884
4690	4.1744538	-0.60775142	1.1235686	989.67502	31.704482	23.348764	0.22338138	0.18426576
4691	5.7811365	0.082975147	1.8269121	1737.5602	28.644402	27.930071	0.083881686	-0.36218921
4692	4.070768	-0.66588486	2.1743903	1158.4547	13.779168	8.5965357	0.15469993	0.33643388
4693	2.8444154	-0.98968586	2.8781087	433.40924	2.3285395	2.3008556	0.068232044	0.011319581
4694	5.1735201	0.035182047	0.61515054	4233.3172	78.37557	77.686204	-0.030182257	0.15383305
4695	2.2970169	-0.85721316	2.1812837	3015.5989	47.211114	40.277419	0.26881703	0.13134655
4696	0.071177014	1.2365404	2.3658095	4916.0033	151.59535	109.49364	0.57177479	0.14552911
4697	0.99645541	-0.18316147	0.68009912	982.27887	30.741188	19.078439	-0.052852327	-0.72572477
4698	2.5331635	0.28000665	2.5889856	3576.3325	55.06986	22.819189	-0.028523513	0.071203885
4699	1.2146602	0.61816464	0.1941197	6496.0246	96.429927	58.877859	-0.39513182	-0.16654821
4700	4.497472	-0.678748	2.3654302	4909.3584	50.862736	50.474078	0.40169749	-0.29838486
4701	6.0327614	0.74959309	0.64051989	7491.1609	144.62988	101.06359	0.058105417	-0.63802638
4702	2.5544458	0.047182696	1.1590011	4113.075	60.833389	31.768141	0.5575862	0.3055409
4703	3.4789455	-0.72245487	2.0367617	1123.3529	14.492463	12.712233	0.34846647	0.18734392
4704	3.2720819	-0.59699367	1.0981338	156.89586	1.6283051	1.4033874	-0.12308429	0.11054966
4705	5.9501626	0.73847052	2.350906	2138.8904	40.419596	38.082982	-0.015269922	-0.065128023
4706	6.2809468	1.1628442	2.2767616	637.05271	15.784074	9.5056664	-0.08841045	-0.03135334
4707	5.3936683	0.86405284	2.8679286	951.74924	20.805615	10.117963	0.014269237	-0.29906474
4708	0.56470848	0.39144873	2.4707126	952.99273	42.919482	38.322165	0.2128854	0.32682104
4709	2.4403282	0.9524459	0.59734947	3696.0878	48.655495	42.520955	-0.14793016	0.035121718
4710	4.1244786	0.29904194	0.87845788	3347.6213	30.457104	30.091856	0.75338845	0.34696057
4711	2.0998548	0.92618516	2.9250877	1361.4045	54.194794	36.398727	-0.20839495	-0.2332105
4712	5.2655187	-0.20153849	1.2223892	722.46156	32.606807	17.79	-0.23547461	0.74423472
4713	2.2004543	-1.2453036	1.3492042	2740.4117	33.731405	33.265068	-0.015550968	0.15907933
4714	6.1844283	-0.72093209	0.49080313	1179.8882	14.786013	13.015164	-0.42121201	0.316014
4715	0.92721457	-0.99798704	2.4560988	4030.4519	57.611441	40.755873	0.52013673	0.108651
4716	4.3475388	-0.035111052	0.62487141	5301.1574	71.839914	56.520067	0.017556078	0.0058123827
